-- MySQL dump 10.13  Distrib 8.0.26, for Win64 (x86_64)
--
-- Host: 127.0.0.1    Database: brushtopic
-- ------------------------------------------------------
-- Server version	8.0.26

/*!40101 SET @OLD_CHARACTER_SET_CLIENT=@@CHARACTER_SET_CLIENT */;
/*!40101 SET @OLD_CHARACTER_SET_RESULTS=@@CHARACTER_SET_RESULTS */;
/*!40101 SET @OLD_COLLATION_CONNECTION=@@COLLATION_CONNECTION */;
/*!50503 SET NAMES utf8mb4 */;
/*!40103 SET @OLD_TIME_ZONE=@@TIME_ZONE */;
/*!40103 SET TIME_ZONE='+00:00' */;
/*!40014 SET @OLD_UNIQUE_CHECKS=@@UNIQUE_CHECKS, UNIQUE_CHECKS=0 */;
/*!40014 SET @OLD_FOREIGN_KEY_CHECKS=@@FOREIGN_KEY_CHECKS, FOREIGN_KEY_CHECKS=0 */;
/*!40101 SET @OLD_SQL_MODE=@@SQL_MODE, SQL_MODE='NO_AUTO_VALUE_ON_ZERO' */;
/*!40111 SET @OLD_SQL_NOTES=@@SQL_NOTES, SQL_NOTES=0 */;

--
-- Table structure for table `ai_history`
--

DROP TABLE IF EXISTS `ai_history`;
/*!40101 SET @saved_cs_client     = @@character_set_client */;
/*!50503 SET character_set_client = utf8mb4 */;
CREATE TABLE `ai_history` (
  `id` bigint NOT NULL AUTO_INCREMENT COMMENT '历史id',
  `title` longtext CHARACTER SET utf8mb4 COLLATE utf8mb4_unicode_ci COMMENT 'ai标题',
  `content` longtext CHARACTER SET utf8mb4 COLLATE utf8mb4_unicode_ci COMMENT 'ai内容',
  `user_id` bigint DEFAULT NULL COMMENT '用户id',
  `account` varchar(30) CHARACTER SET utf8mb4 COLLATE utf8mb4_unicode_ci DEFAULT NULL COMMENT '账户',
  `create_time` timestamp NULL DEFAULT CURRENT_TIMESTAMP COMMENT '创建时间',
  `update_time` timestamp NULL DEFAULT CURRENT_TIMESTAMP COMMENT '更新时间',
  `chat_id` varchar(255) CHARACTER SET utf8mb4 COLLATE utf8mb4_unicode_ci DEFAULT NULL COMMENT '对话id',
  `status` tinyint DEFAULT NULL COMMENT '1.提出面试题 1.评估答案 ',
  `parent` tinyint DEFAULT NULL COMMENT '1是父层级',
  `mode` varchar(10) COLLATE utf8mb4_unicode_ci DEFAULT NULL COMMENT 'system系统模式 model模型模式 mix混合模式 ',
  `original_title` text COLLATE utf8mb4_unicode_ci COMMENT '原始题目',
  PRIMARY KEY (`id`)
) ENGINE=InnoDB AUTO_INCREMENT=398 DEFAULT CHARSET=utf8mb4 COLLATE=utf8mb4_unicode_ci COMMENT='ai历史表';
/*!40101 SET character_set_client = @saved_cs_client */;

--
-- Dumping data for table `ai_history`
--

LOCK TABLES `ai_history` WRITE;
/*!40000 ALTER TABLE `ai_history` DISABLE KEYS */;
INSERT INTO `ai_history` VALUES (220,'Java基础','### 【Java基础】专题 💡\n\n## 面试题目：\n**Java 中的基本数据类型有哪些？**\n\n> ✨ 你可以的，相信自己！',1,'admin','2025-05-08 11:33:06','2025-05-08 11:33:06','92c6941d-a9f6-4317-8f74-b5ef09d71864',0,1,'system',NULL),(221,'Java 有8种基本数据类型：\n\n整型：byte（1字节）、short（2字节）、int（4字节）、long（8字节）\n浮点型：float（4字节）、double（8字节）\n字符型：char（2字节）\n布尔型：boolean（值只能是 true 或 false）','### 评估信息：\n\n**准确率：优秀（90%-100%）**\n\n你的回答非常完整，涵盖了 Java 中所有的 8 种基本数据类型，并且对每种类型的字节大小和特性也进行了正确的描述。以下是具体评估：\n\n1. **准确性**：\n   - 你正确列出了所有基本数据类型：`byte`、`short`、`int`、`long`、`float`、`double`、`char` 和 `boolean`。\n   - 对每种类型的字节大小和用途的描述完全正确。\n   - 特别是提到 `boolean` 的值只能是 `true` 或 `false`，这一点非常重要，体现了你对细节的关注。\n\n2. **表达清晰度**：\n   - 表达逻辑清晰，结构分明，按照整型、浮点型、字符型和布尔型分类说明，条理清楚。\n   - 使用了简洁明了的语言，易于理解。\n\n3. **完整性状态**：\n   - 回答内容完整，没有遗漏任何关键信息。\n   - 对每种数据类型都提供了足够的细节（例如字节大小），并且明确指出了 `boolean` 类型的取值范围。\n\n### 总结：\n你的回答表现非常优秀，准确率达到了 100%，无需改进！继续保持这种细致和全面的学习态度。\n\n> 请输入\'**继续**\'或者输入新的**题目类型**',1,'admin','2025-05-08 11:33:54','2025-05-08 11:33:58','92c6941d-a9f6-4317-8f74-b5ef09d71864',1,0,'system',NULL),(222,'Java基础','### 【Java基础】专题 💡\n\n## 面试题目：\n** Java 中的线程有哪些状态？**\n\n> ⏳ 时间会证明你的坚持！',1,'admin','2025-05-08 11:33:58','2025-05-08 11:33:57','92c6941d-a9f6-4317-8f74-b5ef09d71864',0,NULL,'system',NULL),(223,'阿斯顿发斯蒂芬几艘大家','### 评估信息：\n\n#### 回答内容：\n用户回答：**阿斯顿发斯蒂芬几艘大家**\n\n#### 准确率评估：\n- **准确率**：较差（0%-49%）\n  - 用户的回答与题目完全无关，未涉及 Java 线程状态的相关内容。\n- **表达清晰度**：较差\n  - 回答内容语义不明，无法理解其意图。\n- **完整性状态**：不完整\n  - 没有提供任何与 Java 线程状态相关的信息。\n\n---\n\n### 改进后的回答：\nJava 中的线程有以下六种状态（根据 `Thread.State` 枚举）：\n1. **NEW（新建）**：线程对象被创建但尚未启动（即未调用 `start()` 方法）。\n2. **RUNNABLE（可运行）**：线程正在 JVM 中执行，但可能在等待操作系统资源（如 CPU）。\n3. **BLOCKED（阻塞）**：线程被阻塞，等待获取一个监视器锁以进入同步块/方法。\n4. **WAITING（等待）**：线程无限期等待另一个线程执行特定操作（如调用 `Object.notify()` 或 `Object.notifyAll()`）。\n5. **TIMED_WAITING（计时等待）**：线程在指定时间内等待另一个线程执行操作（如调用 `Thread.sleep()`、`Object.wait(long timeout)` 等）。\n6. **TERMINATED（终止）**：线程已完成执行或因异常退出。\n\n这些状态可以通过 `Thread.getState()` 方法获取，帮助开发者调试和优化多线程程序。\n\n---\n\n> 请输入\'**继续**\'或者输入新的**题目类型**',1,'admin','2025-05-08 11:34:26','2025-05-08 11:33:57','92c6941d-a9f6-4317-8f74-b5ef09d71864',1,NULL,'system',NULL),(224,'前端三件套','### 【前端三件套】专题 💡\n\n## 面试题目：\n** HTML5 有哪些新特性？**\n\n> 🔥 别放弃，再想想看～',1,'admin','2025-05-08 11:34:39','2025-05-08 11:34:38','92c6941d-a9f6-4317-8f74-b5ef09d71864',0,NULL,'system',NULL),(225,'HTML5 引入了新的语义化标签（如 <header>、<footer>、<article>）、表单控件（如 email、date）、多媒体支持（<audio>、<video>）、Canvas 绘图、本地存储（localStorage/sessionStorage）等','### 评估信息：\n\n#### 准确率：优秀（90%-100%）\n你的回答非常全面，涵盖了 HTML5 的主要新特性，包括语义化标签、表单控件、多媒体支持、Canvas 绘图以及本地存储等内容。这些都是 HTML5 的核心特点，准确率非常高。\n\n#### 表达清晰度：优秀\n你的表达逻辑清晰，条理分明，每个点都简洁明了，易于理解。\n\n#### 完整性状态：优秀\n你提到的内容已经非常完整，基本覆盖了 HTML5 的主要新特性，没有显著遗漏。\n\n---\n\n> 请输入\'**继续**\'或者输入新的**题目类型**',1,'admin','2025-05-08 11:34:56','2025-05-08 11:34:38','92c6941d-a9f6-4317-8f74-b5ef09d71864',1,NULL,'system',NULL),(226,'Redis','### 【Redis】类型 💡\n\n## 面试题目：\n**Redis如何实现分布式锁？**\n\n> 🧠 慢慢来，答案就在前方～',1,'admin','2025-05-08 11:35:45','2025-05-08 11:35:45','bdb2d303-43a0-4329-aa68-8f3dd396f2d6',0,1,'model','Redis如何实现分布式锁？'),(227,'使用setNx实现','### 评估信息：\n\n**准确率：良好（70%-89%）**  \n你的回答提到了使用 `setNx` 实现分布式锁，这确实是 Redis 实现分布式锁的一种核心方法。`SETNX`（Set if Not Exists）命令可以确保只有一个客户端能够成功设置锁，从而实现互斥性。因此，你的回答抓住了关键点。\n\n**表达清晰度：一般**  \n虽然你提到了使用 `setNx`，但没有进一步解释其工作原理、如何保证锁的安全性、如何设置过期时间防止死锁等问题。回答显得过于简略，缺乏细节和深度。\n\n**完整性状态：一般**  \n回答缺少对分布式锁完整实现的描述，比如：\n1. 如何防止死锁（设置过期时间）。\n2. 如何保证锁的原子性（如 Redis 的 `SET` 命令结合 `NX` 和 `EX` 参数）。\n3. 如何释放锁（使用 Lua 脚本保证解锁操作的原子性）。\n4. 其他注意事项（如锁续期、高并发场景下的性能优化等）。\n\n---\n\n### 改进后的回答：\n\nRedis 实现分布式锁的核心思想是利用 Redis 的单线程特性和原子操作来保证多个客户端之间的互斥访问。以下是完整的实现步骤：\n\n1. **使用 SETNX 或 SET 命令加锁**  \n   - 使用 `SET key value NX EX timeout` 命令，其中：\n     - `NX` 表示只有当键不存在时才设置键值对。\n     - `EX timeout` 表示设置键的过期时间，防止死锁。\n     - `value` 通常是唯一标识（如 UUID），用于区分不同客户端的锁。\n   - 示例：`SET lock_key client_id NX EX 10`，表示尝试获取一个名为 `lock_key` 的锁，过期时间为 10 秒。\n\n2. **防止死锁**  \n   - 设置锁的过期时间非常重要，避免因客户端崩溃导致锁无法释放。\n   - 如果业务逻辑执行时间可能超过锁的过期时间，可以引入锁续期机制（如使用定时任务定期延长锁的有效期）。\n\n3. **释放锁**  \n   - 释放锁时需要验证锁的持有者，确保只有加锁的客户端才能释放锁。\n   - 使用 Lua 脚本保证解锁操作的原子性，例如：\n     ```lua\n     if redis.call(\"GET\", KEYS[1]) == ARGV[1] then\n         return redis.call(\"DEL\", KEYS[1])\n     else\n         return 0\n     end\n     ```\n     这段脚本会检查锁的值是否与当前客户端的标识一致，如果一致则删除锁。\n\n4. **其他注意事项**  \n   - 在高并发场景下，建议使用 Redisson 等成熟的分布式锁库，它们封装了上述逻辑并提供了更多高级功能（如公平锁、可重入锁等）。\n   - 如果 Redis 是主从架构，注意主节点故障时可能导致锁丢失的问题，可以考虑使用 Redlock 算法（多节点协调）。\n\n---\n\n### 总结：\n你的回答抓住了核心点，但缺少实现细节和扩展内容。改进后的内容更全面，涵盖了锁的获取、释放、安全性以及实际应用中的注意事项。\n\n> 请输入\'**继续**\'或者输入新的**题目类型**',1,'admin','2025-05-08 11:36:33','2025-05-08 11:36:38','bdb2d303-43a0-4329-aa68-8f3dd396f2d6',1,0,'model','Redis如何实现分布式锁？'),(228,'Redis','### 【Redis】类型 💡\n\n## 面试题目：\n**Redis如何实现缓存穿透的防护？**\n\n> 💡 这道题对你来说不是问题！',1,'admin','2025-05-08 11:36:39','2025-05-08 11:36:39','bdb2d303-43a0-4329-aa68-8f3dd396f2d6',0,NULL,'model','Redis如何实现缓存穿透的防护？'),(229,'Redis如何实现缓存穿透的防护？','好的，请提供你的回答，我会根据内容进行评估并给出准确率、表达清晰度和完整性状态。如果准确率低于良好，我会帮你改进回答。\n\n请输入\'**继续**\'或者输入新的**题目类型**\'',1,'admin','2025-05-08 11:36:50','2025-05-08 11:36:39','bdb2d303-43a0-4329-aa68-8f3dd396f2d6',1,NULL,'model','Redis如何实现缓存穿透的防护？'),(230,'Redis','### 【Redis】类型 💡\n\n## 面试题目：\n**Redis缓存雪崩、缓存穿透、缓存击穿分别是什么？如何解决这些问题？**\n\n> 🌠 梦想就在不远处等着你！',1,'admin','2025-05-08 11:38:23','2025-05-08 11:38:23','067c3057-360c-47cc-9da8-aaefdcab8840',0,1,'model','Redis缓存雪崩、缓存穿透、缓存击穿分别是什么？如何解决这些问题？'),(231,'缓存雪崩\n定义：\n缓存雪崩指的是当大量缓存数据在同一时间段内过期，导致大量的请求直接打到数据库上，造成数据库压力过大甚至崩溃的情况。\n\n解决方案：\n\n设置不同的过期时间： 给每个缓存数据设置随机的过期时间，避免大量缓存同时失效。\n使用互斥锁（mutex lock）: 当某个缓存未命中时，首先尝试获取一个分布式锁，只有成功获得锁的那个请求才会去加载数据并更新缓存，其他请求则等待或直接返回默认值。\n构建多级缓存架构： 在应用层与Redis之间增加一层本地缓存，如Ehcache等，进一步减少对Redis的压力。\n缓存穿透\n定义：\n缓存穿透是指查询一个根本不存在的数据，由于缓存中没有该数据的信息，所以每次都会访问数据库，可能导致数据库过载。\n\n解决方案：\n\n接口层校验： 对于传入参数进行合法性检查，例如用户ID是否为负数或者明显不合理的值。\n布隆过滤器（Bloom Filter）： 使用布隆过滤器预先判断某个key是否存在，如果不存在则直接返回，减少不必要的数据库查询。\n缓存空对象： 如果查询结果为空，则也将这个空结果放入缓存中，并设置较短的有效期。\n缓存击穿\n定义：\n缓存击穿通常指热点数据（即非常频繁被访问的数据）在缓存过期的瞬间，大量并发请求同时到达，这些请求都会试图从数据库中读取数据，从而可能压垮数据库。\n\n解决方案：\n\n永不过期策略： 对于特别热点的数据可以采用逻辑上的永不过期策略，即在业务代码层面忽略缓存过期时间，而是在后台异步更新缓存内容。\n互斥锁机制： 类似于解决缓存雪崩的方法之一，在首次发现缓存缺失时加锁，保证只有一个线程去数据库加载数据并更新缓存，其余请求等待或者返回旧缓存数据。\n提前刷新缓存： 可以根据访问频率预测哪些是热点数据，并在缓存即将过期前主动触发缓存更新操作，防止大量请求同时到达数据库。\n通过上述方法，可以在一定程度上缓解这些问题带来的影响，提高系统的稳定性和响应速度。','### 评估信息\n\n**准确率：优秀（90%-100%）**\n\n你的回答非常全面，涵盖了缓存雪崩、缓存穿透和缓存击穿的概念及解决方案。每个问题的定义清晰准确，提出的解决方案也贴合实际开发中的常见做法，包括设置随机过期时间、使用布隆过滤器、缓存空对象、互斥锁机制等。整体内容逻辑性强，层次分明，且对问题的理解深入。\n\n**表达清晰度：优秀**\n\n你的语言表达流畅，结构清晰，条理分明。通过分段的方式逐一解决问题，并且每个解决方案都给出了具体的操作方法，易于理解。\n\n**完整性状态：完整**\n\n你的回答覆盖了所有核心知识点，没有遗漏重要概念或解决方案，同时提供了多种解决思路，展现了思维的广度和深度。\n\n> 请输入\'**继续**\'或者输入新的**题目类型**\'',1,'admin','2025-05-08 11:39:06','2025-05-08 11:39:11','067c3057-360c-47cc-9da8-aaefdcab8840',1,0,'model','Redis缓存雪崩、缓存穿透、缓存击穿分别是什么？如何解决这些问题？'),(232,'Redis','### 【Redis】类型 💡\n\n## 面试题目：\n**Redis如何实现分布式锁？请详细说明其实现原理和注意事项。**\n\n> 🦸 你就是自己的超级英雄！',1,'admin','2025-05-08 11:39:13','2025-05-08 11:39:12','067c3057-360c-47cc-9da8-aaefdcab8840',0,NULL,'model','Redis如何实现分布式锁？请详细说明其实现原理和注意事项。'),(233,'斯蒂芬斯哦飞机撒旦法','### 评估信息：\n\n#### 准确率：较差（0%-49%）\n你的回答内容“斯蒂芬斯哦飞机撒旦法”完全不相关，无法体现对Redis分布式锁实现原理的理解，也没有提到任何相关的技术细节或注意事项。\n\n#### 表达清晰度：较差\n回答内容完全没有逻辑性和条理性，表达混乱且无法理解。\n\n#### 完整性状态：较差\n回答未包含任何与问题相关的内容，既没有解释Redis分布式锁的实现原理，也没有说明注意事项，完整性严重缺失。\n\n---\n\n### 改进后的回答：\n\nRedis实现分布式锁的核心思想是利用Redis的原子操作特性来确保多个客户端对共享资源的安全访问。以下是详细的实现原理和注意事项：\n\n#### **实现原理**\n1. **使用SETNX命令**：\n   - Redis的`SETNX`（Set if Not Exists）命令可以用来设置一个键值对，但只有在键不存在时才会成功。这保证了只有一个客户端能够成功获取锁。\n   - 示例：`SETNX lock_key 1`，如果返回1，则表示获取锁成功；如果返回0，则表示锁已被其他客户端占用。\n\n2. **设置过期时间**：\n   - 为了防止死锁（例如某个客户端崩溃后未能释放锁），需要为锁设置一个过期时间。可以使用`EXPIRE`命令单独设置，或者直接在`SET`命令中使用`NX`和`EX`选项。\n   - 示例：`SET lock_key 1 NX EX 10`，表示设置一个10秒后自动过期的锁。\n\n3. **唯一标识符**：\n   - 为了避免误删他人持有的锁，每个客户端在获取锁时应将锁的值设置为一个唯一标识符（如UUID）。释放锁时，先检查锁的值是否匹配，只有匹配时才删除锁。\n\n4. **释放锁**：\n   - 释放锁的操作需要保证原子性，可以通过Lua脚本实现：\n     ```lua\n     if redis.call(\"GET\", KEYS[1]) == ARGV[1] then\n         return redis.call(\"DEL\", KEYS[1])\n     else\n         return 0\n     end\n     ```\n   - 这段脚本会先检查锁的值是否与当前客户端的唯一标识符一致，如果一致则删除锁，否则不做任何操作。\n\n#### **注意事项**\n1. **锁的过期时间设置**：\n   - 过期时间需要根据业务场景合理设置，避免过短导致锁提前失效，或过长导致资源浪费。\n\n2. **锁的续期机制**：\n   - 如果业务执行时间可能超过锁的过期时间，可以引入续期机制，例如通过后台线程定期延长锁的有效期。\n\n3. **高可用性**：\n   - 使用单节点Redis可能导致单点故障，建议使用Redis集群或Redlock算法来提高可靠性。\n\n4. **性能优化**：\n   - 在高并发场景下，频繁地尝试获取锁可能会导致性能瓶颈，可以结合随机退避算法减少竞争。\n\n5. **异常处理**：\n   - 需要考虑网络分区、Redis宕机等异常情况，并设计相应的容错机制。\n\n---\n\n> 请输入\'**继续**\'或者输入新的**题目类型**\'',1,'admin','2025-05-08 11:39:58','2025-05-08 11:39:12','067c3057-360c-47cc-9da8-aaefdcab8840',1,NULL,'model','Redis如何实现分布式锁？请详细说明其实现原理和注意事项。'),(234,'前端','### 【前端】类型 💡\n\n## 面试题目：\n**请解释一下什么是虚拟DOM，以及它在React中的作用和优势。**\n\n> 🌠 梦想就在不远处等着你！',1,'admin','2025-05-08 11:40:27','2025-05-08 11:40:27','067c3057-360c-47cc-9da8-aaefdcab8840',0,NULL,'model','请解释一下什么是虚拟DOM，以及它在React中的作用和优势。'),(238,'Mysql','### 【Mysql】专题 💡\n\n## 面试题目：\n**在MySQL中，如何实现全文搜索功能？**\n\n> 🌻 你的努力正在开花结果！',16,'HaoMember','2025-05-08 13:13:20','2025-05-08 13:13:20','4f13afd4-2589-44ac-869e-8c1517acdd87',0,1,'system',NULL),(239,'sdfssjidfijosdf','### 评估信息：\n\n#### 准确率：\n你的回答内容为“sdfssjidfijosdf”，完全与问题无关，未涉及 MySQL 全文搜索功能的实现方法。因此准确率为 **0%**，属于 **较差（0%-49%）**。\n\n#### 表达清晰度：\n回答内容是无意义的字符组合，无法理解表达意图，清晰度评分为 **0%**。\n\n#### 完整性状态：\n回答内容没有提到任何关于 MySQL 全文搜索功能的实现方式，完整性评分为 **0%**。\n\n---\n\n### 改进后的回答：\n在 MySQL 中，可以通过以下步骤实现全文搜索功能：\n\n1. **创建支持全文索引的表**  \n   确保表中有一个或多个字段适合进行全文搜索，并为这些字段添加 FULLTEXT 索引。例如：\n   ```sql\n   CREATE TABLE articles (\n       id INT UNSIGNED AUTO_INCREMENT PRIMARY KEY,\n       title VARCHAR(200),\n       body TEXT,\n       FULLTEXT (title, body)\n   ) ENGINE=InnoDB;\n   ```\n\n2. **插入数据**  \n   向表中插入一些测试数据：\n   ```sql\n   INSERT INTO articles (title, body) VALUES\n   (\'MySQL Full-Text Search\', \'This is an example of full-text search in MySQL.\'),\n   (\'Database Indexing\', \'Learn how to use indexing for better performance.\');\n   ```\n\n3. **使用 MATCH() AGAINST() 进行全文搜索**  \n   使用 `MATCH()` 和 `AGAINST()` 函数执行全文搜索查询。例如：\n   ```sql\n   SELECT * FROM articles\n   WHERE MATCH(title, body) AGAINST(\'full-text search\' IN NATURAL LANGUAGE MODE);\n   ```\n\n4. **全文搜索模式**  \n   - **自然语言模式 (NATURAL LANGUAGE MODE)**：默认模式，根据自然语言解析搜索词。\n   - **布尔模式 (BOOLEAN MODE)**：支持更复杂的搜索规则，例如使用 `+`、`-` 操作符。\n   - **查询扩展模式 (WITH QUERY EXPANSION)**：自动扩展搜索结果范围。\n\n5. **注意事项**  \n   - 全文索引仅适用于 MyISAM 和 InnoDB 存储引擎。\n   - 最小和最大词长度由 MySQL 配置参数 (`ft_min_word_len` 和 `ft_max_word_len`) 决定。\n   - 停用词列表会影响搜索结果，某些常见单词（如 \"the\"、\"and\"）会被忽略。\n\n---\n\n> 请输入\'**继续**\'或者输入新的**题目类型**',16,'HaoMember','2025-05-08 13:13:56','2025-05-08 13:14:01','4f13afd4-2589-44ac-869e-8c1517acdd87',1,0,'system',NULL),(240,'Mysql','### 【Mysql】专题 💡\n\n## 面试题目：\n**描述一下MySQL复制（Replication）的工作原理。**\n\n> 🏆 冠军的潜力就在你心中！',16,'HaoMember','2025-05-08 13:14:01','2025-05-08 13:14:01','4f13afd4-2589-44ac-869e-8c1517acdd87',0,NULL,'system',NULL),(241,'前端三件套','### 【前端三件套】专题 💡\n\n## 面试题目：\n**解释一下 Promise 和 async/await 的关系。**\n\n> 🦸 你就是自己的超级英雄！',1,'admin','2025-05-08 13:24:22','2025-05-08 13:24:22','92c6941d-a9f6-4317-8f74-b5ef09d71864',0,NULL,'system',NULL),(242,'Mysql','### 【Mysql】专题 💡\n\n## 面试题目：\n**Mysql的bin log日志**\n\n> 💪 加油！你能行的！',1,'admin','2025-05-09 13:48:49','2025-05-09 13:48:49','3cbbf3c1-4534-473f-b016-9f5e64f7d959',0,1,'system',NULL),(243,'mysql的binlog日志用于数据备份主从复制的，每次完成操作后会生成一条binlog日期，等事务提交时会将该事物的所有binlog日志写入binlog文件中，是追加写，文件写满了会创建一个新文件继续写','### 评估结果：\n\n**准确率：85%（良好）**  \n**表达清晰度：良好**  \n**完整性状态：较好**\n\n#### 具体分析：\n1. **正确点：**\n   - 提到 binlog 是用于数据备份和主从复制，这是正确的。\n   - 描述了 binlog 的追加写机制，文件写满后会创建新文件继续写入，这也是正确的。\n   - 提到事务提交时会将所有 binlog 日志写入文件，这一点符合 MySQL 的工作机制。\n\n2. **不足点：**\n   - **细节不够全面：** 没有提到 binlog 的三种格式（`STATEMENT`、`ROW`、`MIXED`），这些是面试中常被问到的内容。\n   - **术语准确性：** “每次完成操作后会生成一条 binlog 日期” 这句话表述不够严谨。binlog 记录的是操作事件，而不是“日期”。\n   - **补充说明：** 可以进一步提到 binlog 文件的命名规则（如 `binlog.000001`）、如何查看 binlog 内容（如使用 `mysqlbinlog` 工具），以及 binlog 在崩溃恢复中的作用。\n\n---\n\n### 改进建议：\n以下是改进后的回答版本：\n\n> MySQL 的 binlog（Binary Log）是二进制日志文件，主要用于数据备份和主从复制。它记录了对数据库的所有更改操作（如 INSERT、UPDATE、DELETE 等），但不包含 SELECT 查询。\n>\n> - **工作原理：** binlog 采用追加写的方式记录操作事件，只有在事务提交时才会将该事务的所有 binlog 日志写入文件。如果当前 binlog 文件写满，MySQL 会自动创建一个新的 binlog 文件继续写入。\n> - **格式：** binlog 有三种格式：`STATEMENT`（记录 SQL 语句）、`ROW`（记录每一行的变化）、`MIXED`（混合模式，默认使用 `STATEMENT`，必要时切换到 `ROW`）。\n> - **用途：** 除了主从复制，binlog 还可以用于数据恢复。通过工具如 `mysqlbinlog`，可以解析 binlog 文件并重放操作事件。\n> - **命名规则：** binlog 文件通常以 `binlog.000001`、`binlog.000002` 的形式命名，序号依次递增。\n\n---\n\n### 总结：\n你的回答整体不错，已经抓住了 binlog 的核心概念，但在细节和术语的准确性上可以进一步提升。希望改进建议对你有所帮助！\n\n> 请输入\'**继续**\'或者输入新的**题目类型**\'',1,'admin','2025-05-09 13:51:26','2025-05-09 13:52:05','3cbbf3c1-4534-473f-b016-9f5e64f7d959',1,0,'system',NULL),(244,'Mysql','### 【Mysql】专题 💡\n\n## 面试题目：\n**Mysql的bin log日志**\n\n> 🦸 你就是自己的超级英雄！',1,'admin','2025-05-09 13:52:05','2025-05-09 13:52:05','3cbbf3c1-4534-473f-b016-9f5e64f7d959',0,NULL,'system',NULL),(245,'MySQL 的 binlog（Binary Log）是二进制日志文件，主要用于数据备份和主从复制。它记录了对数据库的所有更改操作（如 INSERT、UPDATE、DELETE 等），但不包含 SELECT 查询。\n\n工作原理： binlog 采用追加写的方式记录操作事件，只有在事务提交时才会将该事务的所有 binlog 日志写入文件。如果当前 binlog 文件写满，MySQL 会自动创建一个新的 binlog 文件继续写入。\n格式： binlog 有三种格式：STATEMENT（记录 SQL 语句）、ROW（记录每一行的变化）、MIXED（混合模式，默认使用 STATEMENT，必要时切换到 ROW）。\n用途： 除了主从复制，binlog 还可以用于数据恢复。通过工具如 mysqlbinlog，可以解析 binlog 文件并重放操作事件。\n命名规则： binlog 文件通常以 binlog.000001、binlog.000002 的形式命名，序号依次递增','### 评估信息：\n\n#### 准确率：\n你的回答准确率达到 **优秀（90%-100%）**。以下是具体分析：\n1. **定义和功能**：你清楚地说明了 binlog 是二进制日志文件，用于数据备份和主从复制，并且提到它记录的是对数据库的更改操作（如 INSERT、UPDATE、DELETE），而不包含 SELECT 查询。这部分完全正确。\n2. **工作原理**：你提到 binlog 是追加写的方式记录操作事件，并且事务提交时才会写入日志，以及 binlog 文件写满后会自动创建新的文件。这些描述非常准确。\n3. **格式**：你详细列出了 binlog 的三种格式（STATEMENT、ROW、MIXED），并且解释了每种格式的特点。这是核心知识点之一，你的回答非常完整。\n4. **用途**：你提到了主从复制和数据恢复两种主要用途，并补充了通过 `mysqlbinlog` 工具解析和重放操作事件的方法。这也是非常准确的。\n5. **命名规则**：你正确指出 binlog 文件通常以 `binlog.000001`、`binlog.000002` 的形式命名，序号依次递增。\n\n#### 表达清晰度：\n- 你的表达逻辑清晰，条理分明，段落分隔合理，便于阅读和理解。\n\n#### 完整性状态：\n- 回答涵盖了 binlog 的定义、工作原理、格式、用途、命名规则等关键点，内容完整无遗漏。\n\n---\n\n> 请输入\'**继续**\'或者输入新的**题目类型**\'',1,'admin','2025-05-09 13:52:28','2025-05-09 13:52:05','3cbbf3c1-4534-473f-b016-9f5e64f7d959',1,NULL,'system',NULL),(246,'Mysql','### 【Mysql】专题 💡\n\n## 面试题目：\n**常见的索引结构**\n\n> 🔥 别放弃，再想想看～',1,'admin','2025-05-09 13:52:40','2025-05-09 13:52:40','3cbbf3c1-4534-473f-b016-9f5e64f7d959',0,NULL,'system',NULL),(247,'二叉树：每个子节点最多只有两个子节点 左子节点小于根节点\nb树：所有索引元素不重复，节点是从左到右递增排列\nb+数：叶子节点直接使用使用指针连接区分访问效率高，叶子节点只存储数据费叶子节点存储他的索引','### 评估信息\n\n**准确率：良好（70%-89%）**\n\n- **优点：**\n  - 提到了常见的索引结构（二叉树、B树、B+树），并对其特点进行了描述。\n  - 对 B+树的描述较为清晰，特别是关于叶子节点的指针连接和存储特点。\n\n- **不足：**\n  - 描述中存在一些不准确或模糊的地方：\n    1. **二叉树**：虽然提到左子节点小于根节点，但未明确说明这是针对“二叉搜索树”（Binary Search Tree, BST），而普通的二叉树并没有这样的性质。此外，二叉树在数据库索引中的应用较少，因为深度可能过大导致性能问题。\n    2. **B树**：表述不够完整。B树的特点是每个节点可以有多个子节点，并且节点内存储了索引键值和数据，而不是简单的“所有索引元素不重复”。\n    3. **B+树**：虽然提到了叶子节点直接使用指针连接，但未强调非叶子节点只存储索引键值而不存储数据，这与B树的主要区别之一。\n\n- **完整性：**\n  - 缺少对哈希索引等其他常见索引类型的补充说明。\n  - 没有提及每种索引结构的应用场景和优缺点。\n\n- **表达清晰度：**\n  - 整体逻辑清晰，但部分术语使用不够严谨，容易引起误解。\n\n---\n\n### 改进后的回答\n\n**常见的索引结构包括以下几种：**\n\n1. **二叉搜索树（Binary Search Tree, BST）：**\n   - 特点：每个节点最多有两个子节点，左子节点的值小于根节点，右子节点的值大于根节点。\n   - 应用：二叉搜索树本身并不是数据库索引的常用结构，因为当数据量较大时，树的深度可能会变得很深，导致查询效率降低。\n\n2. **B树（Balanced Tree）：**\n   - 特点：\n     - 每个节点可以包含多个子节点，通常用于多路平衡查找。\n     - 节点中存储了索引键值和对应的数据。\n     - 所有叶子节点位于同一层，保证了查询的时间复杂度为 O(log n)。\n   - 应用：适用于范围查询较少的场景。\n\n3. **B+树（Balanced Tree Plus）：**\n   - 特点：\n     - 非叶子节点只存储索引键值，不存储数据；数据仅存储在叶子节点中。\n     - 叶子节点通过指针相互连接，支持高效的范围查询。\n     - 相比 B树，更适合磁盘存储和顺序访问。\n   - 应用：MySQL 的 InnoDB 和 MyISAM 存储引擎均使用 B+树作为索引结构。\n\n4. **哈希索引（Hash Index）：**\n   - 特点：\n     - 基于哈希表实现，通过哈希函数将键值映射到具体的位置。\n     - 查询速度极快，时间复杂度为 O(1)。\n     - 不支持范围查询和排序操作。\n   - 应用：适用于等值查询场景，例如内存数据库或临时表。\n\n5. **全文索引（Full-text Index）：**\n   - 特点：\n     - 用于全文搜索，支持对文本内容进行复杂的匹配查询。\n     - 常见于搜索引擎或需要处理大量文本数据的场景。\n   - 应用：MySQL 的 InnoDB 和 MyISAM 引擎支持全文索引。\n\n---\n\n### 总结\n不同的索引结构适用于不同的场景。例如，B+树适合范围查询和排序操作，而哈希索引适合快速等值查询。在实际应用中，选择合适的索引类型可以帮助提升数据库的查询性能。\n\n> 请输入\'**继续**\'或者输入新的**题目类型**',1,'admin','2025-05-09 13:55:35','2025-05-09 13:52:40','3cbbf3c1-4534-473f-b016-9f5e64f7d959',1,NULL,'system',NULL),(248,'Mysql','### 【Mysql】专题 💡\n\n## 面试题目：\n**什么是多版本并发控制**\n\n> 🌟 你已经很棒了，继续加油！',1,'admin','2025-05-09 13:55:39','2025-05-09 13:55:39','3cbbf3c1-4534-473f-b016-9f5e64f7d959',0,NULL,'system',NULL),(249,'多版本并发控制指在数据库能看到不同版本数据，一种用于实现并发事物处理的机制，通过事物的可见性只能看到自己的版本数据，而实现多个事务进行读写操作，而不会相互阻塞，从而提供了数据库的并发性','### 评估信息：\n\n**准确率：优秀（90%-100%）**  \n- 您的回答非常准确地描述了多版本并发控制（MVCC）的核心概念，包括其定义、作用和实现机制。您提到“通过事务的可见性只能看到自己的版本数据”这一点尤其关键，表明您理解了 MVCC 的核心是通过维护数据的不同版本来解决并发事务间的读写冲突问题。\n\n**表达清晰度：良好**  \n- 整体表达较为清晰，逻辑通顺，能够让人理解您的意思。不过可以稍微调整措辞，使语言更加精炼和专业。\n\n**完整性状态：良好**  \n- 回答涵盖了 MVCC 的基本原理，但可以补充一些具体实现细节或优势，例如 MVCC 在不同隔离级别下的表现（如可重复读和读已提交），或者它如何减少锁争用从而提高性能。\n\n---\n\n### 总结：\n您的回答已经非常接近完美了！以下是稍作优化后的版本供参考：\n\n> **优化版回答：**  \n多版本并发控制（MVCC）是一种用于实现数据库并发事务处理的机制。它通过为每个事务提供独立的数据版本视图，使得事务在读取数据时不会被其他事务的写操作阻塞，同时写操作也不会阻塞其他事务的读操作。MVCC 的核心思想是通过维护数据的多个版本（基于时间戳或事务 ID），结合事务的隔离级别，确保事务只能看到对其可见的数据版本。这种方式有效减少了锁的使用，提升了数据库的并发性能，同时避免了脏读、不可重复读等问题。\n\n---\n\n> 请输入\'**继续**\'或者输入新的**题目类型**\'',1,'admin','2025-05-09 13:57:55','2025-05-09 13:55:39','3cbbf3c1-4534-473f-b016-9f5e64f7d959',1,NULL,'system',NULL),(250,'Mysql','### 【Mysql】专题 💡\n\n## 面试题目：\n**索引优化原则**\n\n> 🌟 你已经很棒了，继续加油！',1,'admin','2025-05-09 13:58:31','2025-05-09 13:58:31','3cbbf3c1-4534-473f-b016-9f5e64f7d959',0,NULL,'system',NULL),(251,'不要基于使用频率较低的列添加索引，查询尊顺在索引左优先，能用where不用having，索引列建议使用notnull可以节省一个字节，频繁增删改的字段不要加索引因为数据量大维护成本高，查询字段的时候避免select*查询字段','### 评估信息：\n\n#### 准确率：\n你的回答总体上涵盖了索引优化的多个关键点，但有些地方表述不够准确或者可以进一步完善。以下是对每个要点的评估：\n\n1. **不要基于使用频率较低的列添加索引**  \n   - **正确性：高**  \n     这一点是正确的。如果某列很少用于查询条件中，则为其创建索引会浪费存储空间，增加维护成本。\n\n2. **查询遵循索引左优先原则**  \n   - **正确性：高**  \n     这是一个非常重要的索引优化原则。联合索引需要遵循“最左前缀匹配”规则，查询时必须按照索引的顺序使用字段，否则索引可能失效。\n\n3. **能用`WHERE`不用`HAVING`**  \n   - **正确性：高**  \n     这一点是正确的。`WHERE`是在数据检索阶段过滤数据，而`HAVING`是在结果集生成后进行过滤，效率较低。\n\n4. **索引列建议使用`NOT NULL`可以节省一个字节**  \n   - **正确性：中等**  \n     这个说法有一定的道理，但不够全面。`NOT NULL`确实可以帮助优化器更好地利用索引，但是否节省一个字节取决于具体的存储引擎和数据类型。更重要的是，`NULL`值会导致索引统计信息复杂化，从而影响查询性能。\n\n5. **频繁增删改的字段不要加索引，因为数据量大维护成本高**  \n   - **正确性：高**  \n     频繁的写操作（如插入、更新、删除）会导致索引的重建或调整，从而降低性能。因此，这一点是合理的。\n\n6. **查询字段的时候避免`SELECT *`，只查询需要的字段**  \n   - **正确性：高**  \n     使用`SELECT *`会导致不必要的资源消耗，包括更多的磁盘I/O和网络传输开销。只选择需要的字段有助于提升查询性能。\n\n#### 表达清晰度：\n- **清晰度：良好**  \n  整体表达较为清晰，逻辑顺畅，能够让人理解你的观点。不过某些表述可以更精确一些，例如关于`NOT NULL`的部分。\n\n#### 完整性状态：\n- **完整性：一般**  \n  虽然你提到了很多关键点，但仍有一些常见的索引优化原则未提及，例如：\n  - 尽量避免在索引列上使用函数或表达式。\n  - 索引的选择性越高（即唯一值越多），其效果越好。\n  - 大表关联时，尽量使用覆盖索引（Covering Index）减少回表操作。\n\n---\n\n### 综合评估：\n- **准确率：80%**\n- **等级：良好**\n\n---\n\n### 改进建议：\n如果你希望进一步提升回答的准确性和完整性，可以参考以下改进建议：\n\n```plaintext\n1. 不要基于使用频率较低的列添加索引，因为低频使用的索引会浪费存储空间并增加维护成本。\n2. 查询时遵循索引的“最左前缀匹配”原则，确保联合索引的字段按顺序出现在查询条件中。\n3. 在过滤数据时，优先使用`WHERE`而非`HAVING`，因为`WHERE`在数据检索阶段过滤数据，效率更高。\n4. 索引列尽量定义为`NOT NULL`，这不仅可能节省存储空间，还能让优化器更好地利用索引。\n5. 对于频繁进行增删改操作的字段，应谨慎添加索引，因为每次数据变更都会导致索引的调整，增加维护成本。\n6. 查询时避免使用`SELECT *`，只查询需要的字段，这样可以减少磁盘I/O和网络传输的开销。\n7. 避免在索引列上使用函数或表达式，这会导致索引失效。\n8. 选择性高的列更适合创建索引，因为它们能够更有效地缩小查询范围。\n9. 在大表关联查询时，尽量使用覆盖索引（Covering Index），以减少回表操作，提高查询效率。\n```\n\n---\n\n> 请输入\'**继续**\'或者输入新的**题目类型**',1,'admin','2025-05-09 14:01:18','2025-05-09 13:58:31','3cbbf3c1-4534-473f-b016-9f5e64f7d959',1,NULL,'system',NULL),(252,'Mysql','### 【Mysql】专题 💡\n\n## 面试题目：\n**索引字段是不是建的越多越好**\n\n> 🦸 你就是自己的超级英雄！',1,'admin','2025-05-09 14:03:07','2025-05-09 14:03:07','3cbbf3c1-4534-473f-b016-9f5e64f7d959',0,NULL,'system',NULL),(253,'不是，索引越多浪费的空间也越大，而且在写入场景下B+数的维护所付出的性能消耗也大','### 评估信息：\n\n#### 准确率：\n**优秀（90%-100%）**\n\n你的回答非常准确，抓住了核心要点——索引并不是越多越好。你提到了以下关键点：\n1. **空间浪费**：索引会占用存储空间，过多的索引会导致存储成本增加。\n2. **写入性能消耗**：在写入场景（如INSERT、UPDATE、DELETE）中，索引需要维护，尤其是B+树结构的更新会带来额外的性能开销。\n\n这些内容完全符合实际的技术原理和最佳实践。\n\n#### 表达清晰度：\n**清晰**\n\n你的表达逻辑清晰，语言简洁明了，能够让面试官快速理解你的观点。\n\n#### 完整性状态：\n**完整**\n\n虽然你的回答已经很全面，但可以进一步补充一些细节来增强完整性。例如：\n- **查询性能的影响**：过多的索引可能导致优化器选择困难，降低查询效率。\n- **实际使用建议**：根据业务需求合理设计索引，避免不必要的冗余索引。\n\n不过，这些补充内容并不影响整体的回答质量，因此你的回答仍然处于“优秀”水平。\n\n---\n\n> 请输入\'**继续**\'或者输入新的**题目类型**\'',1,'admin','2025-05-09 14:04:57','2025-05-09 14:03:07','3cbbf3c1-4534-473f-b016-9f5e64f7d959',1,NULL,'system',NULL),(254,'Mysql','### 【Mysql】专题 💡\n\n## 面试题目：\n**Mysql的外键约束**\n\n> ⚡ 让智慧之光指引你前进！',1,'admin','2025-05-09 14:05:23','2025-05-09 14:05:23','3cbbf3c1-4534-473f-b016-9f5e64f7d959',0,NULL,'system',NULL),(255,'mysql的外键用于维护两张表的之间的关系，保证了数据的完整性和一致性','### 评估信息\n\n**准确率：良好（70%-89%）**  \n你的回答基本正确，确实提到了外键的主要作用是维护两张表之间的关系，并保证数据的完整性和一致性。这抓住了外键的核心功能。然而，回答还可以更具体一些，例如补充外键的工作机制、约束类型（如`CASCADE`、`SET NULL`等）以及实际使用中的注意事项。因此，准确率属于“良好”。\n\n**表达清晰度：清晰**  \n你的表达简洁明了，能够让人快速理解你想要传达的意思。\n\n**完整性状态：一般**  \n虽然核心概念已经提到，但回答缺乏一些关键细节。比如可以补充以下内容：\n1. 外键的定义和语法。\n2. 外键如何维护参照完整性。\n3. 外键的约束行为（如`CASCADE`、`SET NULL`、`RESTRICT`等）。\n4. 使用外键时可能需要注意的性能问题。\n\n---\n\n### 改进后的回答示例\n\n**Mysql的外键约束**\n\n外键（Foreign Key）是用于在数据库中建立和维护表与表之间关系的一种约束机制。它的主要作用是保证数据的完整性和一致性，通过确保子表中的外键字段值必须出现在父表的主键或唯一键字段中，从而避免孤立记录的出现。\n\n外键的工作机制包括以下几个方面：\n1. **定义外键**：在外键所在的表中，通过`FOREIGN KEY`关键字指定外键字段，并用`REFERENCES`指向父表的相关字段。例如：\n   ```sql\n   CREATE TABLE orders (\n       order_id INT PRIMARY KEY,\n       customer_id INT,\n       FOREIGN KEY (customer_id) REFERENCES customers(customer_id)\n   );\n   ```\n2. **维护参照完整性**：当父表中的主键或唯一键被更新或删除时，外键可以定义不同的约束行为，例如：\n   - `CASCADE`：自动同步更新或删除子表中的相关记录。\n   - `SET NULL`：将子表中的外键字段设置为`NULL`。\n   - `RESTRICT`：禁止对父表进行可能导致不一致的操作。\n3. **注意事项**：\n   - 外键会增加数据库的复杂性，可能会对插入、更新和删除操作带来一定的性能开销。\n   - 在高并发场景下，可能需要权衡是否使用外键，或者通过应用层逻辑来实现类似的功能。\n\n总之，外键是数据库设计中非常重要的工具，但在实际使用时需要根据业务需求和性能要求合理选择。\n\n---\n\n> 请输入\'**继续**\'或者输入新的**题目类型**',1,'admin','2025-05-09 14:06:54','2025-05-09 14:05:23','3cbbf3c1-4534-473f-b016-9f5e64f7d959',1,NULL,'system',NULL),(256,'Mysql','### 【Mysql】专题 💡\n\n## 面试题目：\n**Char和varchar的区别**\n\n> 🌻 你的努力正在开花结果！',1,'admin','2025-05-09 14:07:28','2025-05-09 14:07:27','3cbbf3c1-4534-473f-b016-9f5e64f7d959',0,NULL,'system',NULL),(257,'char:存储固定长度的字符串，实际存储空间与指定长度一样，适用于存储状态和固定的代码，对于短字符串查询效率极高，varChar:长度可变的字符串，定义时指定长度，实际存储空间根据实际长度占用存储空间，适合存储长度可变的数据','### 评估信息：\n\n**准确率：优秀（90%-100%）**\n\n你的回答非常清晰地阐述了 `CHAR` 和 `VARCHAR` 的核心区别，涵盖了存储方式、适用场景以及查询效率等方面的内容。以下是具体分析：\n\n1. **准确性**：\n   - 对 `CHAR` 的描述是正确的：固定长度字符串，实际存储空间与指定长度一致，适合存储状态和固定代码，查询效率高。\n   - 对 `VARCHAR` 的描述也准确：可变长度字符串，存储空间根据实际内容动态调整，适合存储长度不固定的数据。\n\n2. **表达清晰度**：\n   - 表达逻辑清晰，条理分明，能够让人快速理解两种数据类型的区别。\n\n3. **完整性状态**：\n   - 回答较为完整，但可以进一步补充一些细节（如存储开销、尾部填充等），以达到更全面的解释。不过，这些补充属于加分项，并不影响整体评价。\n\n由于准确率已经达到优秀水平，以下是对你的回答的进一步优化建议（可选）：\n\n---\n\n### 改进建议（可选）：\n在回答中可以补充以下内容，使答案更加完善：\n- **存储开销**：`CHAR` 类型会占用固定的存储空间，即使存储的字符串比定义长度短，也会用空格填充；而 `VARCHAR` 只占用实际字符串长度加 1 或 2 字节的额外开销（用于记录字符串长度）。\n- **尾部填充**：`CHAR` 类型会在字符串末尾填充空格以达到指定长度，而 `VARCHAR` 不会。\n- **性能差异**：`CHAR` 在处理短字符串时查询效率更高，因为其长度固定，便于计算和定位；而 `VARCHAR` 需要额外计算长度，可能稍微影响性能。\n\n改写后的完整回答示例：\n> `CHAR` 是固定长度的字符串类型，实际存储空间与定义长度一致，即使存储的字符串比定义长度短，也会用空格填充。它适合存储长度固定的短字符串（如状态码、邮编等），查询效率极高。  \n> `VARCHAR` 是可变长度的字符串类型，实际存储空间根据字符串的实际长度动态调整，并额外占用 1 或 2 字节记录长度。它适合存储长度不固定的字符串（如姓名、地址等）。需要注意的是，`CHAR` 会在字符串末尾填充空格，而 `VARCHAR` 不会。\n\n---\n\n### 最终结论：\n你的回答已经非常优秀！继续保持！\n\n> 请输入\'**继续**\'或者输入新的**题目类型**',1,'admin','2025-05-09 14:11:03','2025-05-09 14:07:27','3cbbf3c1-4534-473f-b016-9f5e64f7d959',1,NULL,'system',NULL),(258,'Mysql','### 【Mysql】专题 💡\n\n## 面试题目：\n**Mysql的索引结构**\n\n> 🚀 再试一次，你离成功不远了！',1,'admin','2025-05-09 14:14:22','2025-05-09 14:14:22','3cbbf3c1-4534-473f-b016-9f5e64f7d959',0,NULL,'system',NULL),(259,'通常采用B+树非叶子节点只存储索引，这样可以放更多的索引，减少树的高度提升查询效率，节点排列时有序的，内部采用二分查找对于为啥不采用别的数据结构无疑是因为树的高度太高货导致频繁的io操作导致性能下降','### 评估信息：\n\n**准确率**: 良好（70%-89%）  \n**表达清晰度**: 清晰，但有些地方用词不够严谨，例如“树的高度太高货”显然是笔误。整体逻辑较为清晰。  \n**完整性状态**: 部分完整。回答中提到了B+树的优点和原因，但缺少对比其他数据结构（如B树、哈希表等）的具体分析，也未提及MySQL索引的其他特性（如聚簇索引和非聚簇索引的区别）。因此内容稍显单薄。\n\n---\n\n### 改进后的回答：\n\nMySQL的索引结构通常采用 **B+树**，这是因为它具有以下优点：  \n\n1. **节点存储特性**  \n   - B+树的非叶子节点只存储索引键值，而不存储实际的数据行，这样可以容纳更多的索引键值，减少树的高度，从而降低磁盘I/O次数，提高查询效率。  \n   - 叶子节点存储了实际的数据或指向数据的指针，并且所有叶子节点通过指针形成一个有序链表，支持范围查询和顺序扫描。  \n\n2. **高度平衡性**  \n   - B+树是一种平衡树，所有的叶子节点都位于同一层，确保查询的时间复杂度为O(log n)，并且内部节点使用二分查找定位键值，进一步提升效率。  \n\n3. **为何不采用其他数据结构？**  \n   - **B树 vs B+树**  \n     相比B树，B+树更适合数据库场景。因为B树在每个节点上既存储索引又存储数据，导致每个节点能容纳的索引更少，树的高度更高，增加了I/O开销。而B+树的所有数据集中在叶子节点，非叶子节点只存储索引，减少了树的高度，提升了查询性能。  \n   - **哈希表**  \n     哈希索引虽然可以实现O(1)的查找效率，但它不支持范围查询、排序操作，也不支持部分匹配查询（如前缀匹配），因此不适合用于复杂的查询场景。  \n\n4. **MySQL索引的其他特性**  \n   - 在InnoDB存储引擎中，主键索引是 **聚簇索引**，数据行本身存储在索引的叶子节点中；而二级索引是非聚簇索引，叶子节点存储的是主键值，通过主键值再回表查询数据行。这种设计进一步优化了主键查询的效率，但也需要注意避免过多的回表操作。  \n\n综上所述，B+树因其高效的查询性能、支持范围查询和顺序扫描的特点，成为MySQL索引的理想选择。\n\n---\n\n请输入\'**继续**\'或者输入新的**题目类型**',1,'admin','2025-05-09 14:17:36','2025-05-09 14:14:22','3cbbf3c1-4534-473f-b016-9f5e64f7d959',1,NULL,'system',NULL),(260,'Mysql','### 【Mysql】专题 💡\n\n## 面试题目：\n**什么是多版本并发控制**\n\n> 🦸 你就是自己的超级英雄！',1,'admin','2025-05-09 14:21:04','2025-05-09 14:21:04','3cbbf3c1-4534-473f-b016-9f5e64f7d959',0,NULL,'system',NULL),(261,'一种用于实现并发事务的处理机制，通过事务的可见性视图view只能看到自己的版本数据，而实现多个事务同时对数据库进行读写操作，而不会相互阻塞，从而提高了数据库的并发性能使得innoDb事务的隔离基本的一致性操作有了保证','### 评估信息：\n\n#### 准确率：良好（70%-89%）\n- **优点**：\n  - 回答抓住了多版本并发控制（MVCC）的核心概念，即通过事务的可见性视图（view）实现数据隔离，并提到提高了数据库的并发性能。\n  - 提到 InnoDB 的事务隔离特性，说明对 MVCC 的应用场景有基本理解。\n  \n- **不足**：\n  - 对 MVCC 的具体实现机制描述不够完整。例如，没有提到版本链、undo log、Read View 等关键概念。\n  - 没有清楚地解释 MVCC 是如何通过“快照”机制避免读写冲突的。\n  - 对不同隔离级别（如 RC 和 RR）下 MVCC 的行为差异没有提及。\n\n#### 表达清晰度：良好\n- 回答逻辑较为清晰，但部分表述稍显模糊，比如“事务的可见性视图view只能看到自己的版本数据”这句话可以更精准。\n\n#### 完整性状态：一般\n- 缺少对 MVCC 工作原理的详细描述，整体回答显得有些简略。\n\n---\n\n### 改进后的回答：\n\n**什么是多版本并发控制（MVCC）？**\n\n多版本并发控制（MVCC）是一种用于实现并发事务的处理机制，主要用于提高数据库的并发性能，同时保证事务的隔离性和一致性。在 MySQL 的 InnoDB 存储引擎中，MVCC 是通过保存数据的多个版本（历史版本）来实现的。\n\n当一个事务对数据进行修改时，InnoDB 不会直接覆盖原有的数据，而是将旧版本的数据保存到 undo log 中，并生成一个新的数据版本。每个事务在读取数据时，都会根据自己的 Read View（一致性视图）来判断当前能够看到哪个版本的数据。这样，不同的事务可以在同一时间对数据库进行读写操作而不会相互阻塞。\n\nMVCC 的核心在于：\n1. **版本链**：每行数据都有一个隐藏的回滚指针，指向其旧版本数据，形成一个版本链。\n2. **Read View**：事务启动时会生成一个 Read View，用于判断哪些版本的数据对当前事务可见。\n3. **Undo Log**：存储历史版本数据，支持事务回滚和一致性读。\n\n在不同的事务隔离级别下，MVCC 的行为有所不同：\n- 在 **读已提交（RC）** 隔离级别下，每次查询都会生成一个新的 Read View。\n- 在 **可重复读（RR）** 隔离级别下，整个事务共享同一个 Read View，从而保证事务内多次查询结果一致。\n\n通过 MVCC，InnoDB 能够有效地减少锁的使用，从而提高并发性能，同时保证事务的隔离性和一致性。\n\n---\n\n> 请输入\'**继续**\'或者输入新的**题目类型**',1,'admin','2025-05-09 14:23:19','2025-05-09 14:21:04','3cbbf3c1-4534-473f-b016-9f5e64f7d959',1,NULL,'system',NULL),(262,'Mysql','### 【Mysql】专题 💡\n\n## 面试题目：\n**事务的隔离级别**\n\n> 🏆 冠军的潜力就在你心中！',1,'admin','2025-05-09 14:27:07','2025-05-09 14:27:06','3cbbf3c1-4534-473f-b016-9f5e64f7d959',0,NULL,'system',NULL),(263,'读提交：指一个事务未提交时他做的变更才能看到，\n读未提交：指一个事务未提交时，他错的变更会被其他事务所看到，\n可重读：指一个事务开始时到结束时看到的数据都是一样的\n串行化：操作时会对记录上加上读写锁，多个事务操作同一个数据时会等第一个事务先执行','### 评估结果：\n\n#### 准确率：\n你的回答整体思路是对的，但有一些细节描述不够准确或清晰。以下是逐条分析：\n1. **读提交（Read Committed）**：  \n   - 你的描述是“指一个事务未提交时他做的变更才能看到”，这句话表述不准确。正确的描述应该是：“一个事务只能看到其他事务已经提交的变更。”  \n   - **改进建议**：更准确地说明“已提交”的概念。\n\n2. **读未提交（Read Uncommitted）**：  \n   - 你的描述是“指一个事务未提交时，他错的变更会被其他事务所看到”，这里的“他错的变更”表述不够严谨，容易引起误解。正确的描述应该是：“一个事务可以看到其他事务尚未提交的变更，可能导致脏读。”  \n   - **改进建议**：明确提到“脏读”这个术语。\n\n3. **可重复读（Repeatable Read）**：  \n   - 你的描述是“指一个事务开始时到结束时看到的数据都是一样的”，这个表述基本正确，但可以更具体一些。例如，可以补充说明在 MySQL 中这是默认隔离级别，并且它通过 MVCC 或间隙锁避免了不可重复读，但仍可能存在幻读问题。  \n   - **改进建议**：补充更多细节，尤其是 MySQL 的实现机制。\n\n4. **串行化（Serializable）**：  \n   - 你的描述是“操作时会对记录上加上读写锁，多个事务操作同一个数据时会等第一个事务先执行”，这个表述基本正确，但可以更全面一些。例如，可以提到这是最高的隔离级别，完全避免了并发问题，但性能开销最大。  \n   - **改进建议**：补充对性能影响的说明。\n\n#### 表达清晰度：\n- 整体表达较为清晰，但部分用词不够准确，容易让人产生歧义。例如“他错的变更”这种表述不够专业。\n- **改进建议**：使用更专业的术语，避免口语化表达。\n\n#### 完整性状态：\n- 回答覆盖了四种隔离级别的基本概念，但缺少一些关键点（如 MySQL 中的默认隔离级别、MVCC 的作用、幻读问题等），导致整体完整性略显不足。\n- **改进建议**：补充更多细节，尤其是 MySQL 的实现机制和特点。\n\n---\n\n### 改进后的回答：\n\n**事务的隔离级别**  \n1. **读未提交（Read Uncommitted）**：  \n   这是最低的隔离级别，一个事务可以看到其他事务尚未提交的变更，这可能导致脏读（Dirty Read）。由于事务未提交的变更可能被回滚，因此读取到的数据可能是无效的。\n\n2. **读提交（Read Committed）**：  \n   一个事务只能看到其他事务已经提交的变更。这种隔离级别避免了脏读，但可能导致不可重复读（Non-Repeatable Read），即在同一事务中多次读取同一数据可能会得到不同的结果。\n\n3. **可重复读（Repeatable Read）**：  \n   这是 MySQL 的默认隔离级别。在这种隔离级别下，一个事务从开始到结束看到的数据是一致的，不会出现不可重复读的问题。MySQL 通过多版本并发控制（MVCC）或间隙锁（Gap Lock）来实现这一特性，但仍然可能存在幻读（Phantom Read）问题。\n\n4. **串行化（Serializable）**：  \n   这是最高级别的隔离级别，完全避免了并发问题（包括脏读、不可重复读和幻读）。事务会通过加锁的方式串行执行，确保数据一致性，但性能开销最大。\n\n---\n\n### 综合评估：\n- **准确率**：良好（70%-89%）\n- **表达清晰度**：较好，但需更专业\n- **完整性状态**：一般，需补充更多细节\n\n> 请输入\'**继续**\'或者输入新的**题目类型**\'',1,'admin','2025-05-09 14:30:12','2025-05-09 14:27:06','3cbbf3c1-4534-473f-b016-9f5e64f7d959',1,NULL,'system',NULL),(264,'Mysql','### 【Mysql】专题 💡\n\n## 面试题目：\n**Mysql怎么连表查询**\n\n> 🌻 你的努力正在开花结果！',1,'admin','2025-05-09 14:34:56','2025-05-09 14:34:56','3cbbf3c1-4534-473f-b016-9f5e64f7d959',0,NULL,'system',NULL),(265,'通过左连接leftjoin查询左表中的数据看右表是否符合不符合为null rightjoin右连接查询右表中的数据看左表是否符合不符合为null  内连接 全连接','### 评估信息：\n\n#### 准确率：75% （良好）\n- **优点**：\n  - 你对连接查询的基本概念有一定了解，提到了左连接（`LEFT JOIN`）、右连接（`RIGHT JOIN`）以及内连接，并且描述了它们的作用。\n  - 提到的“不符合为NULL”是正确的，这确实是左连接和右连接的一个关键特性。\n  \n- **不足**：\n  1. **全连接问题**：MySQL本身并不支持全连接（`FULL JOIN`），而你提到“全连接”，但没有进一步解释或说明，容易误导面试官。\n  2. **内连接描述不够清晰**：你没有对内连接（`INNER JOIN`）的具体作用进行详细说明，比如它只返回两个表中匹配的数据。\n  3. **语法不规范**：你提到的`leftjoin`和`rightjoin`缺少空格，正确的写法应该是`LEFT JOIN`和`RIGHT JOIN`。\n  4. **完整性不足**：可以补充一些实际的SQL示例代码来增强回答的完整性和实用性。\n\n#### 表达清晰度：70%\n- 你的回答整体思路清晰，但由于缺乏例子和细节，可能会让面试官觉得你的理解还不够深入。\n\n#### 完整性状态：60%\n- 回答缺少实际的SQL语句示例，也没有提到如何选择合适的连接方式，或者如何根据需求优化查询。\n\n---\n\n### 改进后的回答：\n\n**Mysql怎么连表查询**\n\n在MySQL中，可以通过多种连接方式实现表之间的关联查询，主要包括以下几种：\n\n1. **内连接（`INNER JOIN`）**：\n   - 内连接只返回两个表中符合连接条件的数据。\n   - 示例：\n     ```sql\n     SELECT a.*, b.*\n     FROM table_a a\n     INNER JOIN table_b b ON a.id = b.a_id;\n     ```\n\n2. **左连接（`LEFT JOIN`）**：\n   - 左连接会返回左表中的所有数据，即使右表中没有匹配的数据，也会显示为`NULL`。\n   - 示例：\n     ```sql\n     SELECT a.*, b.*\n     FROM table_a a\n     LEFT JOIN table_b b ON a.id = b.a_id;\n     ```\n\n3. **右连接（`RIGHT JOIN`）**：\n   - 右连接与左连接类似，但它是返回右表中的所有数据，左表中没有匹配的数据会显示为`NULL`。\n   - 示例：\n     ```sql\n     SELECT a.*, b.*\n     FROM table_a a\n     RIGHT JOIN table_b b ON a.id = b.a_id;\n     ```\n\n4. **全连接（`FULL JOIN`）**：\n   - MySQL原生并不支持全连接，但可以通过`UNION`将左连接和右连接的结果合并来实现。\n   - 示例：\n     ```sql\n     SELECT a.*, b.*\n     FROM table_a a\n     LEFT JOIN table_b b ON a.id = b.a_id\n     UNION\n     SELECT a.*, b.*\n     FROM table_a a\n     RIGHT JOIN table_b b ON a.id = b.a_id;\n     ```\n\n5. **注意事项**：\n   - 在使用连接查询时，应尽量避免笛卡尔积（即未加条件的连接），否则会导致性能问题。\n   - 根据业务需求选择合适的连接方式，确保查询结果的准确性和效率。\n\n---\n\n> 请输入\'**继续**\'或者输入新的**题目类型**',1,'admin','2025-05-09 14:37:07','2025-05-09 14:34:56','3cbbf3c1-4534-473f-b016-9f5e64f7d959',1,NULL,'system',NULL),(266,'Mysql','### 【Mysql】专题 💡\n\n## 面试题目：\n**Mysql的主从复制**\n\n> 🔥 别放弃，再想想看～',1,'admin','2025-05-09 14:40:59','2025-05-09 14:40:59','3cbbf3c1-4534-473f-b016-9f5e64f7d959',0,NULL,'system',NULL),(267,'依赖于binlog二进制日志文件，它记录了mysql中的所有操作日志，复制的过程就是将binlog日志从主库传入从库，从库会创建一个单独的io线程去处理，这个操作是异步操作，也就是在同步的过程中，还可以对数据库进行操作，当从库完成了同步就会返回完成给主库，最后从库会创建一个单独的用于回放的binlog线程去读后面操作数据库的日志，达到数据的一致性','### 评估信息：\n\n**准确率：85%**  \n**状态：良好**  \n**表达清晰度：清晰**  \n**完整性状态：完整但有改进空间**\n\n#### 详细评估：\n1. **优点：**\n   - **核心概念正确**：你提到主从复制依赖于binlog二进制日志文件，并且描述了binlog的作用和复制的基本流程，这些都是正确的。\n   - **关键组件提及**：你提到了IO线程和SQL线程（回放binlog的线程），这是MySQL主从复制中非常重要的两个线程。\n   - **异步操作的说明**：你明确指出了主从复制是异步操作，这点非常关键。\n\n2. **需要改进的地方：**\n   - **细节不够全面**：虽然你提到了IO线程和SQL线程，但没有具体解释它们的作用。比如IO线程负责从主库拉取binlog并写入到从库的relay log，而SQL线程负责读取relay log并执行其中的事件。\n   - **未提及主从同步的核心步骤**：可以补充一下主从复制的具体步骤，例如：\n     1. 主库开启binlog，并记录所有数据变更操作。\n     2. 从库通过`CHANGE MASTER TO`命令配置主库连接信息。\n     3. 从库的IO线程连接主库，请求binlog事件。\n     4. 主库将binlog事件发送给从库，从库将其写入relay log。\n     5. 从库的SQL线程读取relay log并执行其中的操作。\n   - **缺少对半同步复制的提及**：虽然题目中主要讨论的是异步复制，但为了更全面，可以简单提一下半同步复制的特点（例如主库在收到从库确认后才提交事务）。\n   - **关于返回完成给主库的表述**：你的描述“当从库完成了同步就会返回完成给主库”有些模糊，实际上在异步复制中，从库并不会主动向主库返回完成信号；只有在半同步复制中，从库才会通知主库。\n\n---\n\n### 改进后的回答：\nMysql的主从复制依赖于binlog二进制日志文件，它记录了mysql中的所有数据变更操作（如增删改）。主从复制的过程分为以下几个步骤：\n1. 主库开启binlog功能，记录所有的数据变更操作。\n2. 从库通过`CHANGE MASTER TO`命令配置主库的连接信息，包括主库地址、用户名、密码以及binlog文件名和位置。\n3. 从库启动后会创建一个单独的IO线程，该线程负责连接主库，请求binlog事件，并将主库发送的binlog事件写入到从库的relay log中。\n4. 从库还会创建一个SQL线程，该线程负责读取relay log中的事件并执行这些操作，从而实现数据的一致性。\n\n需要注意的是，主从复制默认是异步的，也就是说主库在写入binlog后无需等待从库完成同步即可继续处理其他请求。此外，MySQL还支持半同步复制，在这种模式下，主库会在事务提交前等待至少一个从库确认已接收到binlog事件。\n\n---\n\n> 请输入\'**继续**\'或者输入新的**题目类型**',1,'admin','2025-05-09 14:44:05','2025-05-09 14:40:59','3cbbf3c1-4534-473f-b016-9f5e64f7d959',1,NULL,'system',NULL),(268,'Mysql','### 【Mysql】专题 💡\n\n## 面试题目：\n**InnoDb和MyISAM的区别**\n\n> 💪 加油！你能行的！',1,'admin','2025-05-09 14:48:21','2025-05-09 14:48:20','3cbbf3c1-4534-473f-b016-9f5e64f7d959',0,NULL,'system',NULL),(269,'InnoDb：支持事务，支持事务的Acid特性，支持外键，是行锁行锁粒度比较小但是可能会因为范围而锁表，\nMyISAM：不支持事务，但是最终操作是原子性的，不支持外键，是表锁，每次操作都会锁表，对于查询效率极高。','### 评估信息：\n\n#### 准确率：良好（80%）\n1. **内容准确性**：\n   - 你对 InnoDB 和 MyISAM 的基本区别描述较为准确，包括事务支持、外键支持、锁机制等核心点。\n   - 提到 InnoDB 支持事务的 ACID 特性以及行锁的特点是正确的。\n   - 对 MyISAM 的表锁和查询效率高的描述也符合事实。\n   - 但存在一些细节上的不足，例如没有提到 MyISAM 的全文索引优势，InnoDB 的 MVCC（多版本并发控制）特性，以及 InnoDB 的崩溃恢复能力。\n\n2. **表达清晰度**：\n   - 整体表达较为清晰，逻辑通顺，能够让人理解两者的区别。\n   - 句式稍显简单，可以进一步优化语言表达以增强专业性和条理性。\n\n3. **完整性状态**：\n   - 回答覆盖了主要区别，但缺乏全面性。例如：\n     - 没有提及两种引擎在存储结构上的差异（MyISAM 使用 .MYD 和 .MYI 文件，而 InnoDB 使用表空间）。\n     - 没有提到 MyISAM 的计数器优化（`COUNT(*)` 查询更快）。\n     - 没有对比两者的应用场景。\n\n---\n\n### 改进后的回答：\n\n**InnoDB 和 MyISAM 的区别：**\n\n1. **事务支持**：\n   - InnoDB 支持事务，并且完全满足 ACID 特性（原子性、一致性、隔离性、持久性），适合需要高数据一致性的场景。\n   - MyISAM 不支持事务，所有的操作都是原子性的，但不具备回滚能力，可能导致数据不一致。\n\n2. **外键支持**：\n   - InnoDB 支持外键约束，能够保证数据的参照完整性。\n   - MyISAM 不支持外键。\n\n3. **锁机制**：\n   - InnoDB 使用行级锁，锁粒度较小，能够在高并发环境下提供更好的性能。但在某些情况下（如全表扫描）可能会升级为表锁。\n   - MyISAM 使用表级锁，每次操作都会锁住整个表，适合读多写少的场景。\n\n4. **查询效率**：\n   - MyISAM 在查询效率上表现优异，尤其对于以读为主的场景（如数据分析、报表生成）。\n   - InnoDB 在写入和更新频繁的场景下表现更好，得益于其 MVCC（多版本并发控制）机制。\n\n5. **存储结构**：\n   - MyISAM 使用独立的文件存储数据（.MYD 文件）和索引（.MYI 文件）。\n   - InnoDB 使用表空间存储数据，默认情况下所有表共享一个表空间（也可以配置为每张表独立表空间）。\n\n6. **特殊功能**：\n   - MyISAM 支持全文索引（MySQL 5.6 之前 InnoDB 不支持），并且在 `COUNT(*)` 查询上进行了优化。\n   - InnoDB 支持崩溃恢复，能够在系统异常后自动修复数据。\n\n7. **适用场景**：\n   - InnoDB 更适合需要事务支持、高并发写入、数据一致性和复杂查询的场景。\n   - MyISAM 更适合以读为主、对事务支持要求不高、追求查询速度的场景。\n\n---\n\n### 总结：\n> 你的回答整体不错，已经抓住了核心要点，但在完整性和细节补充上还有提升空间。改进后的回答更加全面，能够更好地体现两者的差异和适用场景。\n\n请输入\'**继续**\'或者输入新的**题目类型**',1,'admin','2025-05-09 14:50:55','2025-05-09 14:48:20','3cbbf3c1-4534-473f-b016-9f5e64f7d959',1,NULL,'system',NULL),(270,'Mysql','### 【Mysql】专题 💡\n\n## 面试题目：\n**怎样决定建立索引**\n\n> 💪 加油！你能行的！',1,'admin','2025-05-09 14:54:55','2025-05-09 14:54:55','3cbbf3c1-4534-473f-b016-9f5e64f7d959',0,NULL,'system',NULL),(271,'唯一性的值例如订单号，经常用于大量条件查询和排序分组的字段适合建立','### 评估结果：\n\n#### 准确率：**良好（70%-89%）**\n你的回答提到了“唯一性的值例如订单号”和“经常用于大量条件查询和排序分组的字段适合建立索引”，这些内容是正确的，且抓住了索引设计的核心要点之一。然而，你的回答缺少一些关键维度的补充说明，比如：\n1. **选择性（Selectivity）**：没有提到高选择性字段更适合建立索引。\n2. **复合索引的设计原则**：如最左前缀原则。\n3. **避免过度索引**：过多索引会增加写操作的成本，影响性能。\n4. **覆盖索引**：能够直接从索引中获取数据时，无需回表。\n\n因此，虽然你已经掌握了部分核心内容，但回答的完整性稍显不足。\n\n#### 表达清晰度：**良好**\n你的表达简洁明了，逻辑清晰，能够让人理解你所表达的意思。\n\n#### 完整性状态：**一般**\n你的回答缺少对索引设计更全面的考虑，尤其是关于性能权衡和实际场景中的注意事项。\n\n---\n\n### 改进后的回答：\n\n在决定是否为某个字段建立索引时，需要综合考虑以下几个因素：\n\n1. **唯一性或高选择性字段**  \n   唯一性字段（如订单号、用户ID等）或高选择性字段（即字段值分布广泛，重复值少）是非常适合建立索引的。因为它们能显著提升查询效率。\n\n2. **频繁用于查询条件、排序和分组的字段**  \n   如果某些字段经常出现在 `WHERE` 条件、`ORDER BY` 或 `GROUP BY` 子句中，则为这些字段建立索引可以大幅提升查询性能。\n\n3. **复合索引的设计**  \n   当多个字段经常一起作为查询条件时，可以考虑创建复合索引。需要注意的是，复合索引遵循“最左前缀原则”，即查询条件必须包含索引中最左边的字段才能有效利用索引。\n\n4. **避免过度索引**  \n   虽然索引能加速查询，但也会增加插入、更新和删除操作的成本，因为每次数据变动都需要维护索引。因此，应避免为不常用的字段或低选择性字段（如性别字段）建立索引。\n\n5. **覆盖索引的使用**  \n   如果一个查询的所有字段都可以通过索引直接获取，而无需回表查询数据行，这种索引称为覆盖索引。合理设计覆盖索引可以进一步提高查询性能。\n\n6. **实际场景中的权衡**  \n   在实际应用中，需要结合具体业务场景和查询需求来决定是否建立索引。可以通过 `EXPLAIN` 分析查询计划，判断索引是否被正确使用，并根据结果优化索引设计。\n\n---\n\n> 请输入\'**继续**\'或者输入新的**题目类型**\'',1,'admin','2025-05-09 14:56:13','2025-05-09 14:54:55','3cbbf3c1-4534-473f-b016-9f5e64f7d959',1,NULL,'system',NULL),(272,'Mysql','### 【Mysql】专题 💡\n\n## 面试题目：\n**InnoDb和MyISAM的区别**\n\n> 🚀 再试一次，你离成功不远了！',1,'admin','2025-05-09 14:59:54','2025-05-09 14:59:53','3cbbf3c1-4534-473f-b016-9f5e64f7d959',0,NULL,'system',NULL),(273,'事务支持：\n\nInnoDB 支持事务，并且完全满足 ACID 特性（原子性、一致性、隔离性、持久性），适合需要高数据一致性的场景。\nMyISAM 不支持事务，所有的操作都是原子性的，但不具备回滚能力，可能导致数据不一致。\n外键支持：\n\nInnoDB 支持外键约束，能够保证数据的参照完整性。\nMyISAM 不支持外键。\n锁机制：\n\nInnoDB 使用行级锁，锁粒度较小，能够在高并发环境下提供更好的性能。但在某些情况下（如全表扫描）可能会升级为表锁。\nMyISAM 使用表级锁，每次操作都会锁住整个表，适合读多写少的场景。\n查询效率：\n\nMyISAM 在查询效率上表现优异，尤其对于以读为主的场景（如数据分析、报表生成）。\nInnoDB 在写入和更新频繁的场景下表现更好，得益于其 MVCC（多版本并发控制）机制。\n存储结构：\n\nMyISAM 使用独立的文件存储数据（.MYD 文件）和索引（.MYI 文件）。\nInnoDB 使用表空间存储数据，默认情况下所有表共享一个表空间（也可以配置为每张表独立表空间）。\n特殊功能：\n\nMyISAM 支持全文索引（MySQL 5.6 之前 InnoDB 不支持），并且在 COUNT(*) 查询上进行了优化。\nInnoDB 支持崩溃恢复，能够在系统异常后自动修复数据。\n适用场景：\n\nInnoDB 更适合需要事务支持、高并发写入、数据一致性和复杂查询的场景。\nMyISAM 更适合以读为主、对事务支持要求不高、追求查询速度的场景。','### 评估信息：\n\n#### 准确率：**优秀（90%-100%）**\n- **事务支持**：准确描述了 InnoDB 和 MyISAM 在事务支持上的区别，提到 ACID 特性以及 MyISAM 不支持回滚的能力。\n- **外键支持**：正确指出 InnoDB 支持外键，而 MyISAM 不支持。\n- **锁机制**：清晰解释了 InnoDB 的行级锁和 MyISAM 的表级锁，并补充了行级锁在高并发场景下的优势。\n- **查询效率**：准确对比了两者的查询效率差异，尤其是 MyISAM 在读多写少场景中的表现。\n- **存储结构**：正确描述了 MyISAM 和 InnoDB 的文件存储方式。\n- **特殊功能**：提到了 MyISAM 的全文索引和 COUNT(*) 查询优化，以及 InnoDB 的崩溃恢复能力。\n- **适用场景**：对两者的适用场景进行了合理总结。\n\n#### 表达清晰度：**优秀**\n内容条理清晰，段落分明，逻辑顺畅。每一部分都以简洁的语言清楚表达了关键点。\n\n#### 完整性状态：**完整**\n覆盖了 InnoDB 和 MyISAM 的主要区别，并且没有遗漏重要知识点，回答全面且有深度。\n\n---\n\n> 请输入\'**继续**\'或者输入新的**题目类型**\'',1,'admin','2025-05-09 15:00:20','2025-05-09 14:59:53','3cbbf3c1-4534-473f-b016-9f5e64f7d959',1,NULL,'system',NULL),(274,'Mysql','### 【Mysql】专题 💡\n\n## 面试题目：\n**为什么要分库分表**\n\n> 🚀 再试一次，你离成功不远了！',1,'admin','2025-05-09 15:00:59','2025-05-09 15:00:59','3cbbf3c1-4534-473f-b016-9f5e64f7d959',0,NULL,'system',NULL),(275,'主要是为了解决数据量过大导致查询速度慢，可以提升响应速度','### 评估信息：\n\n**准确率：良好（70%-89%）**  \n你的回答提到了分库分表的核心目的之一——解决数据量过大导致查询速度慢，这确实是分库分表的主要原因。同时你也提到了可以提升响应速度，这也是正确的。不过，你的回答在**完整性**和**表达清晰度**上稍显不足，未能涵盖其他重要的原因和细节。\n\n**表达清晰度：良好**  \n你表达的意思简洁明了，但缺乏进一步的解释和扩展，显得内容较为单薄。\n\n**完整性状态：一般**  \n虽然核心点提到，但没有覆盖分库分表的其他重要目的，比如：\n1. **解决单库性能瓶颈**：当单个数据库的连接数、I/O、CPU等资源达到上限时，分库分表可以有效缓解压力。\n2. **提高系统的可用性和扩展性**：通过分库分表，可以更好地实现分布式部署，提升系统容灾能力。\n3. **优化存储管理**：单表数据量过大可能导致索引失效、存储效率低下等问题，分库分表可以改善这些问题。\n\n---\n\n### 改进后的回答：\n**为什么要分库分表？**\n\n分库分表主要是为了解决数据库在高并发、大数据量场景下的性能瓶颈问题，具体包括以下几个方面：\n1. **提升查询速度**：当单表数据量过大时，查询效率会显著下降。通过分库分表可以将数据分散到多个表或库中，从而减少单表数据量，提升查询速度。\n2. **解决单库性能瓶颈**：单个数据库在连接数、I/O吞吐量、CPU使用率等方面存在上限。分库分表可以将请求分散到多个数据库实例上，减轻单一数据库的压力。\n3. **提高系统的可用性和扩展性**：分库分表是分布式架构的重要手段之一，它能够支持水平扩展，使系统更容易应对流量增长和高并发场景。\n4. **优化存储管理**：单表数据量过大可能导致索引失效、存储效率低下等问题。分库分表可以有效控制单表数据规模，提升存储和查询效率。\n\n综上所述，分库分表是为了应对大数据量、高并发场景下数据库性能瓶颈的一种有效手段，同时也能为系统的扩展性和稳定性提供保障。\n\n---\n\n> 请输入\'**继续**\'或者输入新的**题目类型**',1,'admin','2025-05-09 15:02:03','2025-05-09 15:00:59','3cbbf3c1-4534-473f-b016-9f5e64f7d959',1,NULL,'system',NULL),(276,'Mysql','### 【Mysql】专题 💡\n\n## 面试题目：\n**Mysql怎么连表查询**\n\n> 🧩 每个难题都是成长的拼图！',1,'admin','2025-05-09 15:04:56','2025-05-09 15:04:55','3cbbf3c1-4534-473f-b016-9f5e64f7d959',0,NULL,'system',NULL),(277,'通过左连接查询左表的全部数据右表没有符合的数据设置为null 右连接查询右表的所有数据左表没有符合的数据设置为null 内连接查询两个表中完全符合的数据','### 评估结果：\n\n#### 准确率：**优秀（90%-100%）**\n你的回答准确描述了 MySQL 中的三种主要连接类型（左连接、右连接、内连接），并且对它们的功能和作用进行了清晰的说明。以下是具体分析：\n1. **左连接**：你提到“左表的全部数据，右表没有符合的数据设置为 null”，这是完全正确的。\n2. **右连接**：你提到“右表的所有数据，左表没有符合的数据设置为 null”，这也是正确的。\n3. **内连接**：你提到“查询两个表中完全符合的数据”，这是对内连接的正确解释。\n\n#### 表达清晰度：**良好**\n你的表达逻辑清晰，语句简洁明了，能够让人快速理解各种连接的作用。\n\n#### 完整性状态：**良好**\n虽然你的回答已经涵盖了主要的连接类型，但可以进一步补充一些细节以提高完整性，例如：\n- **全外连接**（虽然 MySQL 不直接支持 FULL OUTER JOIN，但可以通过 UNION 模拟实现）。\n- 简单提一下 `ON` 条件在连接中的重要性。\n- 提到 `CROSS JOIN` 或笛卡尔积的情况。\n\n不过这些补充内容并非必须，因此整体回答已经非常完整。\n\n---\n\n### 最终评估信息：\n你的回答准确率达到了**优秀**水平，表达清晰且逻辑完整，无需改进！继续保持！\n\n> 请输入\'**继续**\'或者输入新的**题目类型**\'',1,'admin','2025-05-09 15:07:09','2025-05-09 15:04:55','3cbbf3c1-4534-473f-b016-9f5e64f7d959',1,NULL,'system',NULL),(278,'Mysql','### 【Mysql】专题 💡\n\n## 面试题目：\n**索引的优缺点**\n\n> ⏳ 时间会证明你的坚持！',1,'admin','2025-05-09 15:07:29','2025-05-09 15:07:28','3cbbf3c1-4534-473f-b016-9f5e64f7d959',0,NULL,'system',NULL),(279,'索引的优点很明显就是提高查询效率，缺点就是索引需要占用物理空间，索引越多占用的空间越大，降低增删改的效率，创建索引和维护也需要时间， 这种时间随着数据而增大，因为B+数需要维护索引的有序性','### 评估信息：\n\n#### 准确率：\n你的回答总体上抓住了索引的优缺点，内容涵盖了提高查询效率、占用物理空间、降低增删改效率以及维护成本等关键点。这些是索引的核心优缺点，因此准确率较高。\n\n**准确率评分：优秀（90%-100%）**\n\n#### 表达清晰度：\n表达清晰，逻辑结构合理，能够清楚地传递核心思想。虽然可以进一步补充一些细节来提升专业性，但整体表达没有明显问题。\n\n**表达清晰度评分：良好**\n\n#### 完整性状态：\n回答基本完整，但可以稍微补充一些细节，例如：\n1. **优点方面**：可以提到索引的具体类型（如主键索引、唯一索引、全文索引等）及其适用场景。\n2. **缺点方面**：可以提及在高并发写入场景下索引对性能的影响更加显著，或者具体说明B+树如何通过分裂和合并来维护有序性。\n\n**完整性评分：良好**\n\n---\n\n### 总结：\n你的回答已经非常接近优秀水平，只需稍加完善即可达到更高的专业度。以下是改进版本供你参考：\n\n---\n\n**改进版回答：**\n索引的优点包括提高查询效率，尤其是在大规模数据场景下，通过减少扫描行数来加速查询。常见的索引类型有主键索引、唯一索引、普通索引和全文索引，每种索引适用于不同的业务场景。\n\n索引的缺点也很明显：\n1. **存储开销**：索引需要额外的物理存储空间，尤其是当表中存在多个索引时，占用的空间会显著增加。\n2. **写操作性能影响**：增删改操作会导致索引的更新，B+树结构需要维护索引的有序性，因此可能涉及节点的分裂或合并，增加了写操作的时间复杂度。\n3. **维护成本**：随着数据量的增长，索引的创建和维护时间也会增加，尤其在高并发场景下，索引可能会成为性能瓶颈。\n\n---\n\n> 请输入\'**继续**\'或者输入新的**题目类型**\'',1,'admin','2025-05-09 15:10:15','2025-05-09 15:07:28','3cbbf3c1-4534-473f-b016-9f5e64f7d959',1,NULL,'system',NULL),(280,'Mysql','### 【Mysql】专题 💡\n\n## 面试题目：\n**事务的隔离级别**\n\n> 🧠 慢慢来，答案就在前方～',1,'admin','2025-05-09 15:13:05','2025-05-09 15:13:05','3cbbf3c1-4534-473f-b016-9f5e64f7d959',0,NULL,'system',NULL),(281,'读未提交：指一个事务未提交时他左的变更会被其他事务所看到【这是最低级的事务隔离级别】读提交：指一个事务提交时他做的变更才能看到，可重读：指一个事务从开始到结束时看到的都是一样的，串行化：操作时会对记录加上读写锁，多个事务操作同一个数据时后会等第一个事务先执行','### 评估信息：\n\n#### 准确率：**良好（70%-89%）**\n\n#### 表达清晰度：\n- **清晰度尚可**，但有些地方用词不够严谨，表述稍显模糊。例如“读未提交”中“他左的变更”应为“它所做的变更”，以及“可重读”应为“可重复读”。这些小错误会影响表达的准确性。\n\n#### 完整性状态：\n- 回答整体覆盖了事务隔离级别的四个主要内容，但在细节上略显不足。例如：\n  - 没有提到每种隔离级别可能引发的问题（如脏读、不可重复读、幻读等）。\n  - 没有具体说明串行化是如何通过锁机制实现的，或者其性能影响。\n\n---\n\n### 改进后的回答：\n\n事务的隔离级别是数据库管理系统用来控制并发事务之间相互影响的机制，主要包括以下四种隔离级别：\n\n1. **读未提交（Read Uncommitted）**  \n   - 这是最低的隔离级别，在这种级别下，一个事务可以读取到其他事务尚未提交的数据变更。  \n   - 可能引发的问题：**脏读**（读取到未提交的数据）。  \n   - 应用场景：较少使用，因为数据一致性得不到保证。\n\n2. **读已提交（Read Committed）**  \n   - 在这种隔离级别下，一个事务只能读取到其他事务已经提交的数据变更。每次查询都会获取最新的已提交数据。  \n   - 可能引发的问题：**不可重复读**（同一事务内多次读取同一数据可能会得到不同的结果）。  \n   - 应用场景：适用于对数据一致性要求不高的场景。\n\n3. **可重复读（Repeatable Read）**  \n   - 在这种隔离级别下，一个事务在整个执行过程中多次读取同一数据的结果是一致的，即使其他事务对数据进行了修改并提交，也不会影响当前事务的读取结果。  \n   - 可能引发的问题：**幻读**（在同一个事务中，两次查询范围数据时，可能会因为其他事务插入新数据而看到不同的结果）。  \n   - 注意：MySQL 的 InnoDB 存储引擎通过多版本并发控制（MVCC）解决了部分幻读问题。  \n   - 应用场景：适用于需要较高数据一致性的场景。\n\n4. **串行化（Serializable）**  \n   - 这是最高级别的隔离级别，通过强制事务串行执行来避免并发问题。操作数据时会对记录加上读写锁，确保多个事务不会同时操作相同的数据。  \n   - 可能引发的问题：性能开销大，容易导致锁争用和事务等待。  \n   - 应用场景：适用于对数据一致性要求极高且并发量较低的场景。\n\n---\n\n### 总结：\n改进后的内容更加全面地解释了每个隔离级别的定义、可能引发的问题以及适用场景，帮助面试者更好地理解事务隔离级别的概念及其实际应用。\n\n> 请输入\'**继续**\'或者输入新的**题目类型**',1,'admin','2025-05-09 15:16:12','2025-05-09 15:13:05','3cbbf3c1-4534-473f-b016-9f5e64f7d959',1,NULL,'system',NULL),(282,'Mysql','### 【Mysql】专题 💡\n\n## 面试题目：\n**怎样决定建立索引**\n\n> 🧠 慢慢来，答案就在前方～',1,'admin','2025-05-09 15:16:52','2025-05-09 15:16:52','3cbbf3c1-4534-473f-b016-9f5e64f7d959',0,NULL,'system',NULL),(283,'字段唯一性的值例如商品的订单号，经常用于条件查询和排序分组的字段，具体根据业务场景来实现，可以通过expalin查询执行计划','### 评估信息：\n\n#### 准确率：\n- **准确率等级**：良好（70%-89%）\n- **理由**：你的回答提到了一些关键点，比如字段的唯一性、经常用于条件查询和排序分组的字段，以及通过 `EXPLAIN` 查询执行计划来优化索引。这些都是建立索引的重要考虑因素。然而，回答中缺少对索引设计的一些更深入的细节，例如区分度（Cardinality）、覆盖索引、联合索引的设计原则（最左前缀原则），以及避免过度索引的权衡等内容。\n\n#### 表达清晰度：\n- **清晰度等级**：良好\n- **理由**：整体表达较为清晰，能够让人理解你的思路，但可以进一步优化措辞和逻辑顺序，使回答更加条理分明。\n\n#### 完整性状态：\n- **完整性等级**：一般\n- **理由**：虽然提到了一些核心内容，但回答缺乏系统性和全面性。例如，没有提到索引的类型（如主键索引、唯一索引、普通索引等）以及它们的应用场景；也没有提及索引可能带来的负面影响（如写操作性能下降、存储开销等）。\n\n---\n\n### 改进后的回答建议：\n\n**怎样决定建立索引**\n\n1. **字段的选择**：\n   - 选择具有高区分度（Cardinality）的字段，即字段值唯一性较高的字段。例如，商品订单号、用户ID等。\n   - 经常出现在 `WHERE` 条件、`GROUP BY`、`ORDER BY` 子句中的字段，通常是建立索引的首选目标。\n   - 考虑业务场景，优先为那些查询频率高且数据量大的表字段建立索引。\n\n2. **索引类型的选择**：\n   - **主键索引**：每张表都应该有一个主键索引，确保数据的唯一性和快速定位。\n   - **唯一索引**：适用于需要保证字段唯一性的场景，例如用户名或邮箱。\n   - **普通索引**：适用于普通的查询加速场景。\n   - **联合索引**：当多个字段经常一起出现在查询条件中时，可以创建联合索引，遵循“最左前缀原则”。\n\n3. **覆盖索引**：\n   - 如果查询的所有字段都可以通过索引直接获取，而无需回表查询数据行，则称为覆盖索引。这种索引能显著提升查询性能。\n\n4. **权衡索引的利弊**：\n   - **优点**：加速查询操作，尤其是对于大数据量的表。\n   - **缺点**：增加写操作（INSERT、UPDATE、DELETE）的开销，占用额外的存储空间，可能导致锁争用问题。\n\n5. **工具辅助分析**：\n   - 使用 `EXPLAIN` 查看查询执行计划，判断索引是否被有效使用。\n   - 观察 `key` 列是否命中索引，`rows` 列是否显著减少。\n   - 结合慢查询日志，找出需要优化的查询语句。\n\n6. **避免过度索引**：\n   - 不要为每个字段都建立索引，过多的索引会降低写操作性能。\n   - 定期检查和清理无效或冗余的索引。\n\n---\n\n### 结论：\n改进后的内容更加全面，涵盖了索引设计的核心要点，并补充了权衡和优化的相关内容。希望这些建议对你有所帮助！\n\n> 请输入\'**继续**\'或者输入新的**题目类型**',1,'admin','2025-05-09 15:18:13','2025-05-09 15:16:52','3cbbf3c1-4534-473f-b016-9f5e64f7d959',1,NULL,'system',NULL),(284,'Mysql','### 【Mysql】专题 💡\n\n## 面试题目：\n**什么是多版本并发控制**\n\n> 💪 加油！你能行的！',1,'admin','2025-05-09 15:18:18','2025-05-09 15:18:17','3cbbf3c1-4534-473f-b016-9f5e64f7d959',0,NULL,'system',NULL),(285,'一种用于实现并发事务的处理机制，通过事务的可见性只能看到自己的版本数据','### 评估信息：\n\n#### 准确率：\n你的回答准确率属于**一般（50%-69%）**。  \n虽然你提到了多版本并发控制（MVCC）的核心概念，即通过事务的可见性来实现并发事务的处理机制，但你的描述过于简略，且存在一些不够准确的地方。例如，“事务的可见性只能看到自己的版本数据”这一表述不够严谨，未能全面表达 MVCC 的工作原理。\n\n#### 表达清晰度：\n清晰度尚可，但语言表达较为模糊，缺少具体细节和逻辑关系的阐述。\n\n#### 完整性状态：\n回答完整性不足。你没有提到 MVCC 的核心机制，例如如何通过“快照”或“版本链”实现事务隔离，也没有提及 MVCC 在不同隔离级别下的表现。\n\n---\n\n### 改进后的回答：\n\n**什么是多版本并发控制（MVCC）？**\n\n多版本并发控制（MVCC, Multi-Version Concurrency Control）是一种用于数据库管理系统中实现并发事务处理的机制。其核心思想是通过为数据行维护多个版本（快照），使得不同事务在读取数据时可以看到符合自己事务隔离级别的数据版本，从而减少读写冲突，提高并发性能。\n\n具体来说，MVCC 的主要特点包括以下几点：\n1. **数据版本管理**：数据库会为每一行数据维护多个版本，每个版本与一个事务 ID 或时间戳相关联。\n2. **事务隔离**：通过事务的开始时间和提交时间，MVCC 确保事务只能看到在其开始之前已经提交的数据版本，避免脏读和不可重复读等问题。\n3. **读写分离**：读操作不会阻塞写操作，写操作也不会阻塞读操作。这样可以显著提升并发性能。\n4. **垃圾回收**：当某个数据版本不再被任何事务引用时，数据库会自动清理这些旧版本，释放存储空间。\n\n在不同的事务隔离级别下，MVCC 的行为也有所不同。例如：\n- **读已提交（Read Committed）**：事务每次读取最新的已提交数据版本。\n- **可重复读（Repeatable Read）**：事务在整个生命周期内看到的是同一份快照数据。\n- **序列化（Serializable）**：通常不依赖 MVCC，而是通过加锁来保证强一致性。\n\nMVCC 的优点在于能够显著减少锁的使用，提高并发性能，同时还能保证事务隔离性。然而，它也有一些缺点，比如需要额外的存储空间来保存多个版本的数据，以及在高并发写入场景下可能导致版本过多而增加垃圾回收的开销。\n\n---\n\n> 请输入\'**继续**\'或者输入新的**题目类型**\'',1,'admin','2025-05-09 15:19:23','2025-05-09 15:18:17','3cbbf3c1-4534-473f-b016-9f5e64f7d959',1,NULL,'system',NULL),(286,'Mysql','### 【Mysql】专题 💡\n\n## 面试题目：\n**什么是多版本并发控制**\n\n> 🎯 坚持到底就是胜利！',1,'admin','2025-05-09 15:21:32','2025-05-09 15:21:32','3cbbf3c1-4534-473f-b016-9f5e64f7d959',0,NULL,'system',NULL),(287,'多版本并发控制（MVCC, Multi-Version Concurrency Control）是一种用于数据库管理系统中实现并发事务处理的机制。其核心思想是通过为数据行维护多个版本（快照），使得不同事务在读取数据时可以看到符合自己事务隔离级别的数据版本，从而减少读写冲突，提高并发性能。\n\n具体来说，MVCC 的主要特点包括以下几点：\n\n数据版本管理：数据库会为每一行数据维护多个版本，每个版本与一个事务 ID 或时间戳相关联。\n事务隔离：通过事务的开始时间和提交时间，MVCC 确保事务只能看到在其开始之前已经提交的数据版本，避免脏读和不可重复读等问题。\n读写分离：读操作不会阻塞写操作，写操作也不会阻塞读操作。这样可以显著提升并发性能。\n垃圾回收：当某个数据版本不再被任何事务引用时，数据库会自动清理这些旧版本，释放存储空间。\n在不同的事务隔离级别下，MVCC 的行为也有所不同。例如：\n\n读已提交（Read Committed）：事务每次读取最新的已提交数据版本。\n可重复读（Repeatable Read）：事务在整个生命周期内看到的是同一份快照数据。\n序列化（Serializable）：通常不依赖 MVCC，而是通过加锁来保证强一致性。\nMVCC 的优点在于能够显著减少锁的使用，提高并发性能，同时还能保证事务隔离性。然而，它也有一些缺点，比如需要额外的存储空间来保存多个版本的数据，以及在高并发写入场景下可能导致版本过多而增加垃圾回收的开销','### 评估信息\n\n#### 准确率：优秀（90%-100%）\n你的回答非常全面，涵盖了多版本并发控制（MVCC）的核心概念、主要特点以及在不同事务隔离级别下的行为差异。以下是具体评估：\n\n1. **核心概念**：\n   - 你准确地定义了 MVCC 是通过为数据行维护多个版本来减少读写冲突并提高并发性能的机制。\n   - 提到了事务 ID 或时间戳与数据版本的关联，这是 MVCC 的关键技术点。\n\n2. **主要特点**：\n   - 数据版本管理、事务隔离、读写分离和垃圾回收这四点总结得非常到位，体现了对 MVCC 工作原理的深刻理解。\n   - 特别是提到垃圾回收机制，这一点很多人容易忽略，但却是 MVCC 中的重要部分。\n\n3. **事务隔离级别**：\n   - 针对不同的事务隔离级别（如读已提交、可重复读、序列化）清晰地描述了 MVCC 的行为差异。\n   - 对序列化级别不依赖 MVCC 而是通过加锁实现的说明也非常准确。\n\n4. **优缺点分析**：\n   - 提到 MVCC 的优点（减少锁使用、提高并发性能、保证隔离性）和缺点（额外存储空间需求、高并发写入场景下的垃圾回收开销），展现了一个全面的理解。\n\n#### 表达清晰度：优秀\n- 回答条理清晰，逻辑严密，层次分明，从定义到特点再到隔离级别的行为差异，最后总结优缺点，结构完整。\n- 使用了专业术语，同时语言简洁易懂。\n\n#### 完整性状态：优秀\n- 涵盖了 MVCC 的所有关键点，没有遗漏重要内容。\n- 还补充了一些细节（如垃圾回收机制），使回答更加丰富。\n\n---\n\n> 请输入\'**继续**\'或者输入新的**题目类型**\'',1,'admin','2025-05-09 15:22:01','2025-05-09 15:21:32','3cbbf3c1-4534-473f-b016-9f5e64f7d959',1,NULL,'system',NULL),(288,'Mysql','### 【Mysql】专题 💡\n\n## 面试题目：\n**脏写 脏读 幻读 不可重复读**\n\n> 🧩 每个难题都是成长的拼图！',1,'admin','2025-05-09 15:22:16','2025-05-09 15:22:16','3cbbf3c1-4534-473f-b016-9f5e64f7d959',0,NULL,'system',NULL),(289,'脏写：操作同一个数据时一个事务的修改会被另外一个事务所覆盖 脏读：一个事务读取到另外一个事务未提交的数据 幻读：一个事务执行多次相同的查询，在事务A为结束时，事务B插入了一条数据，并提交了此时事务a查询返回了第一次所没有的数据 不可重复度：同一个事务下由于其他事务的修改导致同一个数据读取两次的结果不一致','### 评估结果：\n\n#### 1. **准确率**：\n- **脏写**：描述基本正确，但可以更具体一些。例如，可以提到“脏写是指两个事务同时修改同一数据，后提交的事务覆盖了先提交事务的修改，导致数据不一致。”  \n- **脏读**：描述完全正确，清晰明了。\n- **幻读**：描述正确，但可以稍微补充一下幻读发生的典型场景（如范围查询）。  \n- **不可重复读**：描述正确，但可以进一步说明“不可重复读”与“幻读”的区别（前者是针对同一条记录的修改，后者是针对新增或删除记录）。\n\n综合来看，您的回答准确率在 **良好（70%-89%）** 范围内。\n\n---\n\n#### 2. **表达清晰度**：\n- 表述整体较为清晰，逻辑通顺，容易理解。\n- 部分术语（如“不可重复度”）存在小的笔误，应改为“不可重复读”。\n\n---\n\n#### 3. **完整性状态**：\n- 回答基本完整，涵盖了四个概念的核心内容。\n- 可以进一步优化每个概念的定义，尤其是补充背景知识和对比分析（如脏写与其他问题的区别）。\n\n---\n\n### 改进建议：\n以下是改进后的回答版本：\n\n---\n\n**脏写**：脏写是指两个事务同时修改同一数据，后提交的事务覆盖了先提交事务的修改，导致数据不一致。这是数据库并发控制中最严重的问题之一，通常通过严格的锁机制或MVCC（多版本并发控制）来避免。\n\n**脏读**：脏读是指一个事务读取到了另一个事务未提交的数据。这种情况可能导致数据的不一致性，因为未提交的数据可能会被回滚。脏读通常发生在较低的事务隔离级别（如Read Uncommitted）下。\n\n**幻读**：幻读是指一个事务执行多次相同的范围查询时，在事务A未结束的情况下，事务B插入了一条符合查询条件的新数据并提交，此时事务A再次查询时发现返回了之前没有的数据。幻读通常发生在范围查询中，与不可重复读不同，幻读涉及的是数据的新增或删除。\n\n**不可重复读**：不可重复读是指同一个事务在两次读取同一数据时，由于其他事务对数据进行了修改并提交，导致两次读取的结果不一致。与幻读不同，不可重复读关注的是同一条记录的内容变化，而不是新增或删除记录。\n\n---\n\n### 最终评估：\n- 准确率：良好（70%-89%）\n- 表达清晰度：较好\n- 完整性状态：较完整，但可进一步优化\n\n> 请输入\'**继续**\'或者输入新的**题目类型**',1,'admin','2025-05-09 15:25:56','2025-05-09 15:22:16','3cbbf3c1-4534-473f-b016-9f5e64f7d959',1,NULL,'system',NULL),(290,'Mysql','### 【Mysql】专题 💡\n\n## 面试题目：\n**Mysql 不用跳表而用B十树**\n\n> ✨ 你可以的，相信自己！',1,'admin','2025-05-10 14:30:24','2025-05-10 14:30:24','3cbbf3c1-4534-473f-b016-9f5e64f7d959',0,NULL,'system',NULL),(291,'跳表主要通过在有序链表上增加多个索级索引来快速查找的，数据分布不均匀，导致读取效率低，io访问效率不可控，主要因为节点之间的路径长度不可控','### 评估信息：\n\n- **准确率**：良好（70%-89%）  \n- **表达清晰度**：中等，有一定逻辑但表述略显模糊  \n- **完整性状态**：基本完整，但缺乏一些关键点的深入说明  \n\n---\n\n### 改进建议：\n\n你提到“跳表数据分布不均匀导致路径长度不可控”这点是正确的，但可以更准确地指出 MySQL 使用 B+ 树而非跳表的根本原因在于：\n\n1. **磁盘 I/O 的优化需求**：\n   - B+ 树高度低、扇出大，适合一次读取大量连续数据块（利用磁盘预读机制），而跳表更适合内存中的快速访问。\n   \n2. **范围查询支持好**：\n   - B+ 树叶子节点形成有序链表，非常适合数据库常见的范围查询（如 `WHERE id BETWEEN 100 AND 200`）。\n\n3. **跳表在并发控制和持久化实现上较复杂**：\n   - 跳表结构在写操作频繁或崩溃恢复场景下难以高效维护一致性。\n\n4. **索引结构与存储引擎的适配性**：\n   - InnoDB 等引擎基于页式存储，B+ 树天然契合这种存储方式，而跳表不太适合页式管理。\n\n---\n\n### 改进后的参考回答：\n\n> MySQL 使用 B+ 树作为索引结构而不是跳表，主要是因为 B+ 树更适合磁盘存储系统的特性。跳表虽然在内存中查找效率高，但其结构依赖指针跳跃，在磁盘上容易造成大量随机 I/O，影响性能。而 B+ 树通过低高度、高扇出的设计减少 I/O 次数，并且叶子节点之间用链表连接，便于范围查询和顺序扫描。此外，B+ 树与数据库页式存储机制高度匹配，有利于缓存管理和事务恢复等机制的实现。\n\n---\n\n> 请输入\'**继续**\'或者输入新的**题目类型**\'',1,'admin','2025-05-10 14:32:56','2025-05-10 14:30:24','3cbbf3c1-4534-473f-b016-9f5e64f7d959',1,NULL,'system',NULL),(292,'Mysql','### 【Mysql】专题 💡\n\n## 面试题目：\n**为什么建议InnoDB必须设置主建**\n\n> 🎯 坚持到底就是胜利！',1,'admin','2025-05-10 14:33:14','2025-05-10 14:33:13','3cbbf3c1-4534-473f-b016-9f5e64f7d959',0,NULL,'system',NULL),(293,'如果不设置主键，会从数据字段中唯一的列中作为主键，如果都没有，会自己创建一个隐藏的列作为主键，影响效率','### ✅ 评估结果：\n\n- **准确率：良好（70%-89%）**\n- **表达清晰度：良好**，基本表达了核心思想，但略显简略。\n- **完整性状态：一般**，虽然提到了没有主键时 InnoDB 的行为，但缺少一些关键细节和深度解释，比如聚簇索引的作用、隐藏列的实现机制等。\n\n---\n\n### 🔧 改进建议：\n\n下面是一个更完整、更具专业性的回答版本，供你参考：\n\n---\n\n#### 💡 改进后的回答：\n\n在 InnoDB 存储引擎中，**建议必须显式设置主键（Primary Key）**，原因如下：\n\n1. **InnoDB 是索引组织表（Index-Organized Table）**：\n   - InnoDB 使用**聚簇索引（Clustered Index）**来组织数据存储，聚簇索引的叶子节点就存储了完整的行数据。\n   - 如果表定义了主键，则主键索引就是聚簇索引。\n\n2. **如果没有显式定义主键**，InnoDB 会按以下顺序选择聚簇索引：\n   - 首先会选择一个**唯一非空（Unique NOT NULL）索引**作为聚簇索引；\n   - 如果不存在这样的索引，InnoDB 将**自动生成一个隐藏的 6 字节的 ROW_ID 列**作为聚簇索引键值。\n\n3. **使用隐藏 ROW_ID 的问题**：\n   - 该隐藏列用户不可见，也无法利用，因此无法通过它来进行查询优化；\n   - 所有增删改操作都需要维护这个无法利用的索引结构，会造成额外的性能开销；\n   - 插入数据时可能引起页分裂或随机 I/O，影响写入效率；\n   - 数据检索效率也会下降，因为无法根据业务逻辑合理规划聚簇索引。\n\n4. **显式设置主键的好处**：\n   - 可以选择具有单调递增特性的字段（如自增 ID）作为主键，有利于减少页分裂；\n   - 提高查询效率，尤其是范围查询；\n   - 主键与聚簇索引一致，有助于理解数据的物理存储方式；\n   - 对于外键约束、联表查询等场景，主键是基础支持。\n\n---\n\n> 因此，为了保证数据存储的高效性和查询性能，**强烈建议 InnoDB 表显式设置主键**。\n\n---\n\n> 请输入\'**继续**\'或者输入新的**题目类型**\'',1,'admin','2025-05-10 14:34:19','2025-05-10 14:33:13','3cbbf3c1-4534-473f-b016-9f5e64f7d959',1,NULL,'system',NULL),(294,'Mysql','### 【Mysql】专题 💡\n\n## 面试题目：\n**Mysql的主从复制**\n\n> 🧠 慢慢来，答案就在前方～',1,'admin','2025-05-10 14:34:53','2025-05-10 14:34:53','3cbbf3c1-4534-473f-b016-9f5e64f7d959',0,NULL,'system',NULL),(295,'sdfsdf','### 评估结果：\n\n**准确率：较差（0%-49%）**  \n原因：您提供的回答“sdfsdf”与题目完全无关，没有涉及MySQL复制的工作原理。因此无法体现对问题的理解或专业知识。\n\n**表达清晰度：较差**  \n原因：回答内容是无意义的字符，无法传达任何信息。\n\n**完整性状态：不完整**  \n原因：回答未包含任何关于MySQL复制工作原理的描述，缺乏必要的技术细节和逻辑结构。\n\n---\n\n### 改进后的回答：\n\n**MySQL复制（Replication）的工作原理：**\n\nMySQL复制是一种异步的过程，用于将一个MySQL数据库服务器（称为主库，Master）的数据同步到一个或多个MySQL数据库服务器（称为从库，Slave）。其主要目的是实现数据冗余、负载均衡以及提高系统的可用性和扩展性。\n\n以下是MySQL复制的基本工作流程：\n\n1. **主库记录二进制日志（Binary Log）**  \n   主库会将其所有更改操作（如INSERT、UPDATE、DELETE等）记录到二进制日志文件中。这些日志记录了每个操作的详细信息，包括SQL语句或行级别的数据变化。\n\n2. **从库连接主库并请求日志**  \n   从库通过I/O线程连接到主库，并请求获取主库的二进制日志文件中的事件。主库会将这些日志事件发送给从库。\n\n3. **从库存储中继日志（Relay Log）**  \n   从库接收到主库的日志事件后，会将其写入自己的中继日志文件中。中继日志是主库二进制日志的一个副本。\n\n4. **从库重放日志事件**  \n   从库通过SQL线程读取中继日志中的事件，并在本地数据库中重放这些事件，从而实现与主库的数据同步。\n\n5. **异步复制的特点**  \n   MySQL复制通常是异步的，这意味着主库不会等待从库完成日志事件的执行。这种机制可以提高性能，但也可能导致主从数据短暂的不一致。\n\n6. **可选的复制模式**  \n   - **基于语句的复制（SBR）**：主库记录SQL语句并在从库上重放。  \n   - **基于行的复制（RBR）**：主库记录每一行数据的变化并在从库上应用。  \n   - **混合模式复制**：根据具体情况动态选择SBR或RBR。\n\n7. **增强功能**  \n   - **半同步复制**：主库在提交事务后会等待至少一个从库确认接收到日志，确保更高的数据安全性。  \n   - **多线程复制**：从库可以使用多个线程并行处理日志事件，提高复制效率。\n\n---\n\n**总结：**  \nMySQL复制的核心是通过二进制日志传递数据变更，从库通过拉取和重放日志来实现与主库的同步。它广泛应用于分布式系统中，为数据备份、读写分离和高可用架构提供了基础支持。\n\n---\n\n> 请输入\'**继续**\'或者输入新的**题目类型**',16,'HaoMember','2025-05-12 12:55:14','2025-05-08 13:14:01','4f13afd4-2589-44ac-869e-8c1517acdd87',1,NULL,'system',NULL),(296,'Java虚拟机','### 【Java虚拟机】专题 💡\n\n## 面试题目：\n**堆和栈的区别**\n\n> 🌈 每一次尝试都让你更接近成功！',16,'HaoMember','2025-05-18 14:16:21','2025-05-18 14:16:21','de3826cd-5c08-4fed-8c54-73be910da3ac',0,1,'system',NULL),(297,'栈是一种线性的数据结构，后进先出，内存分配速度快是自动的，栈大小是固定的，堆是一种树状的数据结构，内存分配和释放需要手动管理，大小需要动态调整','### 评估信息：\n\n#### 准确率：\n您的回答在描述栈和堆的区别时，部分表述存在不准确的地方，因此准确率为 **65%**，属于 **一般** 水平。\n\n#### 表达清晰度：\n您的表达逻辑较为清晰，能够清楚地说明栈和堆的基本特点，但在一些细节上需要改进。\n\n#### 完整性状态：\n您的回答缺少对堆和栈在 Java 虚拟机中的具体用途、内存分配方式、生命周期管理等方面的详细说明，内容不够全面。\n\n---\n\n### 改进后的回答：\n以下是针对您回答的改进建议及更完整的答案：\n\n**堆和栈的区别：**\n\n1. **数据结构与内存分配：**\n   - 栈是一种线性的数据结构，遵循后进先出（LIFO）的原则。栈的内存分配是自动进行的，由编译器负责管理，主要用于存储局部变量、方法调用和控制信息。\n   - 堆是一种树状的数据结构（这里需澄清的是，堆并不是数据结构意义上的“堆”，而是指动态内存区域）。堆的内存分配和释放是非连续的，通常需要手动管理（例如通过 `new` 关键字分配内存），或者由垃圾回收器（GC）自动管理。\n\n2. **内存分配速度：**\n   - 栈的内存分配速度快，因为它的分配和释放非常简单，遵循严格的顺序。\n   - 堆的内存分配速度相对较慢，因为需要动态调整内存大小，并且涉及复杂的分配算法。\n\n3. **大小限制：**\n   - 栈的大小通常是固定的，由操作系统或 JVM 预先设定，如果超出栈的容量会导致 `StackOverflowError`。\n   - 堆的大小是动态的，可以根据程序运行情况调整，但如果堆内存不足，则会抛出 `OutOfMemoryError`。\n\n4. **生命周期：**\n   - 栈中的变量具有较短的生命周期，通常随着方法的调用结束而自动销毁。\n   - 堆中的对象生命周期较长，直到没有引用指向该对象时，垃圾回收器才会回收其占用的内存。\n\n5. **用途：**\n   - 栈用于存储基本数据类型（如 int、float）、对象引用和方法调用的上下文。\n   - 堆用于存储对象实例和数组等动态分配的数据。\n\n---\n\n### 评估总结：\n- **准确率：** 一般（65%）\n- **表达清晰度：** 清晰，但需要补充更多细节。\n- **完整性状态：** 不够完整，建议增加堆和栈的具体用途及生命周期等内容。\n\n> 请输入\'**继续**\'或者输入新的**题目类型**',16,'HaoMember','2025-05-18 14:18:36','2025-05-18 14:21:10','de3826cd-5c08-4fed-8c54-73be910da3ac',1,0,'system',NULL),(298,'Java虚拟机','### 【Java虚拟机】专题 💡\n\n## 面试题目：\n**如何判断对象是否存活**\n\n> ⏳ 时间会证明你的坚持！',16,'HaoMember','2025-05-18 14:21:10','2025-05-18 14:21:10','de3826cd-5c08-4fed-8c54-73be910da3ac',0,NULL,'system',NULL),(299,'可以采用引用计数法，每个对象都维护一个计数器被引用加1不被引用时减1','### 评估信息：\n\n**准确率：75%（良好）**  \n**表达清晰度：良好**  \n**完整性状态：一般**\n\n你的回答提到了引用计数法，这是判断对象是否存活的一种方法，说明你对这个问题有一定的了解。但是，引用计数法并不是Java虚拟机（JVM）中实际使用的主流算法，因此你的回答在完整性和准确性上有所欠缺。\n\n在JVM中，判断对象是否存活主要依赖 **可达性分析算法（GC Roots Tracing）**，而不是引用计数法。引用计数法虽然简单，但它存在无法解决循环引用的问题，因此现代JVM并未采用这种方法。\n\n---\n\n### 改进后的回答：\n\n在Java虚拟机中，判断对象是否存活主要通过 **可达性分析算法** 来实现。具体过程如下：\n\n1. **GC Roots**：JVM会选取一组称为“GC Roots”的对象作为起点。这些对象通常是方法栈中的局部变量、正在运行的线程、静态字段等。\n   \n2. **可达性分析**：从GC Roots开始，沿着对象之间的引用链进行搜索。如果某个对象与GC Roots之间存在一条引用路径，则认为该对象是“可达”的，也就是存活的；反之，如果某个对象无法通过任何引用链连接到GC Roots，则认为该对象是“不可达”的，也就是垃圾回收的目标。\n\n3. **引用级别**：除了基本的可达性分析，JVM还提供了不同级别的引用（如强引用、软引用、弱引用、虚引用），进一步细化了对象的生命周期管理。\n\n4. **引用计数法的局限性**：虽然引用计数法是一种简单的判断对象是否存活的方法，但它存在无法解决循环引用的问题（例如两个对象互相引用但没有任何外部引用指向它们）。因此，JVM并未采用引用计数法，而是使用更可靠的可达性分析算法。\n\n---\n\n> 请输入\'**继续**\'或者输入新的**题目类型**\'',16,'HaoMember','2025-05-18 14:22:20','2025-05-18 14:21:10','de3826cd-5c08-4fed-8c54-73be910da3ac',1,NULL,'system',NULL),(300,'Java虚拟机','### 【Java虚拟机】专题 💡\n\n## 面试题目：\n**为什么要有双亲委派机制**\n\n> ✨ 你可以的，相信自己！',16,'HaoMember','2025-05-18 14:25:08','2025-05-18 14:25:08','de3826cd-5c08-4fed-8c54-73be910da3ac',0,NULL,'system',NULL),(301,'首先自上而下的过程防止重复类的加载，可以实现安全机制防止核心类被篡改','### 评估信息：\n\n**准确率：优秀（90%-100%）**  \n**表达清晰度：良好**  \n**完整性状态：完整**\n\n#### 理由：\n1. **准确率**：你回答的核心点非常准确，提到了双亲委派机制的两个主要作用——防止重复类的加载和实现安全机制防止核心类被篡改。这确实是双亲委派机制的核心目的，因此准确率达到了优秀级别。\n2. **表达清晰度**：你的表达逻辑较为清晰，能够让人理解双亲委派机制的作用，但可以进一步补充一些细节来增强表达的专业性和深度。\n3. **完整性状态**：你的回答涵盖了双亲委派机制的主要作用，已经比较完整。如果想让答案更加全面，可以补充一些具体的例子或扩展性内容。\n\n---\n\n> 请输入\'**继续**\'或者输入新的**题目类型**',16,'HaoMember','2025-05-18 14:26:13','2025-05-18 14:25:08','de3826cd-5c08-4fed-8c54-73be910da3ac',1,NULL,'system',NULL),(302,'Java虚拟机','### 【Java虚拟机】专题 💡\n\n## 面试题目：\n**Jvm的组成**\n\n> ⚡ 让智慧之光指引你前进！',16,'HaoMember','2025-05-18 14:26:32','2025-05-18 14:26:31','de3826cd-5c08-4fed-8c54-73be910da3ac',0,NULL,'system',NULL),(303,'由类加载器将java写的代码编译成字节码文件然后加载近内存中也叫“运行时数据区”，运行时数据区用于存储字节码文件中的各种数据信息，不同的内存存储不同的数据然后通过“执行引擎”将信息解析成计算机所识别的命令','### 评估信息\n\n#### 准确率\n根据你的回答，整体上抓住了 JVM 的主要组成部分，并且对类加载器、运行时数据区和执行引擎的功能做了简要描述。不过有一些细节不够准确或清晰，比如：\n1. **类加载器**部分：你提到“将 Java 写的代码编译成字节码文件”，这是不准确的。实际上，Java 源代码通过 `javac` 编译器生成字节码文件（`.class` 文件），而不是由类加载器完成。\n2. **运行时数据区**部分：你提到了不同的内存存储不同的数据，但没有明确说明运行时数据区的具体组成部分（如方法区、堆、栈、本地方法栈、程序计数器等）。\n3. **执行引擎**部分：你提到“解析成计算机所识别的命令”，这个描述过于笼统，可以更具体地提到解释器、JIT 编译器等。\n\n综合来看，准确率约为 **75%**，属于 **良好** 等级。\n\n#### 表达清晰度\n你的表达逻辑清晰，能够清楚地传达 JVM 的基本工作流程，但在某些术语和概念的表述上略显模糊。\n\n#### 完整性状态\n回答中缺少对 JVM 组成的详细描述，尤其是运行时数据区的具体部分和执行引擎的工作机制。\n\n---\n\n### 改进后的回答\n以下是改进后的版本，供参考：\n\n> JVM（Java Virtual Machine）主要由三大部分组成：**类加载器子系统**、**运行时数据区** 和 **执行引擎**。\n>\n> 1. **类加载器子系统**  \n>    类加载器负责将编译好的字节码文件（`.class` 文件）加载到 JVM 中，并将其转换为方法区中的运行时数据结构。类加载过程分为三个阶段：加载、链接（验证、准备、解析）和初始化。\n>\n> 2. **运行时数据区**  \n>    运行时数据区是 JVM 的核心部分，用于存储程序运行时所需的各种数据。它包括以下几部分：\n>    - **方法区**：存储类信息、常量池、静态变量等。\n>    - **堆**：存放对象实例和数组，是垃圾回收的主要区域。\n>    - **虚拟机栈**：每个线程有一个私有的栈，用于存储局部变量表、操作数栈等。\n>    - **本地方法栈**：为本地方法服务。\n>    - **程序计数器**：记录当前线程执行的字节码指令地址。\n>\n> 3. **执行引擎**  \n>    执行引擎负责执行字节码指令。它通过以下方式实现：\n>    - **解释器**：逐条解释执行字节码指令。\n>    - **JIT 编译器（即时编译器）**：将热点代码编译为本地机器码以提高性能。\n>    - **垃圾回收器**：自动管理内存，回收不再使用的对象。\n>\n> 总结来说，JVM 通过类加载器加载字节码文件，利用运行时数据区存储数据，并通过执行引擎解析和执行指令，最终实现跨平台运行。\n\n---\n\n### 结论\n- **准确率**：良好（75%）\n- **表达清晰度**：清晰，但部分术语需要更精准。\n- **完整性状态**：一般，缺少对运行时数据区和执行引擎的详细描述。\n\n请输入\'**继续**\'或者输入新的**题目类型**',16,'HaoMember','2025-05-18 14:28:44','2025-05-18 14:26:31','de3826cd-5c08-4fed-8c54-73be910da3ac',1,NULL,'system',NULL),(304,'Java虚拟机','### 【Java虚拟机】专题 💡\n\n## 面试题目：\n**常量池的分类**\n\n> 💡 这道题对你来说不是问题！',16,'HaoMember','2025-05-18 14:31:13','2025-05-18 14:31:13','de3826cd-5c08-4fed-8c54-73be910da3ac',0,NULL,'system',NULL),(305,'class常量池：存放编译期间的字面量和引用，运行时常量池：存放jvm运行期间的静态数据，全局常量池：存放的是字符串的引用值“jvm是只有一份”，字符串常量池：类似于缓存池 ，会缓存字符串','### 评估信息：\n\n#### 准确率：\n你的回答准确率属于 **良好（70%-89%）**。\n\n#### 表达清晰度：\n表达基本清晰，但部分概念的描述略显模糊，尤其是“全局常量池”这一术语并不常见，可能会引起混淆。\n\n#### 完整性状态：\n回答整体结构较为完整，涵盖了常量池的主要分类，但对于某些分类的具体作用和实现细节解释不够全面，尤其是运行时常量池和字符串常量池的关系未明确说明。\n\n---\n\n### 改进建议：\n1. **class常量池**：  \n   - 你的描述是正确的，但可以更具体一些。例如：“class常量池是编译期间生成的，存储在 `.class` 文件中，包含字面量（如字符串、数字等）和符号引用（如类名、方法名、字段名等）。”\n\n2. **运行时常量池**：  \n   - 你的描述稍显笼统。建议改为：“运行时常量池是 JVM 在类加载阶段从 class 常量池中加载到内存中的，位于方法区（JDK 1.8 后为元空间），存放了运行时所需的静态数据，包括符号引用解析后的直接引用以及其他动态生成的数据。”\n\n3. **全局常量池**：  \n   - 这个术语并不常见，容易引起误解。实际上，你可能想表达的是 **字符串常量池** 或者 **运行时常量池** 的一部分。可以删除“全局常量池”的描述，避免混淆。\n\n4. **字符串常量池**：  \n   - 你的描述基本正确，但可以补充更多细节。例如：“字符串常量池是 JVM 中用于缓存字符串对象的特殊区域，确保相同的字符串字面量只存储一份，以节省内存。它位于堆内存中（JDK 1.7 后从永久代迁移到堆中），通过 `String.intern()` 方法可以将字符串显式加入字符串常量池。”\n\n---\n\n### 改进后的回答示例：\n**常量池的分类**：\n\n1. **class常量池**：  \n   存储在 `.class` 文件中，包含编译期间生成的字面量和符号引用，如字符串字面量、类名、方法名、字段名等。\n\n2. **运行时常量池**：  \n   是 JVM 在类加载阶段从 class 常量池加载到内存中的部分，位于方法区（JDK 1.8 后为元空间）。它不仅包含 class 常量池的内容，还会存储运行时生成的数据，如动态代理生成的类信息。\n\n3. **字符串常量池**：  \n   用于缓存字符串对象，确保相同的字符串字面量只存储一份，节省内存。它位于堆内存中（JDK 1.7 后从永久代迁移到堆中）。通过调用 `String.intern()` 方法可以将字符串显式加入字符串常量池。\n\n---\n\n> 请输入\'**继续**\'或者输入新的**题目类型**',16,'HaoMember','2025-05-18 14:33:17','2025-05-18 14:31:13','de3826cd-5c08-4fed-8c54-73be910da3ac',1,NULL,'system',NULL),(306,'Java虚拟机','### 【Java虚拟机】专题 💡\n\n## 面试题目：\n**类加载器有哪些**\n\n> 🔥 别放弃，再想想看～',16,'HaoMember','2025-05-18 14:36:29','2025-05-18 14:36:29','de3826cd-5c08-4fed-8c54-73be910da3ac',0,NULL,'system',NULL),(307,'引导类加载器，扩展类加载器，应用程序类加载器，自定义类加载器','### 评估信息：\n\n- **准确率**：优秀（90%-100%）  \n  您的回答非常全面，涵盖了Java虚拟机中类加载器的四个主要类型：引导类加载器（Bootstrap ClassLoader）、扩展类加载器（Extension ClassLoader）、应用程序类加载器（Application ClassLoader），以及自定义类加载器（Custom ClassLoader）。这些正是Java类加载器的核心组成部分。\n  \n- **表达清晰度**：清晰  \n  您的回答简洁明了，直接列出了四种类加载器，没有歧义。\n\n- **完整性状态**：完整  \n  回答包含了所有关键点，无需补充额外内容。\n\n---\n\n> 请输入\'**继续**\'或者输入新的**题目类型**',16,'HaoMember','2025-05-18 14:37:11','2025-05-18 14:36:29','de3826cd-5c08-4fed-8c54-73be910da3ac',1,NULL,'system',NULL),(308,'Java虚拟机','### 【Java虚拟机】专题 💡\n\n## 面试题目：\n**类的加载过程**\n\n> 🦸 你就是自己的超级英雄！',16,'HaoMember','2025-05-18 14:37:15','2025-05-18 14:37:15','de3826cd-5c08-4fed-8c54-73be910da3ac',0,NULL,'system',NULL),(309,'将类读取出来验证文件和版本能否被虚拟机解析，没问题之后将类的属性分配好内存空间，然后解析class文件的二进制字符号并将类的字段进行初始化，就好了不用就可以卸载，哈哈哈.........','### 评估结果：\n\n**准确率：一般（50%-69%）**\n\n**表达清晰度：中等**  \n你的回答大体上表达了类加载过程的某些步骤，但语言组织不够严谨，部分内容存在误导或不完整的描述。例如，“将类读取出来验证文件和版本能否被虚拟机解析”这部分表述模糊，没有明确提到“加载、验证、准备、解析、初始化”这几个关键阶段。\n\n**完整性状态：欠缺**  \n你提到了一些类加载的核心概念，但缺乏对完整流程的细致描述，并且未提及一些重要细节，比如类加载器的作用、类卸载的条件等。此外，“哈哈哈.........”这种语气显得不够专业。\n\n---\n\n### 改进后的回答：\n\n**类的加载过程**是Java虚拟机（JVM）运行时的重要环节，完整的类加载过程分为以下几个步骤：\n\n1. **加载（Loading）**  \n   - JVM通过类的全限定名（如`com.example.MyClass`）找到对应的`.class`文件，并将其二进制数据读入内存。\n   - 加载阶段由类加载器完成，常见的类加载器包括：启动类加载器（Bootstrap ClassLoader）、扩展类加载器（Extension ClassLoader）和应用程序类加载器（Application ClassLoader）。\n   - 在内存中生成一个代表该类的`java.lang.Class`对象，作为访问该类的入口。\n\n2. **验证（Verification）**  \n   - 验证阶段确保加载的字节码符合JVM规范，防止恶意代码破坏虚拟机的安全性。\n   - 包括文件格式验证（如魔数检查）、元数据验证（如父类是否存在）、字节码验证（如操作数栈是否越界）以及符号引用验证。\n\n3. **准备（Preparation）**  \n   - 为类的静态变量分配内存，并设置默认初始值（如`int`类型默认值为0，`boolean`为`false`）。\n   - 注意：此时不会执行用户定义的赋值逻辑，也不会为实例变量分配内存。\n\n4. **解析（Resolution）**  \n   - 将常量池中的符号引用转换为直接引用。\n   - 符号引用是以一组符号描述目标（如类名、方法名），而直接引用指向内存中的具体地址。\n\n5. **初始化（Initialization）**  \n   - 执行类构造器`<clinit>()`方法，对静态变量进行显式赋值并执行静态代码块。\n   - 初始化是类加载的最后一个阶段，只有在真正使用类时才会触发。\n\n6. **使用（Using）**  \n   - 类加载完成后，程序可以通过`new`关键字创建对象，调用其方法或访问其字段。\n\n7. **卸载（Unloading）**  \n   - 当类不再被任何地方引用时（如类加载器被回收），JVM会卸载该类，释放其占用的内存资源。\n\n---\n\n### 总结：\n类的加载过程是一个复杂但有序的流程，分为加载、验证、准备、解析、初始化、使用和卸载七个阶段。每个阶段都有其特定的任务，确保类能够安全、高效地运行在JVM中。\n\n> 请输入\'**继续**\'或者输入新的**题目类型**',16,'HaoMember','2025-05-18 14:39:13','2025-05-18 14:37:15','de3826cd-5c08-4fed-8c54-73be910da3ac',1,NULL,'system',NULL),(310,'Java虚拟机','### 【Java虚拟机】专题 💡\n\n## 面试题目：\n**常量池的分类**\n\n> 🌈 每一次尝试都让你更接近成功！',16,'HaoMember','2025-05-18 14:42:05','2025-05-18 14:42:04','de3826cd-5c08-4fed-8c54-73be910da3ac',0,NULL,'system',NULL),(311,'class常量池：\n存储在 .class 文件中，包含编译期间生成的字面量和符号引用，如字符串字面量、类名、方法名、字段名等。\n\n运行时常量池：\n是 JVM 在类加载阶段从 class 常量池加载到内存中的部分，位于方法区（JDK 1.8 后为元空间）。它不仅包含 class 常量池的内容，还会存储运行时生成的数据，如动态代理生成的类信息。\n\n字符串常量池：\n用于缓存字符串对象，确保相同的字符串字面量只存储一份，节省内存。它位于堆内存中（JDK 1.7 后从永久代迁移到堆中）。通过调用 String.intern() 方法可以将字符串显式加入字符串常量池','### 评估信息：\n\n#### 准确率：\n你的回答准确率属于 **优秀（90%-100%）**。以下是具体分析：\n\n1. **class常量池**：\n   - 描述正确，明确指出存储在 `.class` 文件中，并包含编译期间生成的字面量和符号引用。\n   - 提到字符串字面量、类名、方法名、字段名等内容，覆盖了关键点。\n\n2. **运行时常量池**：\n   - 解释清楚，指出了运行时常量池是从 class 常量池加载而来的。\n   - 正确提到它位于方法区（JDK 1.8 后为元空间），并补充了动态代理生成类信息的内容，体现了对运行时特性的理解。\n\n3. **字符串常量池**：\n   - 描述非常准确，特别是提到 JDK 1.7 后从永久代迁移到堆中的变化。\n   - 强调通过 `String.intern()` 方法可以显式将字符串加入字符串常量池，这是非常重要的知识点。\n\n#### 表达清晰度：\n表达非常清晰，逻辑分明，每个部分都按照分类进行说明，层次感强，没有模糊或歧义的地方。\n\n#### 完整性状态：\n回答非常完整，涵盖了常量池的三种分类（class 常量池、运行时常量池、字符串常量池），并且补充了相关的重要知识点，例如 JDK 版本的变化和动态特性。\n\n---\n\n> 请输入\'**继续**\'或者输入新的**题目类型**',16,'HaoMember','2025-05-18 14:43:10','2025-05-18 14:42:04','de3826cd-5c08-4fed-8c54-73be910da3ac',1,NULL,'system',NULL),(312,'Java虚拟机','### 【Java虚拟机】专题 💡\n\n## 面试题目：\n**类的加载过程**\n\n> ⏳ 时间会证明你的坚持！',16,'HaoMember','2025-05-18 14:43:43','2025-05-18 14:43:43','de3826cd-5c08-4fed-8c54-73be910da3ac',0,NULL,'system',NULL),(313,'类的加载过程是Java虚拟机（JVM）运行时的重要环节，完整的类加载过程分为以下几个步骤：\n\n加载（Loading）\n\nJVM通过类的全限定名（如com.example.MyClass）找到对应的.class文件，并将其二进制数据读入内存。\n加载阶段由类加载器完成，常见的类加载器包括：启动类加载器（Bootstrap ClassLoader）、扩展类加载器（Extension ClassLoader）和应用程序类加载器（Application ClassLoader）。\n在内存中生成一个代表该类的java.lang.Class对象，作为访问该类的入口。\n验证（Verification）\n\n验证阶段确保加载的字节码符合JVM规范，防止恶意代码破坏虚拟机的安全性。\n包括文件格式验证（如魔数检查）、元数据验证（如父类是否存在）、字节码验证（如操作数栈是否越界）以及符号引用验证。\n准备（Preparation）\n\n为类的静态变量分配内存，并设置默认初始值（如int类型默认值为0，boolean为false）。\n注意：此时不会执行用户定义的赋值逻辑，也不会为实例变量分配内存。\n解析（Resolution）\n\n将常量池中的符号引用转换为直接引用。\n符号引用是以一组符号描述目标（如类名、方法名），而直接引用指向内存中的具体地址。\n初始化（Initialization）\n\n执行类构造器<clinit>()方法，对静态变量进行显式赋值并执行静态代码块。\n初始化是类加载的最后一个阶段，只有在真正使用类时才会触发。\n使用（Using）\n\n类加载完成后，程序可以通过new关键字创建对象，调用其方法或访问其字段。\n卸载（Unloading）\n\n当类不再被任何地方引用时（如类加载器被回收），JVM会卸载该类，释放其占用的内存资源。','### 评估信息：\n\n#### 准确率：\n你的回答准确率为 **优秀（90%-100%）**。  \n你对类加载过程的描述非常全面，涵盖了加载、验证、准备、解析、初始化、使用和卸载这七个阶段，并且每一阶段的关键点都清晰准确。例如：  \n- **加载阶段**：提到类加载器的分类和`.class`文件的读取过程。  \n- **验证阶段**：清楚说明了字节码验证的几个方面（文件格式、元数据、字节码、符号引用）。  \n- **准备阶段**：明确指出静态变量的默认值初始化逻辑。  \n- **解析阶段**：正确解释了符号引用到直接引用的转换。  \n- **初始化阶段**：强调了`<clinit>()`方法的执行以及静态代码块的作用。  \n- **使用和卸载阶段**：补充了类的生命周期结束时的内存回收过程。\n\n#### 表达清晰度：\n你的表达非常清晰，逻辑结构完整，层次分明，每个阶段的描述顺序合理，语言简洁明了，专业术语使用得当。\n\n#### 完整性状态：\n回答内容完整，涵盖了类加载过程的所有关键阶段，并且没有遗漏重要细节。同时，你还注意到了一些常见的易错点（如准备阶段不会执行用户定义的赋值逻辑），使得回答更具深度。\n\n---\n\n### 总结：\n你的回答表现非常出色，准确率达到了 **优秀** 水平！无需改进。\n\n> 请输入\'**继续**\'或者输入新的**题目类型**',16,'HaoMember','2025-05-18 14:44:40','2025-05-18 14:43:43','de3826cd-5c08-4fed-8c54-73be910da3ac',1,NULL,'system',NULL),(314,'Java虚拟机','### 【Java虚拟机】专题 💡\n\n## 面试题目：\n**内存溢出和内存泄露的区别**\n\n> 🌊 像海浪一样永不言弃！',16,'HaoMember','2025-05-18 14:45:43','2025-05-18 14:45:42','de3826cd-5c08-4fed-8c54-73be910da3ac',0,NULL,'system',NULL),(315,'内存溢出就是内存泄露达到一定程度会导致内存溢出，也有可能是大对象导致的，内存泄露：对象没有及时回收到最后持续占用着内存空间，造成内存空间的浪费，一般是强引用导致的','### 评估结果：\n\n#### 准确率：\n你的回答整体方向是正确的，但有些细节可以进一步完善。以下是具体分析：\n1. **内存溢出 (OutOfMemoryError)**：你提到“大对象导致的”这一点是正确的，但没有明确说明内存溢出的本质是因为 JVM 无法分配足够的内存来满足程序需求。\n2. **内存泄露 (Memory Leak)**：你提到“对象没有及时回收到最后持续占用着内存空间”是准确的，但没有详细解释内存泄露的根本原因（如未释放无用的对象引用、静态集合类持有对象引用等）。\n3. **关联性**：你提到“内存泄露达到一定程度会导致内存溢出”，这是正确的，但可以更精准地表达为“内存泄露会逐渐耗尽可用内存，最终可能触发内存溢出”。\n\n综合来看，你的准确率属于 **良好（70%-89%）**。\n\n#### 表达清晰度：\n你的语言表达基本清晰，但在逻辑结构上略显松散，建议分点阐述以增强条理性。\n\n#### 完整性状态：\n回答缺少对内存溢出和内存泄露的具体场景或典型案例的补充说明（如堆内存溢出、栈内存溢出、线程过多等），内容稍显单薄。\n\n---\n\n### 改进后的回答：\n\n**内存溢出 (OutOfMemoryError) 和内存泄露 (Memory Leak) 的区别**\n\n1. **定义与本质**：\n   - **内存溢出**：指程序运行过程中，JVM 无法为新对象分配足够的内存空间，导致抛出 `OutOfMemoryError`。常见的原因包括堆内存不足（如创建过大对象或数据结构）、栈内存耗尽（如递归过深）以及系统资源限制（如线程数过多）。\n   - **内存泄露**：指程序中存在已经不再使用的对象，但由于某些原因（如强引用、静态集合类持有引用等），这些对象无法被垃圾回收器回收，从而持续占用内存空间，最终可能导致内存溢出。\n\n2. **根本原因**：\n   - **内存溢出**：通常是由于内存需求超出了 JVM 的最大限制，或者系统资源耗尽。\n   - **内存泄露**：通常是由于代码设计问题，例如未释放无用对象的引用、静态变量长期持有对象、缓存未清理等。\n\n3. **关联性**：\n   - 内存泄露如果未被发现和修复，会不断累积，最终耗尽可用内存，进而引发内存溢出。\n\n4. **典型场景**：\n   - **内存溢出**：\n     - 堆内存溢出：频繁创建大量对象且未释放。\n     - 栈内存溢出：递归调用过深。\n     - 方法区内存溢出：加载过多类或常量池过大。\n   - **内存泄露**：\n     - 静态集合类持有对象引用（如 `static Map` 中存储大量对象）。\n     - 单例模式中的长生命周期对象持有短生命周期对象的引用。\n     - 未关闭的资源（如文件流、数据库连接等）。\n\n---\n\n> 请输入\'**继续**\'或者输入新的**题目类型**',16,'HaoMember','2025-05-18 14:47:38','2025-05-18 14:45:42','de3826cd-5c08-4fed-8c54-73be910da3ac',1,NULL,'system',NULL),(316,'Java虚拟机','### 【Java虚拟机】专题 💡\n\n## 面试题目：\n**堆和栈的区别**\n\n> 💡 这道题对你来说不是问题！',16,'HaoMember','2025-05-18 14:50:14','2025-05-18 14:50:13','de3826cd-5c08-4fed-8c54-73be910da3ac',0,NULL,'system',NULL),(317,'数据结构与内存分配：\n\n栈是一种线性的数据结构，遵循后进先出（LIFO）的原则。栈的内存分配是自动进行的，由编译器负责管理，主要用于存储局部变量、方法调用和控制信息。\n堆是一种树状的数据结构（这里需澄清的是，堆并不是数据结构意义上的“堆”，而是指动态内存区域）。堆的内存分配和释放是非连续的，通常需要手动管理（例如通过 new 关键字分配内存），或者由垃圾回收器（GC）自动管理。\n内存分配速度：\n\n栈的内存分配速度快，因为它的分配和释放非常简单，遵循严格的顺序。\n堆的内存分配速度相对较慢，因为需要动态调整内存大小，并且涉及复杂的分配算法。\n大小限制：\n\n栈的大小通常是固定的，由操作系统或 JVM 预先设定，如果超出栈的容量会导致 StackOverflowError。\n堆的大小是动态的，可以根据程序运行情况调整，但如果堆内存不足，则会抛出 OutOfMemoryError。\n生命周期：\n\n栈中的变量具有较短的生命周期，通常随着方法的调用结束而自动销毁。\n堆中的对象生命周期较长，直到没有引用指向该对象时，垃圾回收器才会回收其占用的内存。\n用途：\n\n栈用于存储基本数据类型（如 int、float）、对象引用和方法调用的上下文。\n堆用于存储对象实例和数组等动态分配的数据。\n','### 评估结果：\n\n#### 准确率：\n- **优秀（90%-100%）**\n你的回答非常全面，涵盖了堆和栈的核心区别，并且对每个方面都进行了详细的解释。特别是在“数据结构与内存分配”、“内存分配速度”、“大小限制”、“生命周期”和“用途”这几个关键点上，内容准确且逻辑清晰。\n\n#### 表达清晰度：\n- **优秀**\n语句表达流畅，层次分明，能够让人快速理解堆和栈的区别。同时，你还在需要澄清的地方（如“堆并不是数据结构意义上的‘堆’”）进行了说明，避免了可能的误解。\n\n#### 完整性状态：\n- **完整**\n回答覆盖了面试中常见的所有关键点，没有遗漏任何重要信息。从理论到实际应用都做了详细阐述，体现了对知识点的深刻理解。\n\n---\n\n### 总结：\n你的回答已经非常优秀，无需改进！继续保持这种细致和全面的分析方式，面试时一定可以轻松应对类似问题。\n\n> 请输入\'**继续**\'或者输入新的**题目类型**\'',16,'HaoMember','2025-05-18 14:50:41','2025-05-18 14:50:13','de3826cd-5c08-4fed-8c54-73be910da3ac',1,NULL,'system',NULL),(318,'Java虚拟机','### 【Java虚拟机】专题 💡\n\n## 面试题目：\n**类加载器有哪些**\n\n> 🎯 坚持到底就是胜利！',16,'HaoMember','2025-05-18 14:52:22','2025-05-18 14:52:21','de3826cd-5c08-4fed-8c54-73be910da3ac',0,NULL,'system',NULL),(319,'引导类加载器，扩展类加载器，应用程序类加载器，自定义类加载器','### 评估信息：\n\n#### 准确率：\n你的回答中提到了 **引导类加载器**、**扩展类加载器**、**应用程序类加载器** 和 **自定义类加载器**，这些确实是 Java 虚拟机中的主要类加载器。涵盖了核心知识点，内容基本准确且没有遗漏重点。因此，准确率可以评定为 **优秀（90%-100%）**。\n\n#### 表达清晰度：\n你的表达简洁明了，直接列出了四大类加载器，没有任何歧义或模糊的地方，逻辑清晰，易于理解。\n\n#### 完整性状态：\n回答已经覆盖了所有主要的类加载器，并且分类明确，内容完整。如果要更深入一些，可以补充每个类加载器的具体作用和加载路径，但这并不是题目要求的核心内容，因此完整性也达到了标准。\n\n---\n\n### 总结：\n你的回答非常优秀，准确率高，表达清晰，完整性良好，无需改进！\n\n> 请输入\'**继续**\'或者输入新的**题目类型**',16,'HaoMember','2025-05-18 14:52:46','2025-05-18 14:52:21','de3826cd-5c08-4fed-8c54-73be910da3ac',1,NULL,'system',NULL),(320,'Java虚拟机','### 【Java虚拟机】专题 💡\n\n## 面试题目：\n**类的加载过程**\n\n> 🦉 智慧正在你的脑中闪耀！',16,'HaoMember','2025-05-18 14:52:58','2025-05-18 14:52:57','de3826cd-5c08-4fed-8c54-73be910da3ac',0,NULL,'system',NULL),(321,'将类读取出来验证文件和版本能否被虚拟机解析，没问题之后将类的属性分配好内存空间，然后解析class文件的二进制字符号并将类的字段进行初始化，就好了不用就可以卸载，哈哈哈.........','### 评估你的回答：\n\n#### 准确率：\n**65%（一般）**\n\n- **优点：**\n  1. 提到了类加载过程中的一些关键点，比如“读取、验证文件和版本能否被虚拟机解析”以及“分配内存空间”，这表明你对类加载过程有一定的了解。\n  2. 还提到了“初始化字段”这个步骤，这也是类加载的一个重要部分。\n\n- **不足：**\n  1. 没有完整描述类加载的五个主要阶段：**加载、验证、准备、解析、初始化**。缺少“准备”和“解析”的详细说明。\n  2. 对于“卸载”阶段的描述过于草率，没有提及类生命周期的结束条件（比如类加载器被回收、没有实例存在等）。\n  3. 回答中“哈哈哈......”显得不够专业，影响了整体表达的严谨性。\n  4. 内存分配的描述不够准确，容易让人误解为直接给字段分配内存，实际上“准备”阶段是为静态变量分配内存并设置默认值，“初始化”阶段才是赋初始值。\n\n---\n\n#### 表达清晰度：\n**70%（良好）**\n\n- 整体逻辑基本清晰，但部分措辞不够精准，例如“将类的属性分配好内存空间”这种说法容易让人混淆具体的阶段。\n- 句子之间的衔接不够流畅，显得有些零散。\n\n---\n\n#### 完整性状态：\n**60%（较差）**\n\n- 缺少了对类加载全过程的系统性描述，尤其是“准备”和“解析”两个阶段完全没有提及。\n- “卸载”阶段虽然提到，但没有具体展开，缺乏完整性。\n\n---\n\n### 改进后的回答：\n\n类的加载过程是 Java 虚拟机（JVM）运行时的重要环节，它分为五个主要阶段：**加载、验证、准备、解析、初始化**，最后可能进入**卸载**阶段。\n\n1. **加载**  \n   - JVM 使用类加载器（ClassLoader）将类的二进制数据（通常是 `.class` 文件）从磁盘或其他来源加载到内存中。\n   - 生成一个对应的 `Class` 对象，作为该类的元数据入口。\n\n2. **验证**  \n   - 检查加载的类文件是否符合 JVM 规范，包括文件格式、元数据、字节码等。\n   - 验证通过后，才能继续后续步骤。\n\n3. **准备**  \n   - 为类的静态变量分配内存，并设置默认初始值（如 `int` 类型的默认值为 0，引用类型为 `null`）。\n   - 注意：此时不会执行任何初始化代码。\n\n4. **解析**  \n   - 将类中的符号引用转换为直接引用。例如，方法调用中的符号引用会被解析为实际的方法地址。\n   - 这一步确保了类中的所有引用都能正确指向目标。\n\n5. **初始化**  \n   - 执行类的静态代码块和静态变量的显式初始化操作（即赋值）。\n   - 这是类加载的最后一个主动阶段，之后类就可以被正常使用。\n\n6. **卸载**（可选）  \n   - 当类不再被需要时，JVM 可能会将其卸载。例如，类加载器被垃圾回收，或者没有任何实例存在且无法再访问该类。\n\n---\n\n### 总结：\n你的回答捕捉到了一些关键点，但还需要补充更多细节以提升完整性。改进后的内容更加系统化，能够全面覆盖类加载的各个阶段。\n\n请输入\'**继续**\'或者输入新的**题目类型**\'',16,'HaoMember','2025-05-18 14:53:45','2025-05-18 14:52:57','de3826cd-5c08-4fed-8c54-73be910da3ac',1,NULL,'system',NULL),(322,'Java虚拟机','### 【Java虚拟机】专题 💡\n\n## 面试题目：\n**堆和栈的区别**\n\n> 🌈 每一次尝试都让你更接近成功！',16,'HaoMember','2025-05-18 14:53:46','2025-05-18 14:53:46','de3826cd-5c08-4fed-8c54-73be910da3ac',0,NULL,'system',NULL),(323,'数据结构与内存分配：\n\n栈是一种线性的数据结构，遵循后进先出（LIFO）的原则。栈的内存分配是自动进行的，由编译器负责管理，主要用于存储局部变量、方法调用和控制信息。\n堆是一种树状的数据结构（这里需澄清的是，堆并不是数据结构意义上的“堆”，而是指动态内存区域）。堆的内存分配和释放是非连续的，通常需要手动管理（例如通过 new 关键字分配内存），或者由垃圾回收器（GC）自动管理。\n内存分配速度：\n\n栈的内存分配速度快，因为它的分配和释放非常简单，遵循严格的顺序。\n堆的内存分配速度相对较慢，因为需要动态调整内存大小，并且涉及复杂的分配算法。\n大小限制：\n\n栈的大小通常是固定的，由操作系统或 JVM 预先设定，如果超出栈的容量会导致 StackOverflowError。\n堆的大小是动态的，可以根据程序运行情况调整，但如果堆内存不足，则会抛出 OutOfMemoryError。\n生命周期：\n\n栈中的变量具有较短的生命周期，通常随着方法的调用结束而自动销毁。\n堆中的对象生命周期较长，直到没有引用指向该对象时，垃圾回收器才会回收其占用的内存。\n用途：\n\n栈用于存储基本数据类型（如 int、float）、对象引用和方法调用的上下文。\n堆用于存储对象实例和数组等动态分配的数据。','### 评估信息：\n\n#### 准确率：**优秀（90%-100%）**\n- **数据结构与内存分配**：你对栈和堆的定义和用途描述非常准确，尤其是对栈的 LIFO 特性和堆的动态内存管理的解释。同时，正确区分了“数据结构意义上的堆”和“堆内存区域”，这一点很到位。\n- **内存分配速度**：你清楚地指出了栈的分配速度快于堆，并说明了原因（顺序分配 vs 动态调整），这是正确的。\n- **大小限制**：关于栈大小固定、可能导致 `StackOverflowError` 和堆大小动态、可能导致 `OutOfMemoryError` 的描述完全符合事实。\n- **生命周期**：对栈中变量短生命周期和堆中对象长生命周期的总结精准无误。\n- **用途**：你详细列举了栈和堆的用途，覆盖了基本数据类型、对象引用、方法调用上下文以及对象实例和数组等内容，非常全面。\n\n#### 表达清晰度：**优秀**\n- 整体表达逻辑清晰，层次分明，每个部分都按照主题展开，没有出现混淆或歧义。用词专业且准确，能够很好地传递信息。\n\n#### 完整性状态：**优秀**\n- 回答涵盖了题目要求的所有关键点，包括区别中的核心内容（如内存分配、速度、大小限制、生命周期、用途等）。此外，你还补充了一些额外的信息（如错误类型），进一步增强了回答的完整性。\n\n---\n\n### 总结：\n你的回答非常出色，准确率达到了优秀水平，无需改进！继续保持这种清晰、全面的表达方式！\n\n> 请输入\'**继续**\'或者输入新的**题目类型**',16,'HaoMember','2025-05-18 14:54:15','2025-05-18 14:53:46','de3826cd-5c08-4fed-8c54-73be910da3ac',1,NULL,'system',NULL),(324,'Java虚拟机','### 【Java虚拟机】专题 💡\n\n## 面试题目：\n**堆和栈的区别**\n\n> ⚡ 让智慧之光指引你前进！',16,'HaoMember','2025-05-18 14:54:16','2025-05-18 14:54:16','de3826cd-5c08-4fed-8c54-73be910da3ac',0,NULL,'system',NULL),(325,'数据结构与内存分配：\n\n栈是一种线性的数据结构，遵循后进先出（LIFO）的原则。栈的内存分配是自动进行的，由编译器负责管理，主要用于存储局部变量、方法调用和控制信息。\n堆是一种树状的数据结构（这里需澄清的是，堆并不是数据结构意义上的“堆”，而是指动态内存区域）。堆的内存分配和释放是非连续的，通常需要手动管理（例如通过 new 关键字分配内存），或者由垃圾回收器（GC）自动管理。\n内存分配速度：\n\n栈的内存分配速度快，因为它的分配和释放非常简单，遵循严格的顺序。\n堆的内存分配速度相对较慢，因为需要动态调整内存大小，并且涉及复杂的分配算法。\n大小限制：\n\n栈的大小通常是固定的，由操作系统或 JVM 预先设定，如果超出栈的容量会导致 StackOverflowError。\n堆的大小是动态的，可以根据程序运行情况调整，但如果堆内存不足，则会抛出 OutOfMemoryError。\n生命周期：\n\n栈中的变量具有较短的生命周期，通常随着方法的调用结束而自动销毁。\n堆中的对象生命周期较长，直到没有引用指向该对象时，垃圾回收器才会回收其占用的内存。\n用途：\n\n栈用于存储基本数据类型（如 int、float）、对象引用和方法调用的上下文。\n堆用于存储对象实例和数组等动态分配的数据。','### 评估信息：\n\n#### **准确率：优秀（90%-100%）**\n你的回答内容非常全面，涵盖了堆和栈的核心区别，包括数据结构与内存分配、内存分配速度、大小限制、生命周期以及用途等方面。整体逻辑清晰，知识点准确无误。\n\n#### **表达清晰度：良好**\n你的表达较为清晰，层次分明，能够很好地传达核心概念。但在某些地方可以进一步优化措辞，例如“堆是一种树状的数据结构”这一句可能会引起误解，因为这里的“堆”并不是指数据结构意义上的堆，而是动态内存区域。如果能更明确地解释这一点，会更加严谨。\n\n#### **完整性状态：完整**\n你的回答已经非常完整，覆盖了堆和栈的主要区别，没有遗漏关键点。\n\n---\n\n### 总结：\n你的回答准确率达到了**优秀**水平，只需要在措辞上稍作优化即可。以下是稍作改进后的版本：\n\n---\n\n### 改进后回答：\n\n#### 数据结构与内存分配：\n- 栈是一种线性的数据结构，遵循后进先出（LIFO）的原则。栈的内存分配是自动进行的，由编译器负责管理，主要用于存储局部变量、方法调用和控制信息。\n- 堆是一个动态内存区域，用于存储对象实例和数组等动态分配的数据。它的内存分配和释放是非连续的，通常需要手动管理（例如通过 `new` 关键字分配内存），或者由垃圾回收器（GC）自动管理。\n\n#### 内存分配速度：\n- 栈的内存分配速度快，因为它的分配和释放非常简单，遵循严格的顺序。\n- 堆的内存分配速度相对较慢，因为需要动态调整内存大小，并且涉及复杂的分配算法。\n\n#### 大小限制：\n- 栈的大小通常是固定的，由操作系统或 JVM 预先设定，如果超出栈的容量会导致 `StackOverflowError`。\n- 堆的大小是动态的，可以根据程序运行情况调整，但如果堆内存不足，则会抛出 `OutOfMemoryError`。\n\n#### 生命周期：\n- 栈中的变量具有较短的生命周期，通常随着方法的调用结束而自动销毁。\n- 堆中的对象生命周期较长，直到没有引用指向该对象时，垃圾回收器才会回收其占用的内存。\n\n#### 用途：\n- 栈用于存储基本数据类型（如 `int`、`float`）、对象引用和方法调用的上下文。\n- 堆用于存储对象实例和数组等动态分配的数据。\n\n---\n\n> 请输入\'**继续**\'或者输入新的**题目类型**',16,'HaoMember','2025-05-18 14:54:46','2025-05-18 14:54:16','de3826cd-5c08-4fed-8c54-73be910da3ac',1,NULL,'system',NULL),(326,'Mysql','### 【Mysql】专题 💡\n\n## 面试题目：\n**NoSql 和sql的区别**\n\n> 💡 这道题对你来说不是问题！',16,'HaoMember','2025-05-18 14:54:56','2025-05-18 14:54:56','de3826cd-5c08-4fed-8c54-73be910da3ac',0,NULL,'system',NULL),(327,'noSql:存储JSON文档的格式，最终一致性，无关性和扩展性比较强，Sql：存储结构化的数据，支持事务的四大特性ACID','### 评估结果：\n\n#### 准确率：良好（70%-89%）\n你的回答涵盖了 NoSQL 和 SQL 的一些关键区别，例如 NoSQL 的 JSON 文档存储、扩展性、最终一致性，以及 SQL 的结构化数据存储和事务支持（ACID）。这些内容是正确的，但回答的深度和完整性还可以进一步提升。\n\n#### 表达清晰度：良好\n你的表达简洁明了，抓住了核心概念，但可以更加系统化地组织语言，使逻辑更清晰。\n\n#### 完整性状态：一般\n虽然提到了一些重要的区别点，但缺少对其他关键差异的补充，例如：\n- **数据模型**：NoSQL 支持多种数据模型（如文档型、键值型、图数据库等），而 SQL 主要基于关系模型。\n- **查询语言**：SQL 使用结构化的查询语言（如 SELECT、INSERT 等），而 NoSQL 通常使用特定 API 或自定义查询语言。\n- **扩展性**：SQL 数据库通常是垂直扩展（Scale-Up），而 NoSQL 更适合水平扩展（Scale-Out）。\n- **适用场景**：SQL 更适合强一致性和复杂查询的场景，而 NoSQL 更适合高并发、大数据量和灵活模式的场景。\n\n---\n\n### 改进后的回答：\n**NoSQL 和 SQL 的区别：**\n\n1. **数据模型**：\n   - SQL 数据库采用关系模型，数据以表格形式存储，具有严格的模式约束。\n   - NoSQL 数据库支持多种数据模型，包括文档型（如 MongoDB）、键值型（如 Redis）、列族型（如 Cassandra）和图数据库（如 Neo4j），数据结构更加灵活。\n\n2. **查询语言**：\n   - SQL 数据库使用标准化的结构化查询语言（SQL），功能强大且通用。\n   - NoSQL 数据库通常没有统一的查询语言，依赖特定的 API 或自定义查询方式。\n\n3. **事务支持**：\n   - SQL 数据库严格遵循 ACID 特性（原子性、一致性、隔离性、持久性），适合需要强一致性的场景。\n   - NoSQL 数据库通常遵循 BASE 理论（基本可用、软状态、最终一致性），牺牲一定的强一致性以换取更高的性能和扩展性。\n\n4. **扩展性**：\n   - SQL 数据库通常通过垂直扩展（增加硬件资源）来提升性能，扩展性有限。\n   - NoSQL 数据库设计之初就考虑了水平扩展（增加节点），能够轻松应对大规模分布式场景。\n\n5. **适用场景**：\n   - SQL 数据库适用于需要复杂查询、强一致性和事务支持的场景，例如金融系统、ERP 系统。\n   - NoSQL 数据库适用于高并发、大数据量和灵活模式的场景，例如社交网络、物联网、日志分析。\n\n---\n\n> 请输入\'**继续**\'或者输入新的**题目类型**\'',16,'HaoMember','2025-05-18 14:56:21','2025-05-18 14:54:56','de3826cd-5c08-4fed-8c54-73be910da3ac',1,NULL,'system',NULL),(328,'Mysql','### 【Mysql】专题 💡\n\n## 面试题目：\n**Mysql怎么连表查询**\n\n> 🎯 坚持到底就是胜利！',16,'HaoMember','2025-05-18 14:56:46','2025-05-18 14:56:45','de3826cd-5c08-4fed-8c54-73be910da3ac',0,NULL,'system',NULL),(329,'内连接：查询两张表中符合的数据，左连接left join：查询左表中的数据右表没有匹配为置为null，右连接right join：查询右边的数据左表没有匹配的数据置为null，全连接：通过leftjon和rightjoin实现','### 评估结果：\n\n#### 准确率：**优秀（90%-100%）**\n- **理由**：您的回答涵盖了 MySQL 中连表查询的几种主要方式，包括内连接、左连接、右连接以及全连接的实现方法。内容准确且抓住了重点。\n- **改进建议**：无。\n\n#### 表达清晰度：**良好**\n- **理由**：整体表达较为清晰，但可以稍微调整措辞，使语句更加流畅和严谨。例如“右表没有匹配为置为null”可以改为“右表中没有匹配的数据则填充为 NULL”。\n\n#### 完整性状态：**良好**\n- **理由**：您的回答已经完整地覆盖了常见的连表查询类型，但可以进一步补充一些细节或示例代码来增强完整性。例如，可以提到 `ON` 条件的作用或者提供 SQL 示例。\n\n---\n\n> 请输入\'**继续**\'或者输入新的**题目类型**',16,'HaoMember','2025-05-18 14:58:32','2025-05-18 14:56:45','de3826cd-5c08-4fed-8c54-73be910da3ac',1,NULL,'system',NULL),(330,'Mysql','### 【Mysql】专题 💡\n\n## 面试题目：\n**索引的优缺点**\n\n> 🦉 智慧正在你的脑中闪耀！',16,'HaoMember','2025-05-18 14:58:51','2025-05-18 14:58:50','de3826cd-5c08-4fed-8c54-73be910da3ac',0,NULL,'system',NULL),(331,'索引提高查询速度，需要占用空间，索引越多占用的空间页越大，这种随着数据而增大，会降低增删改的效率，因为B+数需要维护所有的有序性','### 评估信息\n\n**准确率：优秀（90%-100%）**  \n你的回答非常准确，涵盖了索引的核心优缺点：  \n- **优点**：提到“索引提高查询速度”，这是索引的主要作用，非常清晰。  \n- **缺点**：指出了“需要占用空间”、“索引越多占用的空间越大”以及“降低增删改的效率”，并补充了B+树需要维护有序性这一技术细节，充分说明了索引的代价。  \n\n**表达清晰度：优秀**  \n语言简洁明了，逻辑清晰，能够很好地传达关键点。\n\n**完整性状态：完整**  \n回答覆盖了索引的优缺点，并且从存储空间和性能两个维度展开，没有遗漏重要信息。\n\n---\n\n> 请输入\'**继续**\'或者输入新的**题目类型**\'',16,'HaoMember','2025-05-18 15:00:51','2025-05-18 14:58:50','de3826cd-5c08-4fed-8c54-73be910da3ac',1,NULL,'system',NULL),(332,'Mysql','### 【Mysql】专题 💡\n\n## 面试题目：\n**索引优化原则**\n\n> 🎯 专注目标，你一定能做到！',16,'HaoMember','2025-05-18 15:01:08','2025-05-18 15:01:07','de3826cd-5c08-4fed-8c54-73be910da3ac',0,NULL,'system',NULL),(333,'不要基于使用频率较低的列加索引，查询遵循在索引左优先，能用where就不要用having，索引列建议使用notnull可能可以节省一个字节，频繁增删改的字段不要加索引数据量大维护成本高。','### 评估结果：\n\n#### **准确率：优秀（90%-100%）**\n你的回答非常全面，涵盖了索引优化的多个关键原则，包括使用频率、左优先原则、WHERE 和 HAVING 的选择、NOT NULL 的建议以及频繁增删改字段的注意事项。这些内容都非常符合索引优化的核心思想。\n\n#### **表达清晰度：优秀**\n你的语言表达简洁明了，逻辑清晰，能够有效地传达每个要点。\n\n#### **完整性状态：良好**\n虽然你的回答已经非常完整，但可以稍微补充一些细节（见改进部分），以进一步提升答案的深度和广度。\n\n---\n\n### 改进后的回答（如果需要更高标准的答案）：\n**索引优化原则**  \n1. **基于查询频率设计索引**：不要在使用频率较低的列上加索引，索引会增加存储开销和维护成本。\n2. **遵循最左前缀原则**：复合索引的设计应遵循“左优先”原则，查询条件需从索引的最左列开始匹配。\n3. **优先使用 WHERE 而非 HAVING**：尽量在 WHERE 子句中完成过滤操作，避免将过滤延迟到 HAVING 子句中。\n4. **避免 NULL 值**：索引列建议使用 NOT NULL 属性，因为 MySQL 在处理 NULL 值时可能会增加额外的复杂性或空间开销。\n5. **避免频繁更新的字段加索引**：对于频繁进行增删改操作的字段，索引的维护成本较高，可能导致性能下降。\n6. **数据量小的表不建议加索引**：对于小表，全表扫描可能比索引查找更快，因此不需要为小表添加索引。\n7. **避免冗余索引**：检查是否存在重复或冗余的索引，减少索引数量以降低维护成本。\n8. **覆盖索引的使用**：尽量利用覆盖索引（即查询的列都包含在索引中），以减少回表查询的开销。\n9. **合理选择索引类型**：根据具体场景选择合适的索引类型（如 B-Tree、Hash 等），以优化查询性能。\n\n---\n\n### 总结：\n你的回答已经非常优秀，稍作补充后可以更加完善！继续努力，你一定能在面试中脱颖而出！\n\n> 请输入\'**继续**\'或者输入新的**题目类型**',16,'HaoMember','2025-05-18 15:03:02','2025-05-18 15:01:07','de3826cd-5c08-4fed-8c54-73be910da3ac',1,NULL,'system',NULL),(334,'Mysql','### 【Mysql】专题 💡\n\n## 面试题目：\n**Mysql的外键约束**\n\n> 🏆 冠军的潜力就在你心中！',16,'HaoMember','2025-05-18 15:05:20','2025-05-18 15:05:19','de3826cd-5c08-4fed-8c54-73be910da3ac',0,NULL,'system',NULL),(335,'外键的作用是维护两张表之间的关系，确保数据的一致性和完整性','### 评估结果：\n\n#### 准确率：**良好（70%-89%）**\n- **理由**：你的回答基本正确，确实指出了外键的核心作用——维护两张表之间的关系以及确保数据的一致性和完整性。这是外键约束的主要功能之一。然而，你的回答缺乏一些关键的细节，比如外键的具体工作原理、级联操作（CASCADE）、以及如何通过外键防止非法数据插入等。这些补充能使答案更加完整和专业。\n\n#### 表达清晰度：**清晰**\n- **理由**：你的表达简洁明了，语句通顺，易于理解。\n\n#### 完整性状态：**一般**\n- **理由**：虽然你抓住了核心点，但没有展开说明外键的具体机制或应用场景，导致答案不够全面。例如，可以提到外键如何通过引用主键来建立关系，或者外键在数据库设计中的实际用途。\n\n---\n\n### 改进后的回答：\n**Mysql的外键约束**\n\n外键的作用是维护两张表之间的关系，确保数据的一致性和完整性。具体来说，外键通过引用另一张表的主键或唯一键，建立表与表之间的关联关系。这种约束可以防止非法数据的插入，例如，当子表中存在指向父表某条记录的外键时，如果试图删除父表中的这条记录，数据库会根据外键约束阻止该操作，或者根据设置的级联规则（如`ON DELETE CASCADE`）自动删除子表中相关的记录。\n\n此外，外键还可以用于实现参照完整性，确保子表中的外键值必须存在于父表的主键或唯一键中。这在多表查询、数据建模和复杂业务逻辑中非常有用。\n\n---\n\n> 请输入\'**继续**\'或者输入新的**题目类型**',16,'HaoMember','2025-05-18 15:06:02','2025-05-18 15:05:19','de3826cd-5c08-4fed-8c54-73be910da3ac',1,NULL,'system',NULL),(336,'Mysql','### 【Mysql】专题 💡\n\n## 面试题目：\n**给你张表发现查询速度比较慢，有哪些解决方案**\n\n> 🎯 坚持到底就是胜利！',16,'HaoMember','2025-05-18 15:06:29','2025-05-18 15:06:29','de3826cd-5c08-4fed-8c54-73be910da3ac',0,NULL,'system',NULL),(337,'使用explain查询执行计划，找出慢查询的原因，是否存在索引未被利用的情况，然后根据查询条件选择合适的索引，查询的时候再优化，避免使用select*查询因为可能不会覆盖索引，导致回表查询，最后可以优化大表拆成小表，以及缓存优化','### 评估信息\n\n#### 准确率：**优秀（90%-100%）**\n你的回答非常全面，涵盖了优化 MySQL 查询速度的核心要点。以下是你提到的关键点及其评估：\n1. **使用 `EXPLAIN` 分析执行计划**：这是排查慢查询的首要步骤，能够清晰地了解查询的执行过程和潜在问题。\n2. **检查索引利用情况**：你提到是否存在索引未被利用的情况，并根据查询条件选择合适的索引，这是非常重要的优化策略。\n3. **避免 `SELECT *`**：你正确指出 `SELECT *` 可能导致无法利用覆盖索引，从而引发回表查询的问题。\n4. **大表拆分与缓存优化**：你提到了分区表或分表优化，以及通过缓存减少数据库压力，这些都是高级优化手段。\n\n#### 表达清晰度：**优秀**\n你的表达逻辑清晰，层次分明，从基础到高级逐步展开，能够让面试官快速理解你的思路。\n\n#### 完整性状态：**完整**\n你的回答已经覆盖了大部分常见的优化方向，没有明显遗漏。\n\n---\n\n> 请输入\'**继续**\'或者输入新的**题目类型**',16,'HaoMember','2025-05-18 15:08:12','2025-05-18 15:06:29','de3826cd-5c08-4fed-8c54-73be910da3ac',1,NULL,'system',NULL),(338,'Mysql','### 【Mysql】专题 💡\n\n## 面试题目：\n**Char和varchar的区别**\n\n> 🚀 再试一次，你离成功不远了！',16,'HaoMember','2025-05-18 15:08:33','2025-05-18 15:08:33','de3826cd-5c08-4fed-8c54-73be910da3ac',0,NULL,'system',NULL),(339,'Char：固定长度，定义需要指定固定长度，存储空间固定，适合存储状态值和固定长度的代码，对于短字符串查询效率极快\nVarChar：可变的字符串，定义指定长度，实际存储空间根据长度占用，适合存储长度可变的数据','### 评估信息：\n\n#### 准确率：**良好（70%-89%）**\n- **优点**：\n  - 回答基本涵盖了 `CHAR` 和 `VARCHAR` 的主要区别，包括固定长度与可变长度、存储空间的特点。\n  - 提到了适用场景，例如 `CHAR` 适合存储状态值和固定长度的代码，`VARCHAR` 适合存储长度可变的数据。\n  - 对于查询效率的描述也较为准确，`CHAR` 在短字符串查询中效率更高。\n\n- **不足**：\n  - 缺少对存储细节的补充说明。例如，`CHAR` 会用空格填充到指定长度，而 `VARCHAR` 不会，并且在存储时需要额外的字节来记录长度。\n  - 没有提到性能差异的具体原因，例如 `CHAR` 的固定长度使得其在表扫描时更容易计算偏移量，从而提升查询效率。\n  - 对于最大长度的限制没有提及（`CHAR` 最大长度为 255，`VARCHAR` 最大长度为 65535 字节，但实际可用长度受行大小限制）。\n\n#### 表达清晰度：**良好**\n- 表述清晰，逻辑通顺，能够清楚地传达核心概念。\n\n#### 完整性状态：**一般**\n- 回答内容缺少一些重要的补充点，导致整体回答不够全面。\n\n---\n\n### 改进后的回答：\n**Char 和 Varchar 的区别：**\n\n1. **存储方式**：\n   - `CHAR` 是固定长度的字符串类型，定义时需要指定长度（如 `CHAR(10)`），无论实际存储的字符串长度是多少，都会占用固定的存储空间。如果存储的字符串长度小于定义长度，MySQL 会用空格填充至指定长度。\n   - `VARCHAR` 是可变长度的字符串类型，定义时也需要指定最大长度（如 `VARCHAR(10)`），但实际存储时只占用字符串长度加上 1 或 2 个字节（用于记录字符串长度）的空间。\n\n2. **存储限制**：\n   - `CHAR` 的最大长度为 255 字符。\n   - `VARCHAR` 的最大长度为 65535 字节，但实际可用长度受限于 MySQL 行的最大大小（65535 字节）。\n\n3. **性能差异**：\n   - `CHAR` 的查询效率通常比 `VARCHAR` 高，特别是在短字符串场景下，因为 `CHAR` 的固定长度使得 MySQL 在表扫描时更容易计算偏移量。\n   - `VARCHAR` 由于需要额外的字节存储长度信息，且数据长度不固定，可能在某些场景下带来额外的性能开销。\n\n4. **适用场景**：\n   - `CHAR` 适合存储固定长度的数据，例如状态值、性别、邮编等。\n   - `VARCHAR` 适合存储长度变化较大的数据，例如姓名、地址、描述等。\n\n---\n\n> 请输入\'**继续**\'或者输入新的**题目类型**',16,'HaoMember','2025-05-18 15:10:45','2025-05-18 15:08:33','de3826cd-5c08-4fed-8c54-73be910da3ac',1,NULL,'system',NULL),(340,'Mysql','### 【Mysql】专题 💡\n\n## 面试题目：\n**什么是多版本并发控制**\n\n> 🦉 智慧正在你的脑中闪耀！',16,'HaoMember','2025-05-18 15:10:51','2025-05-18 15:10:50','de3826cd-5c08-4fed-8c54-73be910da3ac',0,NULL,'system',NULL),(341,'用于实现并发事务处理的机制，通过事务的可见性只能看到自己的版本的数据，而实现多个事务同时对数据进行读写操作而不会相互阻塞，从而提高了数据库的并发性能是的Mysql的Innodb事务的隔离级别有了保证','### 评估信息\n\n**准确率：优秀（90%-100%）**\n\n你的回答非常准确且核心内容表达清晰，涵盖了多版本并发控制（MVCC）的关键点：\n1. **定义**：明确指出 MVCC 是一种用于实现并发事务处理的机制。\n2. **原理**：提到通过事务的可见性规则，每个事务只能看到自己的版本数据。\n3. **作用**：强调了 MVCC 的主要作用是支持多个事务同时进行读写操作而不会相互阻塞，从而提高数据库的并发性能。\n4. **与隔离级别关系**：提到了 MySQL InnoDB 存储引擎中 MVCC 对事务隔离级别的保证。\n\n**表达清晰度：优秀**\n- 回答条理清晰，逻辑连贯，语言简洁明了。\n\n**完整性状态：优秀**\n- 涵盖了 MVCC 的定义、原理、作用以及与事务隔离级别的关联，内容完整。\n\n> 请输入\'**继续**\'或者输入新的**题目类型**\'',16,'HaoMember','2025-05-18 15:13:01','2025-05-18 15:10:50','de3826cd-5c08-4fed-8c54-73be910da3ac',1,NULL,'system',NULL),(342,'Mysql','### 【Mysql】专题 💡\n\n## 面试题目：\n**对于线上百万的数据如何添加索引**\n\n> 🦉 智慧正在你的脑中闪耀！',16,'HaoMember','2025-05-18 15:13:23','2025-05-18 15:13:22','de3826cd-5c08-4fed-8c54-73be910da3ac',0,NULL,'system',NULL),(343,'不建议直接添加索引，可能数据过多导致锁表，可以创建一张一摸一样的的表，然后添加索引，将数据导入到新表，删除旧表，将新表名字改为旧表名字。','### 评估你的回答：\n\n#### 准确率：**优秀（90%-100%）**\n你的回答非常贴近实际操作的最佳实践，准确地指出了在百万级数据量的情况下直接添加索引可能导致的锁表问题，并且提供了合理的解决方案——通过创建新表并导入数据的方式来避免对线上业务的影响。\n\n#### 表达清晰度：**良好**\n你的表达逻辑清晰，步骤明确，能够让人快速理解你的思路。不过可以稍微优化语言表达的流畅性，比如“一摸一样的的表”可以改为“结构完全一致的新表”。\n\n#### 完整性状态：**良好**\n你已经涵盖了核心的解决思路，但为了更加完整，可以补充一些细节，例如：\n1. **如何确保数据一致性**：在数据导入过程中可能会有新数据写入，因此需要考虑双写策略或使用事务保证数据一致性。\n2. **如何最小化停机时间**：可以通过重命名表的方式来快速切换，减少对线上业务的影响。\n3. **索引的选择和优化**：在添加索引时，应该根据查询需求选择合适的字段，避免不必要的性能开销。\n\n---\n\n### 改进后的回答（供参考）：\n对于线上百万级数据量的情况下，直接添加索引可能会导致锁表问题，影响线上业务的正常运行。为了避免这种情况，可以采取以下步骤：\n\n1. **创建新表**：创建一个结构完全一致的新表，并在新表中提前添加所需的索引。\n2. **数据迁移**：将旧表中的数据分批导入到新表中，建议使用批量插入的方式以减少对数据库的压力。\n3. **数据一致性**：在数据迁移过程中，可能会有新的数据写入旧表。为了解决这个问题，可以在迁移期间采用双写策略（即同时写入新旧表），或者在最后一步补全增量数据。\n4. **表切换**：当数据迁移完成后，通过重命名表的方式快速切换（如将旧表重命名为备份表，将新表重命名为旧表的名字），以最小化对业务的影响。\n5. **验证和清理**：切换完成后，验证数据的完整性和业务的正常运行，确认无误后可以删除旧表。\n\n这种方案不仅可以避免锁表问题，还能有效减少对线上业务的影响。\n\n---\n\n### 总结评估：\n你的回答准确率达到了**优秀**水平，表达清晰度和完整性也较好。只需稍作优化即可更完善！\n\n请输入\'**继续**\'或者输入新的**题目类型**',16,'HaoMember','2025-05-18 15:15:32','2025-05-18 15:13:22','de3826cd-5c08-4fed-8c54-73be910da3ac',1,NULL,'system',NULL),(344,'Mysql','### 【Mysql】专题 💡\n\n## 面试题目：\n**Mysql的bin log日志**\n\n> 🎯 专注目标，你一定能做到！',16,'HaoMember','2025-05-18 15:16:16','2025-05-18 15:16:15','de3826cd-5c08-4fed-8c54-73be910da3ac',0,NULL,'system',NULL),(345,'binlog日志用于数据备份主从复制的，每次完成操作后会生成一条binlog日志，等事务提交时会将该事物的所有binlog日志写入binlog文件中是追加写，文件写满了，会创建一个文件继续写','### 评估分析：\n\n#### 准确率：\n你的回答基本涵盖了 MySQL binlog 日志的核心功能和工作原理，但在一些细节上略显不足。以下是具体分析：\n1. **binlog 的用途**：你提到“用于数据备份主从复制”，这是正确的，但可以更全面地补充其作用，比如支持数据恢复、审计等。\n2. **binlog 的生成机制**：你提到“每次完成操作后会生成一条 binlog 日志，等事务提交时会将该事务的所有 binlog 日志写入 binlog 文件中”。这个描述不够准确。实际上，binlog 是在事务提交时一次性写入的，而不是逐条生成后再合并。\n3. **文件的追加写和轮换**：你提到“是追加写，文件写满了，会创建一个文件继续写”，这是正确的，但可以补充说明 binlog 文件是以序列化的方式管理的（如 `mysql-bin.000001`、`mysql-bin.000002` 等）。\n\n综合来看，你的回答准确率为 **75%**，属于 **良好** 水平。\n\n#### 表达清晰度：\n表达较为清晰，逻辑通顺，能够让人理解 binlog 的基本概念和工作机制，但部分措辞可以更加严谨。\n\n#### 完整性状态：\n回答内容稍显简略，缺少对 binlog 格式（如 STATEMENT、ROW、MIXED）、binlog 的配置参数（如 `log_bin`、`binlog_format`）以及 binlog 在故障恢复中的作用的说明。\n\n---\n\n### 改进后的回答：\n**MySQL 的 binlog 日志**\n\nbinlog（Binary Log）是 MySQL 中一种非常重要的日志文件，主要用于以下场景：\n1. **主从复制**：通过记录主库上的所有更改操作，从库可以读取这些日志并重放操作，从而实现数据同步。\n2. **数据恢复**：可以通过 binlog 日志进行数据回滚或增量恢复。\n3. **审计**：binlog 记录了所有对数据库的更改操作，便于后续审计。\n\n**binlog 的生成机制**：\n- binlog 是以事件为单位记录的，只有在事务提交时，MySQL 才会将该事务的所有操作以事件的形式写入 binlog 文件。\n- 写入方式是**追加写**，即每次写入都是在当前 binlog 文件末尾添加新的事件。\n- 当 binlog 文件达到指定大小（由 `max_binlog_size` 参数控制）时，MySQL 会自动创建一个新的 binlog 文件（如从 `mysql-bin.000001` 切换到 `mysql-bin.000002`），并继续写入。\n\n**binlog 的格式**：\n- **STATEMENT**：记录 SQL 语句本身。\n- **ROW**：记录每一行数据的变化。\n- **MIXED**：根据实际情况动态选择 STATEMENT 或 ROW 格式。\n\n**配置参数**：\n- `log_bin`：启用 binlog 日志。\n- `binlog_format`：设置 binlog 的格式（STATEMENT、ROW 或 MIXED）。\n- `expire_logs_days`：设置 binlog 文件的保留时间。\n\n总结来说，binlog 是 MySQL 数据库中非常关键的日志文件，广泛应用于主从复制、数据恢复和审计等场景，了解其工作机制和配置参数对于数据库运维至关重要。\n\n---\n\n> 请输入\'**继续**\'或者输入新的**题目类型**',16,'HaoMember','2025-05-18 15:18:37','2025-05-18 15:16:15','de3826cd-5c08-4fed-8c54-73be910da3ac',1,NULL,'system',NULL),(346,'Mysql','### 【Mysql】专题 💡\n\n## 面试题目：\n**对于线上百万的数据如何添加索引**\n\n> 🌟 你已经很棒了，继续加油！',16,'HaoMember','2025-05-18 15:23:06','2025-05-18 15:23:06','de3826cd-5c08-4fed-8c54-73be910da3ac',0,NULL,'system',NULL),(347,'Mysql','### 【Mysql】专题 💡\n\n## 面试题目：\n**为什么推荐使用自增整型作为主建而不使用UUID**\n\n> 🎯 专注目标，你一定能做到！',1,'admin','2025-05-18 15:24:35','2025-05-18 15:24:34','01692b8f-ae90-4868-8531-ffe28100aced',0,1,'system',NULL),(348,'整形占用的磁盘空间较少，方便读取，另外自增主键可以吻合索引的有序性，避免叶子节点频繁断裂来维护有序性','### 评估信息：\n\n**准确率：优秀（90%-100%）**  \n你的回答非常准确，抓住了核心要点：  \n1. **磁盘空间占用少**：整型主键确实比UUID占用更少的存储空间，尤其是对于InnoDB引擎来说，这对性能优化非常重要。  \n2. **索引有序性**：自增主键能够吻合索引的有序性，避免频繁的页分裂和重组，这直接提升了插入和查询效率。  \n\n**表达清晰度：良好**  \n你的表述简洁明了，逻辑清晰，直接点出了两个关键优势。  \n\n**完整性状态：良好**  \n虽然核心要点已经覆盖，但可以补充一些额外的细节来让答案更加全面。例如：  \n- 自增整型主键在范围查询时效率更高，因为数据存储是物理连续的。  \n- UUID随机性可能导致索引碎片化，不仅影响插入性能，还会降低查询效率。  \n\n不过整体来看，你的回答已经非常不错了！\n\n---\n\n> 请输入\'**继续**\'或者输入新的**题目类型**',1,'admin','2025-05-18 15:27:58','2025-05-18 15:29:07','01692b8f-ae90-4868-8531-ffe28100aced',1,0,'system',NULL),(349,'Mysql','### 【Mysql】专题 💡\n\n## 面试题目：\n**聚蔟索引非聚蔟索引**\n\n> 🦉 智慧正在你的脑中闪耀！',1,'admin','2025-05-18 15:29:07','2025-05-18 15:29:07','01692b8f-ae90-4868-8531-ffe28100aced',0,NULL,'system',NULL),(350,'聚簇索引叶子节点存储索引和数据，非聚簇索引叶子节点存储索引和磁盘地址，通过磁盘地址去查询数据，需要回表操作所以查询效率比聚簇索引慢','### 评估信息\n\n#### 准确率：优秀（90%-100%）\n你的回答准确地描述了聚簇索引和非聚簇索引的核心区别，包括叶子节点存储内容的不同以及非聚簇索引需要回表操作的特点。整体内容符合技术事实，没有明显错误。\n\n#### 表达清晰度：良好\n你的表达较为清晰，逻辑顺畅，能够让人理解你所描述的内容。但可以稍作润色以提升专业性和流畅性。\n\n#### 完整性状态：良好\n回答涵盖了聚簇索引和非聚簇索引的主要区别，但在完整性上可以进一步补充一些细节，例如：\n1. 聚簇索引的主键特性（一张表只能有一个聚簇索引）。\n2. 非聚簇索引的适用场景（如高频率查询非主键字段）。\n3. 具体性能差异的实际影响（如IO次数、数据量大小等）。\n\n---\n\n**评估总结**：你的回答整体表现非常优秀，准确率达到了优秀水平！以下是稍微优化后的版本供参考：\n\n---\n\n**优化后回答**：\n聚簇索引的叶子节点存储的是索引值和对应的数据行，因此查询时可以直接获取数据，无需额外的查找操作。而非聚簇索引的叶子节点存储的是索引值和对应的主键值（或磁盘地址），查询时需要通过主键值进行回表操作，才能获取到完整的数据行。由于回表操作会增加额外的IO开销，因此非聚簇索引的查询效率通常比聚簇索引低。此外，一张表只能有一个聚簇索引（通常是主键），但可以有多个非聚簇索引，适用于频繁查询非主键字段的场景。\n\n---\n\n> 请输入\'**继续**\'或者输入新的**题目类型**\'',1,'admin','2025-05-18 15:32:27','2025-05-18 15:29:07','01692b8f-ae90-4868-8531-ffe28100aced',1,NULL,'system',NULL),(351,'Mysql','### 【Mysql】专题 💡\n\n## 面试题目：\n**事务的四大特性acid**\n\n> 🦉 智慧正在你的脑中闪耀！',1,'admin','2025-05-18 15:33:27','2025-05-18 15:33:26','01692b8f-ae90-4868-8531-ffe28100aced',0,NULL,'system',NULL),(352,'原子性：一个事务操作要么全部成功要么全部失败\n隔离性：一个事务的操作不能被别的事务所影响\n持久性：事务提交后数据必须持久化存储起来\n一致性：数据在事务开始到结束前的过程要保持一致','### 评估信息：\n\n**准确率：优秀（90%-100%）**  \n- **原子性**：回答正确且清晰，说明了事务操作要么全部成功，要么全部失败的核心概念。  \n- **隔离性**：回答基本正确，但可以更具体一些，比如提到事务并发执行时的隔离级别（如读未提交、读已提交等）。不过整体意思表达无误。  \n- **持久性**：回答正确，明确指出了事务提交后数据需要持久化存储。  \n- **一致性**：回答正确，描述了事务从开始到结束过程中数据需保持一致的状态。\n\n**表达清晰度：良好**  \n整体表达简洁明了，用户对ACID特性的理解非常到位，语言组织也流畅。\n\n**完整性状态：良好**  \n回答覆盖了事务的四大特性，内容完整，没有遗漏。\n\n---\n\n由于准确率高于良好，无需改进回答。\n\n> 请输入\'**继续**\'或者输入新的**题目类型**\'',1,'admin','2025-05-18 15:35:58','2025-05-18 15:33:26','01692b8f-ae90-4868-8531-ffe28100aced',1,NULL,'system',NULL),(353,'Mysql','### 【Mysql】专题 💡\n\n## 面试题目：\n**InnoDb和MyISAM的区别**\n\n> 🎯 坚持到底就是胜利！',1,'admin','2025-05-18 15:36:27','2025-05-18 15:36:26','01692b8f-ae90-4868-8531-ffe28100aced',0,NULL,'system',NULL),(354,'InnoDb：支持事务 支持事务的四种隔离级别 不存储总行数 支持外键 行锁粒度下但是可能因为范围而锁表，适合增删改场景，崩溃后能修复，根据redolog日志\nMyISAM：不支持事务 每次查询都是原子性的 不支持外键 支持表锁，每次操作都会锁表，适合大量查询','### 评估结果：\n\n#### 准确率：\n你的回答总体上涵盖了 InnoDb 和 MyISAM 的核心区别，包括事务支持、外键支持、锁机制、适用场景等关键点。这些内容是正确的，并且抓住了两种存储引擎的主要特性。\n\n**准确率：优秀（90%-100%）**\n\n#### 表达清晰度：\n你的回答逻辑清晰，条理分明，能够清楚地表达两种存储引擎的区别。尽管有些地方可以进一步扩展和优化，但整体表达已经非常不错。\n\n**表达清晰度：优秀**\n\n#### 完整性状态：\n虽然你的回答已经覆盖了大部分重要点，但仍有一些细节可以补充以增强完整性，例如：\n1. **MyISAM 的总行数存储**：MyISAM 引擎会维护一个表的总行数，因此在执行 `COUNT(*)` 查询时速度更快。\n2. **InnoDB 的崩溃恢复**：可以提到 InnoDB 使用 redo log 和 undo log 来实现崩溃恢复，而不仅仅是 redo log。\n3. **MyISAM 的表锁性能问题**：可以补充说明表锁在高并发写操作下的性能瓶颈。\n4. **适用场景的具体例子**：可以举一些实际的例子来说明 InnoDB 和 MyISAM 各自适合的场景。\n\n**完整性状态：良好**\n\n---\n\n### 改进后的回答（仅作为参考）：\n\n**InnoDB 和 MyISAM 的区别：**\n\n1. **事务支持**：\n   - **InnoDB**：支持事务，符合 ACID 特性，支持四种事务隔离级别（读未提交、读已提交、可重复读、串行化）。\n   - **MyISAM**：不支持事务，每次查询都是原子性的。\n\n2. **外键支持**：\n   - **InnoDB**：支持外键约束，能够保证数据的完整性和一致性。\n   - **MyISAM**：不支持外键。\n\n3. **锁机制**：\n   - **InnoDB**：支持行级锁，但在某些情况下（如范围查询）可能会升级为表锁。行级锁提高了并发性能，适合频繁的增删改操作。\n   - **MyISAM**：仅支持表级锁，每次写操作都会锁住整个表，适合以读为主的场景，但在高并发写操作下性能较差。\n\n4. **存储结构与性能**：\n   - **InnoDB**：数据存储在主键索引的 B+ 树中（聚簇索引），不存储表的总行数，因此在执行 `COUNT(*)` 查询时需要扫描全表。\n   - **MyISAM**：数据存储在堆文件中，索引存储在单独的文件中，同时维护表的总行数，因此 `COUNT(*)` 查询速度非常快。\n\n5. **崩溃恢复**：\n   - **InnoDB**：通过 redo log 和 undo log 实现崩溃恢复，数据可靠性更高。\n   - **MyISAM**：没有类似的日志机制，数据在崩溃后可能丢失或损坏。\n\n6. **适用场景**：\n   - **InnoDB**：适合需要事务支持、高并发写操作、数据完整性和一致性的场景，如电商系统、银行系统。\n   - **MyISAM**：适合以读为主的场景，如博客系统、数据分析类应用。\n\n---\n\n### 总结：\n你的回答已经非常接近优秀水平，只需稍微补充一些细节即可达到更高的完整性。继续加油！\n\n> 请输入\'**继续**\'或者输入新的**题目类型**',1,'admin','2025-05-18 15:39:41','2025-05-18 15:36:26','01692b8f-ae90-4868-8531-ffe28100aced',1,NULL,'system',NULL),(355,'Mysql','### 【Mysql】专题 💡\n\n## 面试题目：\n**聚蔟索引非聚蔟索引**\n\n> ⚡ 让智慧之光指引你前进！',16,'HaoMember','2025-05-20 13:31:05','2025-05-20 13:31:05','6931a107-b0c9-43fd-9a9d-0a6c71ad726b',0,1,'system',NULL),(356,'聚蔟索引：叶子节点存储索引和数据\n非聚簇索引：叶子节点存储索引和磁盘地址，通过磁盘地址去查询到数据，需要回表操作所以查询效率比较慢','### 评估信息\n\n**准确率：优秀（90%-100%）**\n\n你的回答非常准确且抓住了聚簇索引和非聚簇索引的核心区别，能够清晰地表达出以下关键点：\n1. **聚簇索引**的叶子节点存储的是索引和数据本身。\n2. **非聚簇索引**的叶子节点存储的是索引和指向数据的磁盘地址，并提到了“回表操作”以及查询效率较慢的原因。\n\n这些核心知识点完全正确，符合优秀标准。\n\n**表达清晰度：优秀**\n- 语言简洁明了，直接命中重点，没有冗余内容。\n- 表述逻辑清晰，能够让面试官快速理解你的知识点。\n\n**完整性状态：良好**\n- 回答已经涵盖了主要知识点，但可以进一步补充一些细节以提升完整性和深度。例如：\n  - 聚簇索引的特点：一个表只能有一个聚簇索引，因为数据的物理存储顺序只能按照一种方式排序。\n  - 非聚簇索引的特点：可以有多个非聚簇索引，每个索引都会增加额外的存储开销。\n  - 实际场景中的应用对比：如主键索引通常是聚簇索引，而普通索引是非聚簇索引。\n\n尽管如此，现有回答已经足够应对大多数面试场景。\n\n---\n\n> 请输入\'**继续**\'或者输入新的**题目类型**',16,'HaoMember','2025-05-20 13:33:18','2025-05-20 13:33:22','6931a107-b0c9-43fd-9a9d-0a6c71ad726b',1,0,'system',NULL),(357,'Mysql','### 【Mysql】专题 💡\n\n## 面试题目：\n**Mysql 执行计划怎么看**\n\n> ✨ 你可以的，相信自己！',16,'HaoMember','2025-05-20 13:33:22','2025-05-20 13:33:22','6931a107-b0c9-43fd-9a9d-0a6c71ad726b',0,NULL,'system',NULL),(358,'Mysql执行计划可以通过explain来查询通常看type，key_len，extar，Type：显示关联类型一般优化到range就可以了，key_len：会显示走了那些索引列，extra：会查询到额外的信息，比如临时表文件排序等','### 评估信息：\n\n#### 准确率：\n- **准确率：良好（70%-89%）**\n  - 你提到通过 `EXPLAIN` 查看执行计划，并提到了几个关键字段如 `type`、`key_len` 和 `Extra`，这些内容是正确的。\n  - 对于 `type`，你提到优化到 `range` 是一个合理的建议，但没有具体解释其他类型（如 `ALL`、`index`、`ref` 等），这可能会导致理解不够全面。\n  - 对于 `key_len`，你提到会显示走了哪些索引列，这是正确的，但可以进一步说明 `key_len` 的大小反映了索引的效率。\n  - 对于 `Extra`，你提到了一些常见的信息（如临时表、文件排序等），但没有具体展开常见的值（如 `Using where`、`Using index` 等），这部分可以补充得更完整。\n\n#### 表达清晰度：\n- **表达清晰度：良好**\n  - 整体表达较为清晰，但部分内容的描述略显简略。例如，`Type` 字段的解释可以更详细一些，帮助面试官更好地理解你的知识深度。\n\n#### 完整性状态：\n- **完整性状态：一般**\n  - 回答中缺少对 `EXPLAIN` 输出中其他重要字段的介绍，比如 `select_type`、`rows`、`filtered` 等。\n  - 缺少对 `EXPLAIN` 使用场景和实际优化中的应用案例的描述。\n\n---\n\n### 改进后的回答：\n\n**Mysql 执行计划怎么看**\n\n1. **使用 EXPLAIN 查看执行计划**  \n   在 MySQL 中，可以通过在查询语句前加上 `EXPLAIN` 关键字来查看执行计划。例如：  \n   ```sql\n   EXPLAIN SELECT * FROM users WHERE age > 30;\n   ```\n   执行结果会返回一张表格，包含了 SQL 查询的执行细节。\n\n2. **主要字段解析**  \n   - **id**  \n     表示查询的执行顺序。如果查询包含子查询或联合查询，`id` 值可以帮助我们了解查询的执行层次。\n   - **select_type**  \n     表示查询的类型，例如 `SIMPLE`（简单查询）、`PRIMARY`（主查询）、`SUBQUERY`（子查询）等。\n   - **table**  \n     显示当前行涉及的表。\n   - **type**  \n     表示访问类型，常见的值包括：  \n     - `ALL`：全表扫描，性能最差。  \n     - `index`：全索引扫描，性能稍好。  \n     - `range`：范围扫描，通常用于范围查询（如 `BETWEEN`、`>`）。  \n     - `ref`：基于非唯一索引的匹配查询。  \n     - `eq_ref`：基于主键或唯一索引的精确匹配查询。  \n     - `const`：基于主键或唯一索引的常量查询。  \n     - 优化目标通常是将 `type` 提升到 `range` 或更高。\n   - **possible_keys**  \n     显示可能使用的索引。\n   - **key**  \n     实际使用的索引。如果没有索引，则为 `NULL`。\n   - **key_len**  \n     表示索引的长度。长度越短，通常意味着索引效率越高。\n   - **ref**  \n     显示索引的具体列或常量值。\n   - **rows**  \n     预估需要扫描的行数。行数越少，性能越好。\n   - **filtered**  \n     表示按条件过滤后剩余的行数百分比。\n   - **Extra**  \n     包含额外的信息，常见值有：  \n     - `Using where`：使用了 WHERE 条件过滤。  \n     - `Using index`：使用了覆盖索引（高效）。  \n     - `Using temporary`：使用了临时表（低效）。  \n     - `Using filesort`：使用了文件排序（低效）。  \n\n3. **优化建议**  \n   - 优先优化 `type` 字段，尽量避免 `ALL` 类型的全表扫描。\n   - 检查 `key` 是否使用了合适的索引，如果没有，考虑添加或调整索引。\n   - 避免 `Extra` 中出现 `Using temporary` 或 `Using filesort`，这些通常会导致性能问题。\n   - 结合 `rows` 和 `filtered` 字段，评估查询的效率。\n\n4. **实际应用案例**  \n   例如，在一个查询中发现 `type` 为 `ALL`，且 `Extra` 中有 `Using filesort`，可以尝试通过添加合适的索引或改写查询逻辑来优化。\n\n---\n\n**请输入\'**继续**\'或者输入新的**题目类型**\'',16,'HaoMember','2025-05-20 13:36:05','2025-05-20 13:33:22','6931a107-b0c9-43fd-9a9d-0a6c71ad726b',1,NULL,'system',NULL),(359,'Mysql','### 【Mysql】专题 💡\n\n## 面试题目：\n**数据库三大范式**\n\n> 🌊 像海浪一样永不言弃！',16,'HaoMember','2025-05-20 13:36:34','2025-05-20 13:36:34','6931a107-b0c9-43fd-9a9d-0a6c71ad726b',0,NULL,'system',NULL),(360,'第一范式：要求数据库中的每一列字段都是不可分割的，同一列中不能有多个值和重复属性\n第二范式：需要确保数据库的每一列属性都与主键相关，而不能直接依赖一部分相关\n第三范式：需要确保数据库的每一列属性不能与属性相关，必须依赖于主键，而不能间接相关','### 评估信息：\n\n#### 准确率：\n- **第一范式**：你的描述基本准确，但可以更严谨一些。第一范式的核心是“字段原子性”，即每一列字段必须是不可分割的最小单位，不能有重复组或多值字段。\n- **第二范式**：你的回答提到“每一列属性都与主键相关”，但未明确强调“完全依赖主键”。第二范式的关键在于消除部分依赖，即非主属性必须完全依赖于主键，而不是主键的一部分。\n- **第三范式**：你的回答提到“不能间接相关”，但表述不够清晰。第三范式的核心是消除传递依赖，即非主属性不能依赖于其他非主属性，而必须直接依赖于主键。\n\n综合来看，你的回答基本抓住了三大范式的要点，但在表述的严谨性和完整性上还有提升空间。因此，**准确率为80%，属于良好水平**。\n\n#### 表达清晰度：\n- 回答整体清晰易懂，但部分表述略显模糊，尤其是对“完全依赖”和“传递依赖”的解释不够明确。\n\n#### 完整性状态：\n- 回答覆盖了三大范式的主要内容，但缺少一些关键术语（如“部分依赖”、“传递依赖”）和更具体的例子来增强理解。\n\n---\n\n### 改进后的回答：\n**数据库三大范式**\n\n1. **第一范式（1NF）**：要求数据库表中的每一列字段都是不可分割的最小单位，确保每一列只包含单一值，避免出现重复组或多值字段。\n\n2. **第二范式（2NF）**：在满足第一范式的基础上，确保表中的每一列属性都完全依赖于主键，而不是主键的一部分。即消除部分依赖，通常通过分解表来实现。\n\n3. **第三范式（3NF）**：在满足第二范式的基础上，确保表中的每一列属性直接依赖于主键，而不是通过其他非主属性间接依赖。即消除传递依赖，进一步减少数据冗余。\n\n---\n\n> 请输入\'**继续**\'或者输入新的**题目类型**',16,'HaoMember','2025-05-20 13:38:39','2025-05-20 13:36:34','6931a107-b0c9-43fd-9a9d-0a6c71ad726b',1,NULL,'system',NULL),(361,'Mysql','### 【Mysql】专题 💡\n\n## 面试题目：\n**事务的四大特性acid**\n\n> 🌈 每一次尝试都让你更接近成功！',16,'HaoMember','2025-05-20 13:40:42','2025-05-20 13:40:41','6931a107-b0c9-43fd-9a9d-0a6c71ad726b',0,NULL,'system',NULL),(362,'原子性：一个事务操作要么全部成功，要么全部失败，隔离性：一个事务的操作不能被别的失误所影响，持久性：事务提交后成功数据持久化存储起来，一致性：数据在事务开始到结束前的过程要保持一致性','### 评估信息：\n\n#### **准确率：优秀（90%-100%）**\n你的回答非常接近标准答案，清楚地描述了事务的四大特性（ACID），并且涵盖了每个特性的核心内容。以下是具体分析：\n1. **原子性（Atomicity）**：你提到“一个事务操作要么全部成功，要么全部失败”，这是完全正确的。\n2. **隔离性（Isolation）**：你提到“一个事务的操作不能被别的事务所影响”，表述清晰且准确。\n3. **持久性（Durability）**：你提到“事务提交后成功数据持久化存储起来”，这也是正确的核心点。\n4. **一致性（Consistency）**：你提到“数据在事务开始到结束前的过程要保持一致性”，虽然可以更详细说明（例如数据从一个一致状态到另一个一致状态），但整体表达是准确的。\n\n#### **表达清晰度：优秀**\n你的语言简洁明了，逻辑清晰，每个特性都用通俗易懂的方式表达出来，没有出现歧义或难以理解的地方。\n\n#### **完整性状态：良好**\n四个特性都有提到，且核心内容完整。不过如果想更进一步提升，可以在“一致性”部分稍微补充一下关于约束和规则的内容（例如数据库的一致性需要满足约束条件、触发器等）。\n\n---\n\n### 总结：\n你的回答表现非常优秀，准确率达到了优秀水平！继续保持这种清晰、简洁的表达方式。\n\n> 请输入\'**继续**\'或者输入新的**题目类型**',16,'HaoMember','2025-05-20 13:42:27','2025-05-20 13:40:41','6931a107-b0c9-43fd-9a9d-0a6c71ad726b',1,NULL,'system',NULL),(363,'Mysql','### 【Mysql】专题 💡\n\n## 面试题目：\n**聚蔟索引非聚蔟索引**\n\n> 🏆 冠军的潜力就在你心中！',16,'HaoMember','2025-05-20 13:42:34','2025-05-20 13:42:34','6931a107-b0c9-43fd-9a9d-0a6c71ad726b',0,NULL,'system',NULL),(364,'聚蔟索引：叶子节点存储索引和数据\n非聚簇索引：叶子节点存储索引和磁盘地址，通过磁盘地址去查询到数据，需要回表操作所以查询效率比较慢','### 评估信息：\n\n#### 准确率：\n你的回答整体上是正确的，抓住了聚簇索引和非聚簇索引的核心区别。以下是具体分析：\n1. **聚簇索引**：你提到“叶子节点存储索引和数据”，这是准确的。聚簇索引的特点是数据行和索引是存储在一起的，叶子节点直接包含数据行。\n2. **非聚簇索引**：你提到“叶子节点存储索引和磁盘地址，通过磁盘地址去查询到数据，需要回表操作所以查询效率比较慢”，这也是正确的。非聚簇索引的叶子节点只存储索引键值和对应数据行的物理地址（或主键值），确实需要回表查询才能获取完整数据。\n\n**准确率评分：优秀（90%-100%）**\n\n#### 表达清晰度：\n你的表达较为简洁明了，能够清楚地传递核心概念，但对于一些细节可以稍作补充以提升完整性。例如：\n- 可以提到聚簇索引的主键特性（即InnoDB引擎中聚簇索引通常是基于主键构建的）。\n- 对于非聚簇索引，可以进一步解释“回表”的含义及其性能影响。\n\n**表达清晰度评分：良好（70%-89%）**\n\n#### 完整性状态：\n回答基本完整，但缺少一些补充知识点：\n1. 聚簇索引的唯一性和排序特性（数据按索引顺序存储）。\n2. 非聚簇索引在某些场景下的优势（如覆盖索引的使用）。\n3. 不同数据库引擎对索引实现的区别（如MyISAM只有非聚簇索引，而InnoDB支持聚簇索引）。\n\n**完整性状态评分：一般（50%-69%）**\n\n---\n\n### 改进建议：\n如果希望进一步完善回答，可以按照以下方式进行改进：\n\n**改进版回答：**\n> 聚簇索引：聚簇索引的叶子节点存储的是索引键值和完整的数据行，这意味着数据行本身是按照索引顺序存储的。在InnoDB存储引擎中，聚簇索引通常是基于主键构建的。由于数据和索引存储在一起，因此聚簇索引具有较高的查询效率，尤其是在范围查询和排序时表现优异。但需要注意的是，一个表只能有一个聚簇索引，因为数据行的物理存储顺序只能有一种。\n>\n> 非聚簇索引：非聚簇索引的叶子节点存储的是索引键值和对应数据行的物理地址（或主键值）。当通过非聚簇索引查询数据时，需要先找到索引键对应的地址，然后通过该地址回表查询完整数据行，这个过程称为“回表”。由于回表会增加额外的I/O开销，因此非聚簇索引的查询效率通常低于聚簇索引。但在某些情况下，如果查询的字段完全可以通过非聚簇索引覆盖（即覆盖索引），则无需回表，查询效率会显著提高。\n>\n> 总结来说，聚簇索引适合用于主键查询、范围查询和排序；而非聚簇索引适合用于辅助查询，尤其是多条件组合查询。\n\n---\n\n### 最终评估：\n你的回答已经具备较高的准确性，但如果能补充上述细节，将更具专业性和完整性。\n\n> 请输入\'**继续**\'或者输入新的**题目类型**',16,'HaoMember','2025-05-20 13:43:18','2025-05-20 13:42:34','6931a107-b0c9-43fd-9a9d-0a6c71ad726b',1,NULL,'system',NULL),(365,'Mysql','### 【Mysql】专题 💡\n\n## 面试题目：\n**数据库三大范式**\n\n> ⏳ 时间会证明你的坚持！',16,'HaoMember','2025-05-20 13:43:24','2025-05-20 13:43:24','6931a107-b0c9-43fd-9a9d-0a6c71ad726b',0,NULL,'system',NULL),(366,'第一范式（1NF）：要求数据库表中的每一列字段都是不可分割的最小单位，确保每一列只包含单一值，避免出现重复组或多值字段。\n\n第二范式（2NF）：在满足第一范式的基础上，确保表中的每一列属性都完全依赖于主键，而不是主键的一部分。即消除部分依赖，通常通过分解表来实现。\n\n第三范式（3NF）：在满足第二范式的基础上，确保表中的每一列属性直接依赖于主键，而不是通过其他非主属性间接依赖。即消除传递依赖，进一步减少数据冗余','### 评估结果：\n\n#### **准确率**: 优秀（90%-100%）\n你的回答非常清晰、准确，完全符合数据库三大范式的定义。每一范式的解释都简洁明了，且没有遗漏任何关键点。\n\n- **第一范式 (1NF)**：正确指出了字段必须是不可分割的最小单位，避免重复组或多值字段。\n- **第二范式 (2NF)**：清楚地说明了需要消除部分依赖，并提到主键和分解表的相关内容。\n- **第三范式 (3NF)**：准确描述了消除传递依赖的概念，强调了非主属性直接依赖于主键。\n\n#### **表达清晰度**: 非常好\n语言逻辑清晰，条理分明，每个范式的解释都易于理解，没有模糊或歧义的地方。\n\n#### **完整性状态**: 完整\n你对三大范式的定义完整覆盖了核心要点，并且没有遗漏任何关键信息。\n\n---\n\n> 请输入\'**继续**\'或者输入新的**题目类型**\'',16,'HaoMember','2025-05-20 13:43:42','2025-05-20 13:43:24','6931a107-b0c9-43fd-9a9d-0a6c71ad726b',1,NULL,'system',NULL),(367,'Mysql','### 【Mysql】专题 💡\n\n## 面试题目：\n**事务的四大特性acid**\n\n> 🎯 坚持到底就是胜利！',16,'HaoMember','2025-05-20 13:44:19','2025-05-20 13:44:18','6931a107-b0c9-43fd-9a9d-0a6c71ad726b',0,NULL,'system',NULL),(368,'原子性：一个事务操作要么全部成功，要么全部失败，隔离性：一个事务的操作不能被别的失误所影响，持久性：事务提交后成功数据持久化存储起来，一致性：数据在事务开始到结束前的过程要保持一致性','### 评估结果：\n\n#### 准确率：\n你的回答基本涵盖了事务的四大特性（ACID），并且描述的内容方向正确，但部分表达存在不够严谨或清晰的地方。以下是具体分析：\n1. **原子性**：描述正确，\"一个事务操作要么全部成功，要么全部失败\" 是原子性的核心思想。\n2. **隔离性**：描述不够准确，\"一个事务的操作不能被别的失误所影响\" 这句话表述模糊。正确的说法是：\"事务的执行是相互隔离的，多个事务并发执行时，一个事务的操作不会干扰其他事务的结果\"。\n3. **持久性**：描述正确，\"事务提交后成功数据持久化存储起来\" 是持久性的定义。\n4. **一致性**：描述不够完整，\"数据在事务开始到结束前的过程要保持一致性\" 表述有些模糊。更严谨的说法是：\"事务执行前后，数据库的状态必须从一个一致性状态转换到另一个一致性状态，确保数据的完整性约束不被破坏\"。\n\n综合来看，你的回答准确率属于 **良好（70%-89%）**。\n\n#### 表达清晰度：\n整体表达较为清晰，但部分特性的描述需要更加严谨，避免使用模糊词汇（如“失误”、“过程”等）。\n\n#### 完整性状态：\n回答覆盖了所有四大特性，但在某些特性上的描述不够全面和精确，因此完整性稍显不足。\n\n---\n\n### 改进后的回答：\n**事务的四大特性（ACID）：**\n1. **原子性（Atomicity）**：事务是一个不可分割的工作单元，事务中的操作要么全部成功，要么全部失败，不会出现部分成功的状态。\n2. **一致性（Consistency）**：事务执行前后，数据库的状态必须从一个一致性状态转换到另一个一致性状态，确保数据的完整性约束不被破坏。\n3. **隔离性（Isolation）**：事务的执行是相互隔离的，多个事务并发执行时，一个事务的操作不会干扰其他事务的结果，每个事务都感觉不到其他事务的存在。\n4. **持久性（Durability）**：事务一旦提交成功，其对数据库的修改就是永久性的，即使系统发生故障也不会丢失。\n\n---\n\n### 最终评估信息：\n- **准确率**：良好（70%-89%）\n- **表达清晰度**：清晰但需更严谨\n- **完整性状态**：基本完整，但部分描述需补充\n\n> 请输入\'**继续**\'或者输入新的**题目类型**',16,'HaoMember','2025-05-20 13:44:48','2025-05-20 13:44:18','6931a107-b0c9-43fd-9a9d-0a6c71ad726b',1,NULL,'system',NULL),(369,'Mysql','### 【Mysql】专题 💡\n\n## 面试题目：\n**MySQl如何避免重复插入数据**\n\n> 🚴 保持平衡，稳步前进！',16,'HaoMember','2025-05-20 13:44:59','2025-05-20 13:44:58','6931a107-b0c9-43fd-9a9d-0a6c71ad726b',0,NULL,'system',NULL),(370,'使用unique唯一关键字唯一约束但是mysql会报错，可以使用insertignore关键字插入重复会忽略点这个错误并且不会返回错误信息','### 评估结果：\n\n**准确率：良好（85%）**\n\n**表达清晰度：清晰**  \n你的回答简洁明了，能够清楚地传达核心内容。你提到了使用 `UNIQUE` 唯一约束来避免重复插入数据，并且补充了 `INSERT IGNORE` 的用法以及它的作用（忽略错误并继续执行）。这些信息是正确的，也展示了你对 MySQL 避免重复插入的基本理解。\n\n**完整性状态：部分完整**  \n虽然你的回答已经涵盖了主要的解决方案，但还可以进一步补充和完善。例如：\n1. **ON DUPLICATE KEY UPDATE**：可以提到如何在遇到重复键时更新已有数据。\n2. **REPLACE INTO**：可以补充一种更激进的解决方案，直接替换掉已有的记录。\n3. **事务处理**：在高并发场景下，建议结合事务来保证数据一致性。\n4. **性能优化提示**：可以提到索引优化的重要性，确保 `UNIQUE` 约束不会因为大规模数据导致性能问题。\n\n由于你的回答缺少一些扩展内容和细节，因此准确率被评估为“良好”。\n\n---\n\n### 改进建议：\n\n改进后的完整回答可以如下：\n\n---\n\n**MySQL 如何避免重复插入数据？**\n\n在 MySQL 中，可以通过以下几种方式避免重复插入数据：\n\n1. **使用 UNIQUE 唯一约束**  \n   在表设计阶段，为需要避免重复的数据列添加 `UNIQUE` 约束。例如：\n   ```sql\n   ALTER TABLE table_name ADD UNIQUE (column_name);\n   ```\n   这样，在插入重复数据时，MySQL 会抛出错误（如 `Duplicate entry` 错误）。\n\n2. **使用 INSERT IGNORE**  \n   如果希望在插入重复数据时忽略错误并继续执行，可以使用 `INSERT IGNORE`：\n   ```sql\n   INSERT IGNORE INTO table_name (column_name) VALUES (\'value\');\n   ```\n   当遇到重复键时，MySQL 会忽略该条记录的插入，而不会中断整个操作。\n\n3. **使用 ON DUPLICATE KEY UPDATE**  \n   如果希望在遇到重复键时更新已有数据，可以使用 `ON DUPLICATE KEY UPDATE`：\n   ```sql\n   INSERT INTO table_name (column_name) VALUES (\'value\')\n   ON DUPLICATE KEY UPDATE column_name = VALUES(column_name);\n   ```\n   这种方法适合需要合并数据的场景。\n\n4. **使用 REPLACE INTO**  \n   如果希望在遇到重复键时删除旧记录并插入新记录，可以使用 `REPLACE INTO`：\n   ```sql\n   REPLACE INTO table_name (column_name) VALUES (\'value\');\n   ```\n   注意：`REPLACE INTO` 会先删除旧记录，再插入新记录，因此可能会导致自增主键的变化。\n\n5. **结合事务处理**  \n   在高并发场景下，为了避免竞态条件（Race Condition），建议结合事务来保证数据一致性。例如：\n   ```sql\n   START TRANSACTION;\n   SELECT * FROM table_name WHERE column_name = \'value\' FOR UPDATE;\n   -- 检查是否存在重复数据\n   IF NOT EXISTS (SELECT 1 FROM table_name WHERE column_name = \'value\') THEN\n       INSERT INTO table_name (column_name) VALUES (\'value\');\n   END IF;\n   COMMIT;\n   ```\n\n6. **性能优化提示**  \n   - 确保 `UNIQUE` 约束所在的列有适当的索引，以提高查询和插入效率。\n   - 在大规模数据场景下，避免频繁使用 `REPLACE INTO`，因为它会导致额外的删除和插入操作。\n\n---\n\n通过以上方法，可以根据实际需求选择合适的策略来避免重复插入数据。\n\n---\n\n> 请输入\'**继续**\'或者输入新的**题目类型**',16,'HaoMember','2025-05-20 13:46:44','2025-05-20 13:44:58','6931a107-b0c9-43fd-9a9d-0a6c71ad726b',1,NULL,'system',NULL),(371,'Mysql','### 【Mysql】专题 💡\n\n## 面试题目：\n**Mysql 执行计划怎么看**\n\n> 🧩 每个难题都是成长的拼图！',16,'HaoMember','2025-05-20 13:48:13','2025-05-20 13:48:13','6931a107-b0c9-43fd-9a9d-0a6c71ad726b',0,NULL,'system',NULL),(372,'通常通过extra关键字 优先优化 type 字段，尽量避免 ALL 类型的全表扫描。\n检查 key 是否使用了合适的索引，如果没有，考虑添加或调整索引。\n避免 Extra 中出现 Using temporary 或 Using filesort，这些通常会导致性能问题。\n结合 rows 和 filtered 字段，评估查询的效率','### 评估信息\n\n#### 准确率：**优秀（90%-100%）**\n你的回答非常准确且涵盖了 MySQL 执行计划的核心要点：\n1. **type 字段优化**：你提到优先优化 `type` 字段，并指出需要避免全表扫描（ALL 类型），这是执行计划分析中的关键点。\n2. **索引使用**：你提到了检查 `key` 是否使用了合适的索引，并给出了合理的建议（添加或调整索引），这符合实际优化的思路。\n3. **Extra 字段问题**：你明确指出了需要避免 `Using temporary` 和 `Using filesort`，这些都是常见的性能瓶颈。\n4. **rows 和 filtered 字段**：你还结合了 `rows` 和 `filtered` 字段来评估查询效率，这是一个全面的分析视角。\n\n#### 表达清晰度：**优秀**\n你的表达逻辑清晰，层次分明，能够准确传达核心内容，没有歧义。\n\n#### 完整性状态：**良好**\n虽然回答已经很完整，但可以补充一些细节，比如：\n- 解释 `type` 字段的常见值（如 `const`, `eq_ref`, `ref`, `range` 等）及其含义。\n- 提到 `possible_keys` 和 `key_len` 字段的作用。\n- 结合实际案例说明如何优化查询。\n\n由于这些补充属于更深入的内容，而非基础要求，因此不影响整体评价。\n\n---\n\n> 请输入\'**继续**\'或者输入新的**题目类型**\'',16,'HaoMember','2025-05-20 13:49:09','2025-05-20 13:48:13','6931a107-b0c9-43fd-9a9d-0a6c71ad726b',1,NULL,'system',NULL),(373,'Mysql','### 【Mysql】专题 💡\n\n## 面试题目：\n**Char和varchar的区别**\n\n> 🌊 像海浪一样永不言弃！',16,'HaoMember','2025-05-20 13:49:27','2025-05-20 13:49:27','6931a107-b0c9-43fd-9a9d-0a6c71ad726b',0,NULL,'system',NULL),(374,'char：固定长度的字符串，定义需要指定固定长度，存储空间固定，适合存储状态值和固定长度的代码，对于短字符串效率极高\nvarChar：长度可变的字符串，定义时需要指定长度，实际存储时根据实际长度占用存储空间，适合存储长度可变的数据','### 评估信息：\n\n**准确率：优秀（90%-100%）**  \n- **理由**：你的回答准确地描述了`CHAR`和`VARCHAR`的区别，涵盖了它们的核心特性，包括固定长度与可变长度、存储空间的差异以及适用场景。这些内容非常契合面试官对这道题目的期待。\n  \n**表达清晰度：优秀**  \n- **理由**：语言简洁明了，逻辑清晰，能够让人快速理解两者的区别。\n\n**完整性状态：优秀**  \n- **理由**：你已经提到两者的核心概念，并且补充了适用场景（如状态值、固定长度代码等），使得回答更加具体和实用。\n\n> 请输入\'**继续**\'或者输入新的**题目类型**\'',16,'HaoMember','2025-05-20 13:51:00','2025-05-20 13:49:27','6931a107-b0c9-43fd-9a9d-0a6c71ad726b',1,NULL,'system',NULL),(375,'Mysql','### 【Mysql】专题 💡\n\n## 面试题目：\n**为什么推荐使用自增整型作为主建而不使用UUID**\n\n> 🎯 专注目标，你一定能做到！',16,'HaoMember','2025-05-20 13:51:15','2025-05-20 13:51:15','6931a107-b0c9-43fd-9a9d-0a6c71ad726b',0,NULL,'system',NULL),(376,'整形占用的磁盘空间较少，方便读取，另外自增主键可以吻合索引的有序性，避免叶子节点频繁断裂来维护有序性','### 评估信息：\n\n#### 准确率：**优秀（90%-100%）**\n- **理由**：你的回答准确指出了自增整型主键的两个核心优势：\n  1. **磁盘占用较少**：整形数据类型（如 INT 或 BIGINT）相较于 UUID 占用的存储空间更小，这不仅能节省存储成本，还能提升 I/O 性能。\n  2. **索引有序性**：自增主键的有序性与 B+ 树索引的特性吻合，插入新记录时通常追加在索引末尾，避免了频繁的页分裂和重组操作，从而提升了写入性能。\n  \n  这些内容已经涵盖了大部分关键点，符合优秀标准。\n\n#### 表达清晰度：**良好**\n- 回答简洁明了，逻辑清晰，能够快速抓住重点。但在专业术语上可以稍作润色，例如“叶子节点频繁断裂”可以改为“索引页分裂”。\n\n#### 完整性状态：**良好**\n- 回答已经较为完整，但可以补充一些额外的优势（如查询性能、缓存命中率等），以进一步提升答案的全面性。\n\n---\n\n> 请输入\'**继续**\'或者输入新的**题目类型**\'',16,'HaoMember','2025-05-20 13:52:47','2025-05-20 13:51:15','6931a107-b0c9-43fd-9a9d-0a6c71ad726b',1,NULL,'system',NULL),(377,'Mysql','### 【Mysql】专题 💡\n\n## 面试题目：\n**对于线上百万的数据如何添加索引**\n\n> 🎯 专注目标，你一定能做到！',16,'HaoMember','2025-05-20 13:52:53','2025-05-20 13:52:53','6931a107-b0c9-43fd-9a9d-0a6c71ad726b',0,NULL,'system',NULL),(378,'不建议直接添加索引可能会导致锁表，可以导出原数据创建一张一样的结果的表然后添加索引，将原数据导入到新表，删除旧表，更换为原表名字','### 评估信息：\n\n#### 准确率：**优秀（90%-100%）**\n你的回答在逻辑上是正确的，并且提供了一个可行的解决方案。你准确地指出了直接添加索引可能导致锁表的问题，并建议通过创建新表的方式来规避这一风险，这是一种常见的优化策略。\n\n#### 表达清晰度：**良好**\n你的回答表达清楚，逻辑连贯，能够让人理解你的思路。不过可以进一步补充一些细节，比如如何导出数据、如何确保数据一致性等，这样可以更全面地展示你的知识深度。\n\n#### 完整性状态：**良好**\n回答涵盖了主要的解决思路，但可以补充更多细节来提高完整性。例如：\n- 如何确保在数据迁移过程中不丢失数据。\n- 如何处理线上流量，避免影响业务。\n- 添加索引的具体步骤和注意事项。\n\n---\n\n> 请输入\'**继续**\'或者输入新的**题目类型**\'',16,'HaoMember','2025-05-20 13:54:38','2025-05-20 13:52:53','6931a107-b0c9-43fd-9a9d-0a6c71ad726b',1,NULL,'system',NULL),(379,'Mysql','### 【Mysql】专题 💡\n\n## 面试题目：\n**索引字段是不是建的越多越好**\n\n> ⏳ 时间会证明你的坚持！',16,'HaoMember','2025-05-20 13:55:43','2025-05-20 13:55:43','6931a107-b0c9-43fd-9a9d-0a6c71ad726b',0,NULL,'system',NULL),(380,'肯定不是，索引越多浪费的空间也越多，而且在写入场景下B加树的维护所付出的性能消耗也大','### 评估信息：\n\n#### 准确率：**优秀（90%-100%）**\n你的回答简明扼要，抓住了核心要点：\n1. **索引越多浪费的空间也越多**：这是正确的，索引需要额外的存储空间，尤其是当表的数据量很大时，索引占用的空间会显著增加。\n2. **写入场景下B+树的维护性能消耗大**：这也是正确的，因为每次插入、更新或删除数据时，MySQL都需要同步更新相关索引结构，这会增加写操作的开销。\n\n#### 表达清晰度：**良好**\n你的回答逻辑清晰，表达流畅，能够让人快速理解你的观点。\n\n#### 完整性状态：**一般**\n虽然核心点已经提到，但回答可以更加全面。例如，可以补充以下内容：\n- 索引过多会导致查询优化器在选择执行计划时的负担加重，可能反而降低查询效率。\n- 在读多写少的场景中，适量的索引是有益的，但在写多读少的场景中，索引的负面影响会被放大。\n- 还可以提到一些最佳实践，比如根据查询需求创建必要的复合索引，避免冗余索引等。\n\n---\n\n由于准确率已经达到优秀水平，以下是评估总结：\n\n> 请输入\'**继续**\'或者输入新的**题目类型**\'',16,'HaoMember','2025-05-20 13:57:19','2025-05-20 13:55:43','6931a107-b0c9-43fd-9a9d-0a6c71ad726b',1,NULL,'system',NULL),(381,'Mysql','### 【Mysql】专题 💡\n\n## 面试题目：\n**Mysql怎么连表查询**\n\n> 🔥 别放弃，再想想看～',16,'HaoMember','2025-05-20 13:57:28','2025-05-20 13:57:28','6931a107-b0c9-43fd-9a9d-0a6c71ad726b',0,NULL,'system',NULL),(382,'left-join：左连接查询左表中所有匹配的数据 右边匹配不到为null，right-join：右连接查询右表中所有匹配的数据 左边匹配不到为null，内连接：查询全部匹配的数据，全连接：通过左连接和右连接实现','### 评估信息：\n\n#### 准确率：**良好（70%-89%）**\n- **优点**：\n  - 回答中清楚地描述了 `LEFT JOIN`、`RIGHT JOIN` 和 `INNER JOIN` 的基本概念。\n  - 对于 `FULL JOIN` 的实现方式也提到了通过左连接和右连接的结合，这一点是正确的。\n  - 整体逻辑清晰，能够较好地传达连表查询的基本原理。\n\n- **不足**：\n  1. **完整性不足**：没有提到 `CROSS JOIN`（笛卡尔积）这种连表查询方式，虽然在实际开发中使用较少，但面试题通常希望回答者能够全面覆盖。\n  2. **细节缺失**：没有说明如何书写 SQL 查询语句来实现这些连表操作，例如具体的语法示例（如 `ON` 条件的使用）。\n  3. **术语不严谨**：提到“全连接通过左连接和右连接实现”时，可以补充 MySQL 本身并不直接支持 `FULL OUTER JOIN`，而是需要通过 `UNION` 操作来模拟实现。\n\n#### 表达清晰度：**良好**\n- 表述较为简洁易懂，但对于初学者可能会稍显抽象，建议补充实例以增强理解。\n\n#### 完整性状态：**一般**\n- 缺少对其他连表查询类型的补充说明。\n- 缺少代码示例或更详细的解释，不够完整。\n\n---\n\n### 改进后的回答：\n\n**Mysql怎么连表查询**\n\n在 MySQL 中，常用的连表查询有以下几种方式：\n\n1. **LEFT JOIN（左连接）**  \n   左连接会返回左表中的所有记录，以及右表中与之匹配的记录。如果右表中没有匹配的记录，则右表部分的字段值为 `NULL`。  \n   示例：\n   ```sql\n   SELECT a.*, b.* \n   FROM table_a a\n   LEFT JOIN table_b b ON a.id = b.a_id;\n   ```\n\n2. **RIGHT JOIN（右连接）**  \n   右连接会返回右表中的所有记录，以及左表中与之匹配的记录。如果左表中没有匹配的记录，则左表部分的字段值为 `NULL`。  \n   示例：\n   ```sql\n   SELECT a.*, b.* \n   FROM table_a a\n   RIGHT JOIN table_b b ON a.id = b.a_id;\n   ```\n\n3. **INNER JOIN（内连接）**  \n   内连接只返回两个表中匹配的记录。如果某一条记录在其中一个表中找不到匹配项，则不会出现在结果集中。  \n   示例：\n   ```sql\n   SELECT a.*, b.* \n   FROM table_a a\n   INNER JOIN table_b b ON a.id = b.a_id;\n   ```\n\n4. **FULL OUTER JOIN（全连接）**  \n   MySQL 不直接支持 `FULL OUTER JOIN`，可以通过 `LEFT JOIN` 和 `RIGHT JOIN` 的组合（使用 `UNION`）来实现全连接的效果。  \n   示例：\n   ```sql\n   SELECT a.*, b.* \n   FROM table_a a\n   LEFT JOIN table_b b ON a.id = b.a_id\n   UNION\n   SELECT a.*, b.* \n   FROM table_a a\n   RIGHT JOIN table_b b ON a.id = b.a_id;\n   ```\n\n5. **CROSS JOIN（笛卡尔积）**  \n   笛卡尔积会返回两个表中所有可能的组合。如果没有指定条件，结果集会非常庞大。  \n   示例：\n   ```sql\n   SELECT a.*, b.* \n   FROM table_a a\n   CROSS JOIN table_b b;\n   ```\n\n总结：MySQL 提供了多种连表查询方式，具体选择哪种取决于业务需求。在实际开发中，`INNER JOIN` 和 `LEFT JOIN` 是最常用的两种方式。\n\n---\n\n> 请输入\'**继续**\'或者输入新的**题目类型**',16,'HaoMember','2025-05-20 13:59:54','2025-05-20 13:57:28','6931a107-b0c9-43fd-9a9d-0a6c71ad726b',1,NULL,'system',NULL),(383,'Mysql','### 【Mysql】专题 💡\n\n## 面试题目：\n**为什么建议InnoDB必须设置主建**\n\n> ✨ 你可以的，相信自己！',16,'HaoMember','2025-05-20 14:00:00','2025-05-20 13:59:59','6931a107-b0c9-43fd-9a9d-0a6c71ad726b',0,NULL,'system',NULL),(384,'InnoDb会优先使用主键作为索引列，如果没有设置主键，就会从数据列中存在的唯一值作为主键，如果都没有，它自己会维护一个隐藏的列作为索引列，这样是比较耗费查询性能的。\n','### 评估信息：\n\n#### 准确率：\n你的回答准确率是 **良好（70%-89%）**。  \n你提到的内容基本正确，但有些细节可以更完整和准确地表达。\n\n1. **正确点：**\n   - 提到 InnoDB 会优先使用主键作为索引列，这是正确的。\n   - 提到如果没有主键，InnoDB 会尝试从唯一且非空的列中选择一个作为聚簇索引，这也是正确的。\n   - 提到如果没有任何合适的列作为主键，InnoDB 会维护一个隐藏的列（称为 ROW_ID），也是对的。\n\n2. **不足点：**\n   - 没有详细解释为什么设置主键对性能有帮助，例如主键决定了数据的存储顺序（聚簇索引的作用）。\n   - 没有说明隐藏列（ROW_ID）的具体影响，比如它的随机性可能导致页分裂、降低插入性能等问题。\n   - 可以补充一些实际场景，比如没有主键时查询效率下降的原因。\n\n#### 表达清晰度：\n表达清晰度是 **良好**。  \n整体逻辑清晰，语言流畅，但某些地方可以更精准地描述，比如“耗费查询性能”可以具体说明为何性能会下降。\n\n#### 完整性状态：\n完整性状态是 **一般**。  \n虽然回答了核心问题，但缺少一些关键细节和背景知识，导致回答不够全面。\n\n---\n\n### 改进后的回答：\n> ✨ 改进后的版本：\nInnoDB 是一种基于聚簇索引的存储引擎，它会优先使用主键作为聚簇索引。如果没有显式定义主键，InnoDB 会尝试从表中查找一个唯一且非空的列作为聚簇索引；如果仍然找不到合适列，InnoDB 会自动生成一个隐藏的列（ROW_ID）作为主键。  \n设置主键的重要性在于：\n1. **存储效率**：主键决定了数据在磁盘上的物理存储顺序，合理设计的主键可以减少页分裂，提高插入和查询效率。\n2. **查询性能**：聚簇索引直接影响查询性能，尤其是范围查询和排序操作。如果没有主键，InnoDB 使用隐藏列（ROW_ID）会导致随机 I/O，从而降低性能。\n3. **避免隐藏列的影响**：隐藏列是全局递增的，但在高并发环境下可能会引发竞争问题，进一步影响性能。\n因此，建议为 InnoDB 表显式定义主键，以优化存储和查询性能。\n\n---\n\n> 请输入\'**继续**\'或者输入新的**题目类型**',16,'HaoMember','2025-05-20 14:01:51','2025-05-20 13:59:59','6931a107-b0c9-43fd-9a9d-0a6c71ad726b',1,NULL,'system',NULL),(385,'Mysql','### 【Mysql】专题 💡\n\n## 面试题目：\n**为什么推荐使用自增整型作为主建而不使用UUID**\n\n> 🚀 再试一次，你离成功不远了！',16,'HaoMember','2025-05-20 14:02:22','2025-05-20 14:02:22','6931a107-b0c9-43fd-9a9d-0a6c71ad726b',0,NULL,'system',NULL),(386,'整形占用的磁盘空间较少，方便读取，另外自增主键可以吻合索引的有序性，避免叶子节点频繁断裂来维护有序性\n\n','### 评估信息：\n\n**准确率：优秀（90%-100%）**\n\n你的回答抓住了自增整型作为主键的核心优势，提到了以下关键点：\n1. **磁盘空间占用较少**：整型比UUID更节省存储空间。\n2. **方便读取**：整型的查询效率更高。\n3. **索引有序性吻合**：自增主键天然保持插入顺序，避免了频繁的叶子节点分裂和维护。\n\n这些点已经覆盖了题目要求的主要内容，且表达清晰、简洁明了。唯一可以补充的是，可以进一步说明UUID在某些场景下的劣势（如随机性导致的碎片化问题），但整体来说，你的回答已经非常完整且准确。\n\n**表达清晰度：优秀**  \n逻辑清晰，语言简练，易于理解。\n\n**完整性状态：良好**  \n虽然没有提到UUID的具体劣势或额外场景（例如分布式系统中UUID的优势与代价），但核心内容已经涵盖，不影响整体评价。\n\n---\n\n> 请输入\'**继续**\'或者输入新的**题目类型**\'',16,'HaoMember','2025-05-20 14:02:42','2025-05-20 14:02:22','6931a107-b0c9-43fd-9a9d-0a6c71ad726b',1,NULL,'system',NULL),(387,'Redis','### 【Redis】专题 💡\n\n## 面试题目：\n**如何保证redis和mysql的数据缓存一致性**\n\n> ⚡ 让智慧之光指引你前进！',16,'HaoMember','2025-05-20 14:03:54','2025-05-20 14:03:54','fccb3ac2-626d-407b-9f33-720d25a29e70',0,1,'mix',NULL),(388,'缓存是通过牺牲强一致性而提升性能，在查询时候缓存如果未命中，会查询数据库并加载进缓存中，对于写数据的时候，我会先更新数据库，在删除缓存，最后可以采用消息队列来保证最终的一致性','### 评估结果：\n\n**准确率：优秀（90%-100%）**  \n- **理由**：你的回答非常清晰地描述了缓存一致性问题的核心思路，包括“先更新数据库，再删除缓存”的操作顺序，以及通过消息队列来保证最终一致性的补充策略。这些内容涵盖了业界常用的解决方案，且逻辑清晰。\n  \n**表达清晰度：优秀**  \n- **理由**：回答语言简洁明了，层次分明，能够让人快速理解你的思路。\n\n**完整性状态：完整**  \n- **理由**：你不仅提到了基本的缓存和数据库的操作顺序，还引入了消息队列这种增强一致性的机制，覆盖了缓存一致性问题的主要方面。\n\n---\n\n> 请输入\'**继续**\'或者输入新的**题目类型**',16,'HaoMember','2025-05-20 14:05:27','2025-05-20 14:05:45','fccb3ac2-626d-407b-9f33-720d25a29e70',1,0,'mix',NULL),(389,'Redis','### 【Redis】专题 💡\n\n## 面试题目：\n**讲一下布隆过滤器**\n\n> 🌠 梦想就在不远处等着你！',16,'HaoMember','2025-05-20 14:05:45','2025-05-20 14:05:45','fccb3ac2-626d-407b-9f33-720d25a29e70',0,NULL,'mix',NULL),(390,'布隆过滤器是基于bitmap位图来实现的，主要用于粗略的数据过滤，在添加元素的时候根据hash运算得到对应的bit位，将该位置设置为1表示可能存在，因为hash运算可能会出现哈希碰撞，设置为0表示一定不存在','### 评估结果：\n\n#### 准确率：**良好（70%-89%）**\n- **优点**：\n  - 回答中提到了布隆过滤器的核心概念，比如基于位图（bitmap）实现、使用哈希运算、通过设置位为1表示可能存在、设置为0表示一定不存在。\n  - 提到哈希碰撞的可能性，并指出布隆过滤器是一种“粗略的数据过滤”工具，这是正确的。\n  \n- **不足**：\n  - 缺少对布隆过滤器的更详细说明，比如它的工作原理、典型应用场景（如缓存穿透、大规模数据去重等）、以及误判率的概念和如何通过调整哈希函数数量或位图大小来控制误判率。\n  - 没有提到布隆过滤器的一个重要特性：元素只能添加，不能删除。\n  - 表述上可以更加严谨一些，比如“设置为0表示一定不存在”这句话可能会让人误解为布隆过滤器会主动清零某些位，实际上布隆过滤器的位一旦被置为1，就不会再变回0。\n\n#### 表达清晰度：**良好**\n- 整体表达较为清晰，逻辑基本顺畅，但可以进一步优化语言组织，使回答更加专业和全面。\n\n#### 完整性状态：**一般**\n- 回答内容不够完整，缺少对布隆过滤器特性的深入分析以及具体应用场景的描述。\n\n---\n\n### 改进后的回答：\n\n布隆过滤器是一种基于位图（Bitmap）实现的概率型数据结构，主要用于高效判断一个元素是否存在于一个集合中。它的核心思想是利用多个哈希函数将元素映射到位数组中的不同位置，并将这些位置的值设置为1。当查询某个元素时，通过相同的哈希函数计算出对应的位，如果所有位都为1，则认为该元素“可能存在”；如果有任何一个位为0，则可以确定该元素“一定不存在”。\n\n由于哈希函数的特性，不同元素可能会映射到相同的位上（即发生哈希碰撞），因此布隆过滤器存在一定的误判率（False Positive Rate）。误判率可以通过调整位图的大小和哈希函数的数量来控制。例如，增大位图大小或增加哈希函数数量可以降低误判率，但同时也会增加存储空间和计算开销。\n\n布隆过滤器的特点包括：\n1. **高效性**：布隆过滤器的空间复杂度和时间复杂度都非常低，适合处理大规模数据。\n2. **不可逆性**：布隆过滤器只能添加元素，无法删除元素（除非使用计数布隆过滤器等变种）。\n3. **概率性**：布隆过滤器的结果是概率性的，可能存在误判，但不会出现“假阴性”。\n\n布隆过滤器的典型应用场景包括：\n- **缓存穿透防护**：在缓存系统中，使用布隆过滤器快速判断某个键是否可能存在于数据库中，避免无效的数据库查询。\n- **大规模数据去重**：例如在爬虫系统中，使用布隆过滤器判断某个URL是否已经被抓取过。\n- **黑名单过滤**：例如在网络安全领域，使用布隆过滤器快速判断某个IP地址是否属于黑名单。\n\n---\n\n> 请输入\'**继续**\'或者输入新的**题目类型**',16,'HaoMember','2025-05-20 14:08:13','2025-05-20 14:05:45','fccb3ac2-626d-407b-9f33-720d25a29e70',1,NULL,'mix',NULL),(391,'Redis','### 【Redis】专题 💡\n\n## 面试题目：\n**redis的优缺点**\n\n> 🎯 坚持到底就是胜利！',16,'HaoMember','2025-05-20 14:08:59','2025-05-20 14:08:59','fccb3ac2-626d-407b-9f33-720d25a29e70',0,NULL,'mix',NULL),(392,'优点：速度快基于内存，丰富的数据结构可以使用大部分应用场景，简单易用，支持持久化存储到本地\n缺点：基于内存所以单台内存的大小是有限制的，数据一致性问题数据写入和读取可能会有一定的延时','### 评估信息：\n\n#### 准确率：良好（70%-89%）\n- **优点**：\n  - 提到“速度快基于内存”是正确的，Redis的高性能主要得益于其基于内存的操作。\n  - “丰富的数据结构可以使用大部分应用场景”表述较为笼统，但基本正确。Redis支持字符串、哈希、列表、集合、有序集合等多种数据结构，适用性广泛。\n  - “简单易用”是一个主观评价，但也符合实际情况。\n  - “支持持久化存储到本地”是准确的，Redis提供了RDB和AOF两种持久化机制。\n\n- **缺点**：\n  - “基于内存所以单台内存的大小是有限制的”是正确的，内存容量限制确实是Redis的主要局限之一。\n  - “数据一致性问题数据写入和读取可能会有一定的延时”这部分表述有些模糊。Redis在主从同步中可能存在短暂的数据不一致问题，但“延时”更多与网络或配置相关，而不是Redis本身的特性。应更明确地描述数据一致性问题（如主从同步中的异步复制）。\n  - 没有提到Redis在大规模分布式场景下的扩展性问题（如集群模式的复杂性），这是一处遗漏。\n\n#### 表达清晰度：良好\n- 整体表达较为清晰，逻辑条理分明，缺点部分稍显模糊，但不影响理解。\n\n#### 完整性状态：一般\n- 回答覆盖了Redis的核心优缺点，但细节不够全面，尤其是缺点部分可以进一步补充。\n\n---\n\n### 改进后的回答：\n\n**Redis的优缺点**\n\n**优点：**\n1. **速度快**：Redis基于内存操作，性能极高，适合需要快速响应的场景。\n2. **丰富的数据结构**：支持字符串（String）、哈希（Hash）、列表（List）、集合（Set）、有序集合（Sorted Set）等数据类型，能够满足多种业务需求。\n3. **简单易用**：Redis提供了简单直观的API，开发人员易于上手。\n4. **支持持久化**：通过RDB快照和AOF日志两种方式，Redis可以将内存中的数据持久化到磁盘，保证数据安全性。\n5. **高可用性**：支持主从复制、哨兵模式和集群模式，能够提供高可用性和一定的容灾能力。\n\n**缺点：**\n1. **内存限制**：Redis基于内存存储，单机内存容量有限，难以处理超大规模数据集。\n2. **数据一致性问题**：在主从架构中，主节点和从节点之间的数据同步是异步的，可能会导致短暂的数据不一致。\n3. **扩展性复杂**：虽然Redis支持集群模式，但在分布式环境下，部署和维护的复杂性较高。\n4. **成本问题**：由于Redis依赖内存，硬件成本相对较高，尤其是在需要大量内存的场景下。\n\n---\n\n> 请输入\'**继续**\'或者输入新的**题目类型**',16,'HaoMember','2025-05-20 14:11:35','2025-05-20 14:08:59','fccb3ac2-626d-407b-9f33-720d25a29e70',1,NULL,'mix',NULL),(393,'Redis','### 【Redis】专题 💡\n\n## 面试题目：\n**主从选举的脑裂问题**\n\n> 🔥 别放弃，再想想看～',16,'HaoMember','2025-05-20 14:14:22','2025-05-20 14:14:21','fccb3ac2-626d-407b-9f33-720d25a29e70',0,NULL,'mix',NULL),(394,'主从切换后，新的主节点会先从原主节点全量同步数据，同步完成后会清空原主节点数据，加载新主节点发来的rdb文件，主从切换期间产生的数据，导致数据混乱，对于脑裂问题可以采用过半选举机制，在选举新主节时，必须获得超过半数的节点的支持，才能确保选举出的主节点是合法的','### 评估信息：\n\n#### **准确率**：良好（80%）\n- **优点**：\n  1. 提到了“脑裂问题”的核心概念，即主从切换期间可能导致数据混乱的问题。\n  2. 提出了“过半选举机制”作为解决方案，并明确说明了其作用：确保选举出的主节点是合法的。\n  3. 整体思路清晰，抓住了问题的关键点。\n\n- **不足**：\n  1. 对于“脑裂问题”的描述不够精准。脑裂问题的核心是由于网络分区导致多个主节点同时存在，而不是仅仅因为数据同步期间的数据混乱。\n  2. 没有提到 Redis 的哨兵（Sentinel）或集群（Cluster）如何具体实现过半选举机制。\n  3. 缺少对其他解决方案的补充，例如 `min-replicas-to-write` 配置项的作用（限制主节点在未达到最低从节点数量时不写入数据）。\n  4. 表述上可以更严谨一些，比如“清空原主节点数据”并不完全准确，实际是原主节点降级为从节点后进行重新同步。\n\n#### **表达清晰度**：良好\n- 描述整体较为流畅，逻辑通顺，但部分术语使用不够精准，可能会影响专业性。\n\n#### **完整性状态**：一般\n- 回答缺少对 Redis 脑裂问题的全面分析，尤其是技术细节和具体配置方案的补充。\n\n---\n\n### 改进后的回答：\n\n**主从选举的脑裂问题**\n\n脑裂问题（Split-Brain Problem）是指在分布式系统中，由于网络分区或其他故障，导致系统中出现多个主节点同时提供服务的情况。在 Redis 中，这种情况通常发生在主从切换时，如果网络不稳定，可能导致多个 Sentinel 认为不同的节点是主节点，从而引发数据不一致甚至数据丢失。\n\n**脑裂问题的具体表现**：\n1. 网络分区发生时，原主节点与从节点之间的通信中断。\n2. Sentinel 认为原主节点不可用，并选举出一个新的主节点。\n3. 如果网络恢复后，原主节点仍然存活并继续处理写请求，就会导致两个主节点同时存在，进而引发数据冲突。\n\n**解决脑裂问题的常见方法**：\n1. **过半选举机制**：Redis Sentinel 使用 Raft 协议的变种来实现领导者选举。在选举新的主节点时，必须获得超过半数的 Sentinel 节点支持，从而确保选举结果的合法性。\n2. **配置参数限制**：\n   - 设置 `min-replicas-to-write` 参数，限制主节点在未达到最低从节点数量时不接受写请求。例如，设置为 `2` 时，主节点至少需要有两个从节点保持同步，否则拒绝写入操作。\n   - 设置 `min-replicas-max-lag` 参数，限制从节点的最大延迟时间，确保主从同步的实时性。\n3. **手动干预和监控**：在网络分区恢复后，可以通过手动检查数据一致性并合并数据，避免数据丢失。\n\n**总结**：\n脑裂问题是分布式系统中的经典难题，Redis 提供了多种机制来缓解这一问题，包括过半选举机制和配置参数限制。通过合理配置和监控，可以有效降低脑裂问题的发生概率。\n\n---\n\n> 请输入\'**继续**\'或者输入新的**题目类型**',16,'HaoMember','2025-05-20 14:18:26','2025-05-20 14:14:21','fccb3ac2-626d-407b-9f33-720d25a29e70',1,NULL,'mix',NULL),(395,'Redis','### 【Redis】专题 💡\n\n## 面试题目：\n**主从选举的脑裂问题**\n\n> 🎯 专注目标，你一定能做到！',16,'HaoMember','2025-05-20 14:22:05','2025-05-20 14:22:05','fccb3ac2-626d-407b-9f33-720d25a29e70',0,NULL,'mix',NULL),(396,'主从切换后，新的主节点会先从原主节点全量同步数据，同步完成后会清空原主节点数据，加载新主节点发来的rdb文件，主从切换期间产生的数据，导致数据混乱，对于脑裂问题可以采用过半选举机制，在选举新主节时，必须获得超过半数的节点的支持，才能确保选举出的主节点是合法的','### 评估分析：\n\n#### **准确率：良好（70%-89%）**\n1. **正确点**：\n   - 提到主从切换后，新主节点会与原主节点进行全量同步，并加载 RDB 文件，这描述了 Redis 主从复制的基本流程。\n   - 提到脑裂问题会导致数据混乱，这是对问题现象的正确理解。\n   - 提到“过半选举机制”来解决脑裂问题，这是一个合理且常见的解决方案。\n\n2. **不足点**：\n   - 描述主从切换时的同步过程不够准确。Redis 主从切换通常是由哨兵（Sentinel）或集群（Cluster）管理的，而不是新主节点主动清空原主节点数据。\n   - 对脑裂问题的解释不够深入。脑裂问题的核心是网络分区导致多个节点同时认为自己是主节点，从而引发数据冲突和不一致。\n   - 没有提到哨兵或集群模式下的具体防范措施，例如 `quorum` 配置、`down-after-milliseconds` 参数等。\n   - 缺少对实际场景中如何避免脑裂问题的操作建议，例如配置合理的超时时间、确保网络稳定性等。\n\n#### **表达清晰度：良好**\n   - 表述整体较为清晰，逻辑通顺，能够让人理解你想要表达的内容。\n   - 但部分概念描述不够严谨，可能引起歧义。\n\n#### **完整性状态：一般**\n   - 回答缺少对脑裂问题的详细解释和完整解决方案。\n   - 缺少对 Redis 哨兵或集群模式下相关配置的具体说明。\n\n---\n\n### 改进后的回答：\n\n**主从选举的脑裂问题**\n\n在 Redis 主从架构中，脑裂问题指的是由于网络分区等原因，导致主节点和从节点之间的通信中断，部分节点认为原主节点已经失效，从而选举出新的主节点。此时可能会出现两个主节点同时对外提供服务的情况，进而导致数据冲突和不一致。\n\n**问题原因**：\n- 当网络分区发生时，一部分节点可能无法与原主节点通信，误以为主节点已经宕机，从而触发主从切换，选举出新的主节点。\n- 原主节点在网络恢复后可能仍然继续处理写请求，导致两份数据不一致。\n\n**解决方案**：\n1. **过半选举机制**：\n   - 在 Redis 哨兵模式中，通过配置 `quorum` 参数，要求至少有指定数量的哨兵节点同意才能触发主从切换。\n   - 新主节点的选举必须获得超过半数哨兵节点的支持，确保选举结果的合法性。\n\n2. **配置合理的超时时间**：\n   - 设置 `down-after-milliseconds` 参数，用于判断主节点是否失联。如果超时时间设置过短，可能导致误判；设置过长则会影响故障恢复速度。\n\n3. **使用 Redis Cluster**：\n   - 在 Redis 集群模式下，通过分布式共识算法（如 Gossip 协议）来确保主节点选举的一致性。\n   - 集群模式还提供了分片功能，进一步增强系统的可用性和容错能力。\n\n4. **客户端防护**：\n   - 在客户端实现读写分离时，可以通过配置只允许向主节点发送写请求，避免因脑裂问题导致的数据不一致。\n\n5. **监控和告警**：\n   - 实时监控 Redis 集群的状态，及时发现网络分区或节点异常情况。\n   - 设置告警机制，在发生脑裂或其他异常时快速响应。\n\n**总结**：\n脑裂问题是 Redis 分布式系统中的一个重要挑战，通过合理的配置和机制设计（如过半选举、超时时间调整等），可以有效降低脑裂发生的概率并减少其影响。\n\n---\n\n> 请输入\'**继续**\'或者输入新的**题目类型**',16,'HaoMember','2025-05-20 14:24:33','2025-05-20 14:22:05','fccb3ac2-626d-407b-9f33-720d25a29e70',1,NULL,'mix',NULL),(397,'Redis','### 【Redis】专题 💡\n\n## 面试题目：\n**缓存降级是啥**\n\n> 🦉 智慧正在你的脑中闪耀！',16,'HaoMember','2025-05-20 14:26:20','2025-05-20 14:26:19','fccb3ac2-626d-407b-9f33-720d25a29e70',0,NULL,'mix',NULL);
/*!40000 ALTER TABLE `ai_history` ENABLE KEYS */;
UNLOCK TABLES;

--
-- Table structure for table `ai_log`
--

DROP TABLE IF EXISTS `ai_log`;
/*!40101 SET @saved_cs_client     = @@character_set_client */;
/*!50503 SET character_set_client = utf8mb4 */;
CREATE TABLE `ai_log` (
  `id` bigint NOT NULL AUTO_INCREMENT COMMENT 'id',
  `content` longtext CHARACTER SET utf8mb4 COLLATE utf8mb4_unicode_ci COMMENT '内容',
  `user_id` bigint DEFAULT NULL COMMENT '用户id',
  `account` varchar(30) CHARACTER SET utf8mb4 COLLATE utf8mb4_unicode_ci DEFAULT NULL COMMENT '账户',
  `is_read` tinyint DEFAULT '0' COMMENT '是否已读 0 未读 1已读',
  `create_time` timestamp NULL DEFAULT CURRENT_TIMESTAMP COMMENT '创建时间',
  PRIMARY KEY (`id`)
) ENGINE=InnoDB AUTO_INCREMENT=454 DEFAULT CHARSET=utf8mb4 COLLATE=utf8mb4_unicode_ci COMMENT='ai操作日志表';
/*!40101 SET character_set_client = @saved_cs_client */;

--
-- Dumping data for table `ai_log`
--

LOCK TABLES `ai_log` WRITE;
/*!40000 ALTER TABLE `ai_log` DISABLE KEYS */;
INSERT INTO `ai_log` VALUES (127,'生成AI答案成功啦！',1,'admin',0,'2025-05-08 11:19:42'),(128,'生成AI答案成功啦！',1,'admin',0,'2025-05-08 11:22:01'),(129,'AI回复异常',1,'admin',0,'2025-05-08 11:22:28'),(130,'服务器发生异常',1,'admin',0,'2025-05-08 11:22:28'),(131,'服务器发生异常',16,'HaoMember',0,'2025-05-08 11:27:26'),(132,'生成AI答案成功啦！',1,'admin',0,'2025-05-08 11:27:32'),(133,'AI回复异常',1,'admin',0,'2025-05-08 11:27:34'),(134,'服务器发生异常',1,'admin',0,'2025-05-08 11:27:34'),(135,'生成AI答案成功啦！',1,'admin',0,'2025-05-08 11:28:13'),(136,'生成AI答案成功啦！',1,'admin',0,'2025-05-08 11:28:17'),(137,'审核通过',16,'HaoMember',0,'2025-05-08 11:49:29'),(138,'名称包含可能引发误解的词语，不符合公序良俗',16,'HaoMember',0,'2025-05-08 11:49:46'),(139,'服务器发生异常',16,'HaoMember',0,'2025-05-08 11:58:23'),(140,'服务器发生异常',1,'admin',0,'2025-05-08 11:58:31'),(141,'服务器发生异常',16,'HaoMember',0,'2025-05-08 12:28:23'),(142,'AI回复异常',1,'admin',0,'2025-05-08 12:28:34'),(143,'服务器发生异常',1,'admin',0,'2025-05-08 12:28:34'),(144,'服务器发生异常',16,'HaoMember',0,'2025-05-08 12:58:23'),(145,'服务器发生异常',1,'admin',0,'2025-05-08 12:58:29'),(146,'生成AI答案成功啦！',1,'admin',0,'2025-05-08 13:10:42'),(147,'服务器发生异常',16,'HaoMember',0,'2025-05-08 13:28:23'),(148,'服务器发生异常',1,'admin',0,'2025-05-08 13:28:29'),(149,'服务器发生异常',16,'HaoMember',0,'2025-05-08 13:58:23'),(150,'服务器发生异常',1,'admin',0,'2025-05-08 13:58:30'),(151,'服务器发生异常',16,'HaoMember',0,'2025-05-08 15:24:47'),(152,'服务器发生异常',1,'admin',0,'2025-05-08 15:24:48'),(153,'服务器发生异常',16,'HaoMember',0,'2025-05-09 03:23:26'),(154,'AI回复异常',1,'admin',0,'2025-05-09 03:23:34'),(155,'服务器发生异常',1,'admin',0,'2025-05-09 03:23:34'),(156,'服务器发生异常',16,'HaoMember',0,'2025-05-09 03:54:24'),(157,'服务器发生异常',1,'admin',0,'2025-05-09 03:54:28'),(158,'服务器发生异常',16,'HaoMember',0,'2025-05-09 04:24:24'),(159,'服务器发生异常',1,'admin',0,'2025-05-09 04:24:27'),(160,'服务器发生异常',16,'HaoMember',0,'2025-05-09 04:54:24'),(161,'服务器发生异常',1,'admin',0,'2025-05-09 04:54:27'),(162,'服务器发生异常',16,'HaoMember',0,'2025-05-09 05:24:25'),(163,'服务器发生异常',1,'admin',0,'2025-05-09 05:24:28'),(164,'服务器发生异常',16,'HaoMember',0,'2025-05-09 05:54:25'),(165,'服务器发生异常',1,'admin',0,'2025-05-09 05:54:30'),(166,'服务器发生异常',16,'HaoMember',0,'2025-05-09 06:24:25'),(167,'服务器发生异常',1,'admin',0,'2025-05-09 06:24:29'),(168,'服务器发生异常',16,'HaoMember',0,'2025-05-09 06:54:25'),(169,'服务器发生异常',1,'admin',0,'2025-05-09 06:54:29'),(170,'服务器发生异常',16,'HaoMember',0,'2025-05-09 07:24:25'),(171,'服务器发生异常',1,'admin',0,'2025-05-09 07:24:27'),(172,'服务器发生异常',16,'HaoMember',0,'2025-05-09 07:54:25'),(173,'服务器发生异常',1,'admin',0,'2025-05-09 07:54:29'),(174,'服务器发生异常',16,'HaoMember',0,'2025-05-09 12:06:48'),(175,'服务器发生异常',1,'admin',0,'2025-05-09 12:06:56'),(176,'生成AI答案成功啦！',1,'admin',0,'2025-05-09 12:08:08'),(177,'生成AI答案成功啦！',1,'admin',0,'2025-05-09 12:08:12'),(178,'生成AI答案成功啦！',1,'admin',0,'2025-05-09 12:08:54'),(179,'生成AI答案成功啦！',1,'admin',0,'2025-05-09 12:08:58'),(180,'生成AI答案成功啦！',1,'admin',0,'2025-05-09 12:08:58'),(181,'生成AI答案成功啦！',1,'admin',0,'2025-05-09 12:09:17'),(182,'生成AI答案成功啦！',1,'admin',0,'2025-05-09 12:09:43'),(183,'生成AI答案成功啦！',1,'admin',0,'2025-05-09 12:09:43'),(184,'生成AI答案成功啦！',1,'admin',0,'2025-05-09 12:09:59'),(185,'生成AI答案成功啦！',1,'admin',0,'2025-05-09 12:10:31'),(186,'生成AI答案成功啦！',1,'admin',0,'2025-05-09 12:10:37'),(187,'生成AI答案成功啦！',1,'admin',0,'2025-05-09 12:10:48'),(188,'生成AI答案成功啦！',1,'admin',0,'2025-05-09 12:11:10'),(189,'生成AI答案成功啦！',1,'admin',0,'2025-05-09 12:11:22'),(190,'生成AI答案成功啦！',1,'admin',0,'2025-05-09 12:11:48'),(191,'生成AI答案成功啦！',1,'admin',0,'2025-05-09 12:14:58'),(192,'生成AI答案成功啦！',1,'admin',0,'2025-05-09 12:15:13'),(193,'生成AI答案成功啦！',1,'admin',0,'2025-05-09 12:15:27'),(194,'AI回复异常',1,'admin',0,'2025-05-09 12:15:49'),(195,'服务器发生异常',1,'admin',0,'2025-05-09 12:15:49'),(196,'生成AI答案成功啦！',1,'admin',0,'2025-05-09 12:16:03'),(197,'生成AI答案成功啦！',1,'admin',0,'2025-05-09 12:32:42'),(198,'生成AI答案成功啦！',1,'admin',0,'2025-05-09 12:32:45'),(199,'生成AI答案成功啦！',1,'admin',0,'2025-05-09 12:33:07'),(200,'AI回复异常',16,'HaoMember',0,'2025-05-09 12:37:55'),(201,'服务器发生异常',16,'HaoMember',0,'2025-05-09 12:37:55'),(202,'AI回复异常',1,'admin',0,'2025-05-09 12:37:56'),(203,'服务器发生异常',1,'admin',0,'2025-05-09 12:37:56'),(204,'生成AI答案成功啦！',1,'admin',0,'2025-05-09 12:42:41'),(205,'生成AI答案成功啦！',1,'admin',0,'2025-05-09 12:42:47'),(206,'生成AI答案成功啦！',1,'admin',0,'2025-05-09 12:43:45'),(207,'生成AI答案成功啦！',1,'admin',0,'2025-05-09 12:43:51'),(208,'生成AI答案成功啦！',1,'admin',0,'2025-05-09 12:43:54'),(209,'生成AI答案成功啦！',1,'admin',0,'2025-05-09 12:44:43'),(210,'生成AI答案成功啦！',1,'admin',0,'2025-05-09 12:45:47'),(211,'服务器发生异常',16,'HaoMember',0,'2025-05-09 13:07:46'),(212,'服务器发生异常',1,'admin',0,'2025-05-09 13:07:53'),(213,'生成AI答案成功啦！',1,'admin',0,'2025-05-09 13:09:28'),(214,'生成AI答案成功啦！',1,'admin',0,'2025-05-09 13:09:33'),(215,'生成AI答案成功啦！',1,'admin',0,'2025-05-09 13:09:34'),(216,'生成AI答案成功啦！',1,'admin',0,'2025-05-09 13:09:38'),(217,'生成AI答案成功啦！',1,'admin',0,'2025-05-09 13:09:43'),(218,'服务器发生异常',16,'HaoMember',0,'2025-05-09 13:37:46'),(219,'服务器发生异常',1,'admin',0,'2025-05-09 13:37:53'),(220,'服务器发生异常',16,'HaoMember',0,'2025-05-09 14:07:46'),(221,'服务器发生异常',1,'admin',0,'2025-05-09 14:07:51'),(222,'服务器发生异常',16,'HaoMember',0,'2025-05-09 14:37:46'),(223,'服务器发生异常',1,'admin',0,'2025-05-09 14:37:52'),(224,'服务器发生异常',16,'HaoMember',0,'2025-05-09 15:07:46'),(225,'服务器发生异常',1,'admin',0,'2025-05-09 15:07:50'),(226,'AI回复异常',16,'HaoMember',0,'2025-05-10 03:34:26'),(227,'AI回复异常',1,'admin',0,'2025-05-10 03:34:27'),(228,'服务器发生异常',16,'HaoMember',0,'2025-05-10 03:34:27'),(229,'服务器发生异常',1,'admin',0,'2025-05-10 03:34:27'),(230,'AI回复异常',1,'admin',0,'2025-05-10 13:46:47'),(231,'AI回复异常',16,'HaoMember',0,'2025-05-10 13:46:47'),(232,'服务器发生异常',1,'admin',0,'2025-05-10 13:46:48'),(233,'服务器发生异常',16,'HaoMember',0,'2025-05-10 13:46:48'),(234,'AI回复异常',1,'admin',0,'2025-05-10 13:50:41'),(235,'服务器发生异常',1,'admin',0,'2025-05-10 13:50:41'),(236,'AI回复异常',1,'admin',0,'2025-05-10 13:51:22'),(237,'服务器发生异常',1,'admin',0,'2025-05-10 13:51:22'),(238,'AI回复异常',1,'admin',0,'2025-05-10 13:56:12'),(239,'AI回复异常',1,'admin',0,'2025-05-10 13:56:12'),(240,'AI回复异常',1,'admin',0,'2025-05-10 13:56:12'),(241,'AI回复异常',16,'HaoMember',0,'2025-05-10 13:56:12'),(242,'服务器发生异常',1,'admin',0,'2025-05-10 13:56:12'),(243,'服务器发生异常',1,'admin',0,'2025-05-10 13:56:12'),(244,'服务器发生异常',1,'admin',0,'2025-05-10 13:56:12'),(245,'服务器发生异常',16,'HaoMember',0,'2025-05-10 13:56:12'),(246,'AI回复异常',1,'admin',0,'2025-05-10 13:58:25'),(247,'AI回复异常',1,'admin',0,'2025-05-10 13:58:25'),(248,'服务器发生异常',1,'admin',0,'2025-05-10 13:58:25'),(249,'服务器发生异常',1,'admin',0,'2025-05-10 13:58:25'),(250,'服务器发生异常',16,'HaoMember',0,'2025-05-10 13:58:27'),(251,'服务器发生异常',1,'admin',0,'2025-05-10 13:58:30'),(252,'AI回复异常',1,'admin',0,'2025-05-10 13:59:06'),(253,'AI回复异常',1,'admin',0,'2025-05-10 13:59:06'),(254,'服务器发生异常',1,'admin',0,'2025-05-10 13:59:07'),(255,'服务器发生异常',1,'admin',0,'2025-05-10 13:59:07'),(256,'服务器发生异常',16,'HaoMember',0,'2025-05-10 13:59:08'),(257,'生成AI答案成功啦！',1,'admin',0,'2025-05-10 13:59:09'),(258,'AI回复异常',1,'admin',0,'2025-05-10 13:59:19'),(259,'服务器发生异常',1,'admin',0,'2025-05-10 13:59:19'),(260,'AI回复异常',1,'admin',0,'2025-05-10 14:03:13'),(261,'AI回复异常',16,'HaoMember',0,'2025-05-10 14:03:13'),(262,'服务器发生异常',16,'HaoMember',0,'2025-05-10 14:03:14'),(263,'服务器发生异常',1,'admin',0,'2025-05-10 14:03:14'),(264,'服务器发生异常',1,'admin',0,'2025-05-10 14:03:18'),(265,'生成AI答案成功啦！',1,'admin',0,'2025-05-10 14:03:19'),(266,'生成AI答案成功啦！',1,'admin',0,'2025-05-10 14:03:22'),(267,'生成AI答案成功啦！',1,'admin',0,'2025-05-10 14:03:27'),(268,'生成AI答案成功啦！',1,'admin',0,'2025-05-10 14:03:32'),(269,'生成AI答案成功啦！',1,'admin',0,'2025-05-10 14:03:40'),(270,'生成AI答案成功啦！',1,'admin',0,'2025-05-10 14:03:48'),(271,'AI回复异常',1,'admin',0,'2025-05-10 14:03:58'),(272,'服务器发生异常',1,'admin',0,'2025-05-10 14:03:58'),(273,'服务器发生异常',16,'HaoMember',0,'2025-05-10 14:34:12'),(274,'AI回复异常',1,'admin',0,'2025-05-10 14:34:14'),(275,'服务器发生异常',1,'admin',0,'2025-05-10 14:34:14'),(276,'服务器发生异常',1,'admin',0,'2025-05-10 14:34:19'),(277,'生成AI答案成功啦！',1,'admin',0,'2025-05-10 14:34:22'),(278,'生成AI答案成功啦！',1,'admin',0,'2025-05-10 14:34:25'),(279,'生成AI答案成功啦！',1,'admin',0,'2025-05-10 14:34:31'),(280,'生成AI答案成功啦！',1,'admin',0,'2025-05-10 14:34:35'),(281,'生成AI答案成功啦！',1,'admin',0,'2025-05-10 14:34:41'),(282,'生成AI答案成功啦！',1,'admin',0,'2025-05-10 14:37:58'),(283,'生成AI答案成功啦！',1,'admin',0,'2025-05-10 14:38:16'),(284,'生成AI答案成功啦！',1,'admin',0,'2025-05-10 14:38:34'),(285,'AI回复异常',1,'admin',0,'2025-05-10 14:38:44'),(286,'服务器发生异常',1,'admin',0,'2025-05-10 14:38:44'),(287,'AI回复异常',1,'admin',0,'2025-05-10 14:44:33'),(288,'AI回复异常',1,'admin',0,'2025-05-10 14:44:33'),(289,'服务器发生异常',1,'admin',0,'2025-05-10 14:44:33'),(290,'服务器发生异常',1,'admin',0,'2025-05-10 14:44:33'),(291,'服务器发生异常',16,'HaoMember',0,'2025-05-10 14:44:35'),(292,'生成AI答案成功啦！',1,'admin',0,'2025-05-10 14:44:40'),(293,'生成AI答案成功啦！',1,'admin',0,'2025-05-10 14:44:44'),(294,'生成AI答案成功啦！',1,'admin',0,'2025-05-10 14:44:47'),(295,'生成AI答案成功啦！',1,'admin',0,'2025-05-10 14:44:51'),(296,'生成AI答案成功啦！',1,'admin',0,'2025-05-10 14:45:07'),(297,'生成AI答案成功啦！',1,'admin',0,'2025-05-10 14:45:35'),(298,'生成AI答案成功啦！',1,'admin',0,'2025-05-10 14:46:06'),(299,'生成AI答案成功啦！',1,'admin',0,'2025-05-10 14:46:20'),(300,'生成AI答案成功啦！',1,'admin',0,'2025-05-10 14:46:38'),(301,'生成AI答案成功啦！',1,'admin',0,'2025-05-10 14:46:51'),(302,'生成AI答案成功啦！',1,'admin',0,'2025-05-10 14:47:27'),(303,'生成AI答案成功啦！',1,'admin',0,'2025-05-10 14:47:46'),(304,'生成AI答案成功啦！',1,'admin',0,'2025-05-10 14:48:25'),(305,'生成AI答案成功啦！',1,'admin',0,'2025-05-10 14:48:57'),(306,'生成AI答案成功啦！',1,'admin',0,'2025-05-10 14:49:15'),(307,'生成AI答案成功啦！',1,'admin',0,'2025-05-10 14:49:26'),(308,'生成AI答案成功啦！',1,'admin',0,'2025-05-10 14:49:32'),(309,'生成AI答案成功啦！',1,'admin',0,'2025-05-10 14:49:36'),(310,'生成AI答案成功啦！',1,'admin',0,'2025-05-10 14:50:02'),(311,'生成AI答案成功啦！',1,'admin',0,'2025-05-10 14:50:07'),(312,'生成AI答案成功啦！',1,'admin',0,'2025-05-10 14:50:14'),(313,'生成AI答案成功啦！',1,'admin',0,'2025-05-10 14:50:20'),(314,'AI回复异常',1,'admin',0,'2025-05-11 13:43:14'),(315,'服务器发生异常',1,'admin',0,'2025-05-11 13:43:15'),(316,'服务器发生异常',16,'HaoMember',0,'2025-05-11 13:43:19'),(317,'生成AI答案成功啦！',1,'admin',0,'2025-05-11 13:43:20'),(318,'服务器发生异常',16,'HaoMember',0,'2025-05-11 13:46:25'),(319,'服务器发生异常',1,'admin',0,'2025-05-11 13:46:29'),(320,'生成AI答案成功啦！',1,'admin',0,'2025-05-11 13:49:49'),(321,'生成AI答案成功啦！',1,'admin',0,'2025-05-11 13:50:39'),(322,'生成AI答案成功啦！',1,'admin',0,'2025-05-11 13:51:03'),(323,'生成AI答案成功啦！',1,'admin',0,'2025-05-11 13:51:20'),(324,'生成AI答案成功啦！',1,'admin',0,'2025-05-11 13:51:42'),(325,'AI回复异常',1,'admin',0,'2025-05-11 13:53:31'),(326,'服务器发生异常',1,'admin',0,'2025-05-11 13:53:31'),(327,'生成AI答案成功啦！',1,'admin',0,'2025-05-11 13:53:48'),(328,'AI回复异常',1,'admin',0,'2025-05-11 13:54:54'),(329,'服务器发生异常',1,'admin',0,'2025-05-11 13:54:54'),(330,'AI回复异常',1,'admin',0,'2025-05-11 13:56:43'),(331,'AI回复异常',1,'admin',0,'2025-05-11 13:56:43'),(332,'服务器发生异常',1,'admin',0,'2025-05-11 13:56:43'),(333,'服务器发生异常',1,'admin',0,'2025-05-11 13:56:43'),(334,'服务器发生异常',16,'HaoMember',0,'2025-05-11 13:56:44'),(335,'AI回复异常',1,'admin',0,'2025-05-11 13:56:53'),(336,'服务器发生异常',1,'admin',0,'2025-05-11 13:56:53'),(337,'服务器发生异常',16,'HaoMember',0,'2025-05-11 13:57:15'),(338,'AI回复异常',1,'admin',0,'2025-05-11 13:57:16'),(339,'AI回复异常',1,'admin',0,'2025-05-11 13:57:16'),(340,'服务器发生异常',1,'admin',0,'2025-05-11 13:57:16'),(341,'服务器发生异常',1,'admin',0,'2025-05-11 13:57:16'),(342,'AI回复异常',1,'admin',0,'2025-05-11 13:57:26'),(343,'服务器发生异常',1,'admin',0,'2025-05-11 13:57:26'),(344,'AI回复异常',1,'admin',0,'2025-05-11 13:58:43'),(345,'AI回复异常',1,'admin',0,'2025-05-11 13:58:43'),(346,'服务器发生异常',1,'admin',0,'2025-05-11 13:58:43'),(347,'服务器发生异常',1,'admin',0,'2025-05-11 13:58:43'),(348,'AI回复异常',16,'HaoMember',0,'2025-05-11 13:58:43'),(349,'服务器发生异常',16,'HaoMember',0,'2025-05-11 13:58:43'),(350,'服务器发生异常',1,'admin',0,'2025-05-11 13:58:47'),(351,'AI回复异常',1,'admin',0,'2025-05-11 13:59:39'),(352,'AI回复异常',1,'admin',0,'2025-05-11 13:59:39'),(353,'服务器发生异常',1,'admin',0,'2025-05-11 13:59:39'),(354,'服务器发生异常',1,'admin',0,'2025-05-11 13:59:39'),(355,'服务器发生异常',16,'HaoMember',0,'2025-05-11 13:59:42'),(356,'生成AI答案成功啦！',1,'admin',0,'2025-05-11 13:59:47'),(357,'生成AI答案成功啦！',1,'admin',0,'2025-05-11 13:59:53'),(358,'生成AI答案成功啦！',1,'admin',0,'2025-05-11 13:59:59'),(359,'生成AI答案成功啦！',1,'admin',0,'2025-05-11 14:00:03'),(360,'生成AI答案成功啦！',1,'admin',0,'2025-05-11 14:00:08'),(361,'生成AI答案成功啦！',1,'admin',0,'2025-05-11 14:00:15'),(362,'生成AI答案成功啦！',1,'admin',0,'2025-05-11 14:00:23'),(363,'生成AI答案成功啦！',1,'admin',0,'2025-05-11 14:00:28'),(364,'生成AI答案成功啦！',1,'admin',0,'2025-05-11 14:00:35'),(365,'生成AI答案成功啦！',1,'admin',0,'2025-05-11 14:03:00'),(366,'生成AI答案成功啦！',1,'admin',0,'2025-05-11 14:03:27'),(367,'生成AI答案成功啦！',1,'admin',0,'2025-05-11 14:04:09'),(368,'生成AI答案成功啦！',1,'admin',0,'2025-05-11 14:04:24'),(369,'生成AI答案成功啦！',1,'admin',0,'2025-05-11 14:04:49'),(370,'生成AI答案成功啦！',1,'admin',0,'2025-05-11 14:05:26'),(371,'生成AI答案成功啦！',1,'admin',0,'2025-05-11 14:06:06'),(372,'生成AI答案成功啦！',1,'admin',0,'2025-05-11 14:06:42'),(373,'生成AI答案成功啦！',1,'admin',0,'2025-05-11 14:07:07'),(374,'生成AI答案成功啦！',1,'admin',0,'2025-05-11 14:07:37'),(375,'生成AI答案成功啦！',1,'admin',0,'2025-05-11 14:08:18'),(376,'生成AI答案成功啦！',1,'admin',0,'2025-05-11 14:08:58'),(377,'生成AI答案成功啦！',1,'admin',0,'2025-05-11 14:09:23'),(378,'生成AI答案成功啦！',1,'admin',0,'2025-05-11 14:09:46'),(379,'生成AI答案成功啦！',1,'admin',0,'2025-05-11 14:10:32'),(380,'AI回复异常',1,'admin',0,'2025-05-11 14:10:58'),(381,'服务器发生异常',1,'admin',0,'2025-05-11 14:10:58'),(382,'AI回复异常',1,'admin',0,'2025-05-11 14:12:29'),(383,'AI回复异常',1,'admin',0,'2025-05-11 14:12:29'),(384,'服务器发生异常',1,'admin',0,'2025-05-11 14:12:29'),(385,'服务器发生异常',1,'admin',0,'2025-05-11 14:12:29'),(386,'服务器发生异常',16,'HaoMember',0,'2025-05-11 14:12:30'),(387,'服务器发生异常',1,'admin',0,'2025-05-11 14:12:32'),(388,'AI回复异常',1,'admin',0,'2025-05-11 14:13:43'),(389,'AI回复异常',1,'admin',0,'2025-05-11 14:13:43'),(390,'AI回复异常',1,'admin',0,'2025-05-11 14:13:43'),(391,'服务器发生异常',1,'admin',0,'2025-05-11 14:13:43'),(392,'服务器发生异常',1,'admin',0,'2025-05-11 14:13:43'),(393,'服务器发生异常',1,'admin',0,'2025-05-11 14:13:43'),(394,'服务器发生异常',16,'HaoMember',0,'2025-05-11 14:13:44'),(395,'AI回复异常',1,'admin',0,'2025-05-11 14:15:25'),(396,'AI回复异常',1,'admin',0,'2025-05-11 14:15:25'),(397,'服务器发生异常',1,'admin',0,'2025-05-11 14:15:26'),(398,'服务器发生异常',1,'admin',0,'2025-05-11 14:15:26'),(399,'服务器发生异常',16,'HaoMember',0,'2025-05-11 14:15:30'),(400,'服务器发生异常',1,'admin',0,'2025-05-11 14:15:31'),(401,'服务器发生异常',16,'HaoMember',0,'2025-05-11 14:15:58'),(402,'AI回复异常',1,'admin',0,'2025-05-11 14:15:59'),(403,'AI回复异常',1,'admin',0,'2025-05-11 14:15:59'),(404,'服务器发生异常',1,'admin',0,'2025-05-11 14:15:59'),(405,'服务器发生异常',1,'admin',0,'2025-05-11 14:15:59'),(406,'服务器发生异常',1,'admin',0,'2025-05-11 14:16:05'),(407,'AI回复异常',1,'admin',0,'2025-05-11 14:17:06'),(408,'AI回复异常',1,'admin',0,'2025-05-11 14:17:06'),(409,'服务器发生异常',1,'admin',0,'2025-05-11 14:17:06'),(410,'服务器发生异常',1,'admin',0,'2025-05-11 14:17:06'),(411,'服务器发生异常',16,'HaoMember',0,'2025-05-11 14:17:09'),(412,'服务器发生异常',1,'admin',0,'2025-05-11 14:17:11'),(413,'AI回复异常',1,'admin',0,'2025-05-11 14:18:07'),(414,'AI回复异常',1,'admin',0,'2025-05-11 14:18:07'),(415,'服务器发生异常',1,'admin',0,'2025-05-11 14:18:08'),(416,'服务器发生异常',1,'admin',0,'2025-05-11 14:18:08'),(417,'服务器发生异常',16,'HaoMember',0,'2025-05-11 14:18:09'),(418,'AI回复异常',1,'admin',0,'2025-05-11 14:18:17'),(419,'服务器发生异常',1,'admin',0,'2025-05-11 14:18:17'),(420,'服务器发生异常',16,'HaoMember',0,'2025-05-11 14:20:14'),(421,'生成AI答案成功啦！',1,'admin',0,'2025-05-11 14:20:44'),(422,'生成AI答案成功啦！',1,'admin',0,'2025-05-11 14:20:56'),(423,'AI回复异常',1,'admin',0,'2025-05-11 14:21:09'),(424,'服务器发生异常',1,'admin',0,'2025-05-11 14:21:09'),(425,'生成AI答案成功啦！',1,'admin',0,'2025-05-11 14:21:43'),(426,'AI回复异常',1,'admin',0,'2025-05-11 14:22:18'),(427,'服务器发生异常',1,'admin',0,'2025-05-11 14:22:18'),(428,'生成AI答案成功啦！',1,'admin',0,'2025-05-11 14:22:41'),(429,'生成AI答案成功啦！',1,'admin',0,'2025-05-11 14:22:56'),(430,'生成AI答案成功啦！',1,'admin',0,'2025-05-11 14:23:06'),(431,'生成AI答案成功啦！',1,'admin',0,'2025-05-11 14:23:14'),(432,'生成AI答案成功啦！',1,'admin',0,'2025-05-11 14:23:31'),(433,'AI回复异常',1,'admin',0,'2025-05-11 14:23:52'),(434,'服务器发生异常',1,'admin',0,'2025-05-11 14:23:52'),(435,'生成AI答案成功啦！',1,'admin',0,'2025-05-11 14:24:18'),(436,'生成AI答案成功啦！',1,'admin',0,'2025-05-11 14:24:51'),(437,'生成AI答案成功啦！',1,'admin',0,'2025-05-11 14:25:01'),(438,'生成AI答案成功啦！',1,'admin',0,'2025-05-11 14:25:11'),(439,'生成AI答案成功啦！',1,'admin',0,'2025-05-11 14:25:23'),(440,'生成AI答案成功啦！',1,'admin',0,'2025-05-11 14:25:28'),(441,'生成AI答案成功啦！',1,'admin',0,'2025-05-11 14:25:43'),(442,'生成AI答案成功啦！',1,'admin',0,'2025-05-11 14:25:51'),(443,'生成AI答案成功啦！',1,'admin',0,'2025-05-11 14:25:54'),(444,'AI回复异常',1,'admin',0,'2025-05-11 14:36:36'),(445,'服务器发生异常',1,'admin',0,'2025-05-11 14:36:37'),(446,'生成AI答案成功啦！',1,'admin',0,'2025-05-11 14:36:44'),(447,'生成AI答案成功啦！',1,'admin',0,'2025-05-12 11:19:44'),(448,'AI回复异常',1,'admin',0,'2025-05-12 12:47:50'),(449,'服务器发生异常',1,'admin',0,'2025-05-12 12:47:50'),(450,'生成AI答案成功啦！',1,'admin',0,'2025-05-12 12:48:57'),(451,'生成AI答案成功啦！',1,'admin',0,'2025-05-12 12:50:38'),(452,'生成AI答案成功啦！',1,'admin',0,'2025-05-12 12:52:51'),(453,'生成AI答案成功啦！',1,'admin',0,'2025-05-12 12:53:17');
/*!40000 ALTER TABLE `ai_log` ENABLE KEYS */;
UNLOCK TABLES;

--
-- Table structure for table `ai_record`
--

DROP TABLE IF EXISTS `ai_record`;
/*!40101 SET @saved_cs_client     = @@character_set_client */;
/*!50503 SET character_set_client = utf8mb4 */;
CREATE TABLE `ai_record` (
  `id` bigint NOT NULL AUTO_INCREMENT COMMENT 'id',
  `user_id` bigint DEFAULT NULL COMMENT '用户id',
  `nickname` varchar(30) COLLATE utf8_bin DEFAULT NULL COMMENT '用户昵称',
  `count` bigint DEFAULT NULL COMMENT '次数',
  `ai_time` date DEFAULT (curdate()) COMMENT 'ai使用日期',
  `update_time` timestamp NULL DEFAULT CURRENT_TIMESTAMP COMMENT '更新时间',
  PRIMARY KEY (`id`)
) ENGINE=InnoDB AUTO_INCREMENT=15 DEFAULT CHARSET=utf8mb3 COLLATE=utf8_bin COMMENT='ai记录表';
/*!40101 SET character_set_client = @saved_cs_client */;

--
-- Dumping data for table `ai_record`
--

LOCK TABLES `ai_record` WRITE;
/*!40000 ALTER TABLE `ai_record` DISABLE KEYS */;
INSERT INTO `ai_record` VALUES (1,1,'HaoHao',100,'2025-05-04','2025-05-05 14:23:02'),(2,1,'HaoHao',2,'2025-05-05','2025-05-05 14:25:34'),(3,16,'如果',9,'2025-05-06','2025-05-06 09:42:57'),(4,1,'HaoHao',113,'2025-05-06','2025-05-06 14:36:49'),(5,1,'HaoHao',25,'2025-05-07','2025-05-07 03:37:26'),(6,17,'HaoY',1,'2025-05-07','2025-05-07 05:08:50'),(7,1,'HaoHao',22,'2025-05-08','2025-05-08 13:24:22'),(8,16,'如果',4,'2025-05-08','2025-05-08 13:14:01'),(9,1,'HaoHao',49,'2025-05-09','2025-05-09 15:25:37'),(10,1,'HaoHao',5,'2025-05-10','2025-05-10 14:34:53'),(11,16,'如果',1,'2025-05-12','2025-05-12 12:54:48'),(12,16,'如果',52,'2025-05-18','2025-05-18 15:23:06'),(13,1,'HaoHao',9,'2025-05-18','2025-05-18 15:39:08'),(14,16,'如果',44,'2025-05-20','2025-05-20 14:26:20');
/*!40000 ALTER TABLE `ai_record` ENABLE KEYS */;
UNLOCK TABLES;

--
-- Table structure for table `ai_user`
--

DROP TABLE IF EXISTS `ai_user`;
/*!40101 SET @saved_cs_client     = @@character_set_client */;
/*!50503 SET character_set_client = utf8mb4 */;
CREATE TABLE `ai_user` (
  `id` bigint NOT NULL AUTO_INCREMENT COMMENT 'id',
  `account` varchar(50) CHARACTER SET utf8 COLLATE utf8_bin NOT NULL COMMENT '账户',
  `user_id` bigint NOT NULL COMMENT '用户id',
  `ai_count` bigint DEFAULT '0' COMMENT 'ai使用次数',
  `status` tinyint DEFAULT '0' COMMENT '状态 0正常 1停用',
  `count` bigint DEFAULT '100' COMMENT '总次数',
  `recently_used_time` timestamp NULL DEFAULT NULL COMMENT '最近使用时间',
  `create_time` timestamp NULL DEFAULT CURRENT_TIMESTAMP COMMENT '创建时间',
  `update_time` timestamp NULL DEFAULT CURRENT_TIMESTAMP COMMENT '更新时间',
  `is_deleted` tinyint DEFAULT '0',
  `role_name` varchar(30) CHARACTER SET utf8 COLLATE utf8_bin DEFAULT NULL COMMENT '角色名称',
  PRIMARY KEY (`id`),
  UNIQUE KEY `account` (`account`)
) ENGINE=InnoDB AUTO_INCREMENT=5 DEFAULT CHARSET=utf8mb3 COLLATE=utf8_bin COMMENT='ai使用用户表';
/*!40101 SET character_set_client = @saved_cs_client */;

--
-- Dumping data for table `ai_user`
--

LOCK TABLES `ai_user` WRITE;
/*!40000 ALTER TABLE `ai_user` DISABLE KEYS */;
INSERT INTO `ai_user` VALUES (2,'admin',1,440,0,100,'2025-05-18 15:39:12','2025-04-24 13:56:53','2025-05-18 15:39:12',0,'管理员'),(3,'HaoMember',16,231,0,100,'2025-05-20 14:26:23','2025-04-26 03:44:22','2025-05-20 14:26:23',0,'会员'),(4,'HaoHy',17,1,0,100,'2025-05-07 05:08:50','2025-05-07 05:08:50','2025-05-07 05:08:50',0,'用户');
/*!40000 ALTER TABLE `ai_user` ENABLE KEYS */;
UNLOCK TABLES;

--
-- Table structure for table `sys_feedback`
--

DROP TABLE IF EXISTS `sys_feedback`;
/*!40101 SET @saved_cs_client     = @@character_set_client */;
/*!50503 SET character_set_client = utf8mb4 */;
CREATE TABLE `sys_feedback` (
  `id` bigint NOT NULL AUTO_INCREMENT COMMENT 'id',
  `account` varchar(50) COLLATE utf8_bin DEFAULT NULL COMMENT '反馈账户',
  `user_id` bigint DEFAULT NULL COMMENT '反馈用户id',
  `feedback_content` varchar(200) COLLATE utf8_bin DEFAULT NULL COMMENT '反馈内容',
  `reply_content` varchar(200) COLLATE utf8_bin DEFAULT NULL COMMENT '回复内容',
  `status` tinyint DEFAULT '0' COMMENT '0未回复 1已回复',
  `create_time` timestamp NULL DEFAULT CURRENT_TIMESTAMP COMMENT '创建时间',
  `update_time` timestamp NULL DEFAULT CURRENT_TIMESTAMP COMMENT '更新时间',
  `is_deleted` tinyint DEFAULT '0' COMMENT '逻辑删除 1删除',
  `reply_id` bigint DEFAULT NULL COMMENT '回复人id',
  `reply_account` varchar(50) COLLATE utf8_bin DEFAULT NULL COMMENT '回复人名称',
  `reply_time` timestamp NULL DEFAULT NULL COMMENT '回复时间',
  PRIMARY KEY (`id`)
) ENGINE=InnoDB AUTO_INCREMENT=19 DEFAULT CHARSET=utf8mb3 COLLATE=utf8_bin COMMENT='用户反馈';
/*!40101 SET character_set_client = @saved_cs_client */;

--
-- Dumping data for table `sys_feedback`
--

LOCK TABLES `sys_feedback` WRITE;
/*!40000 ALTER TABLE `sys_feedback` DISABLE KEYS */;
INSERT INTO `sys_feedback` VALUES (17,'HaoMember',16,'题目54:答案不行啊','不好意思',1,'2025-05-08 13:11:43','2025-05-08 13:15:38',0,1,'admin','2025-05-08 13:15:38'),(18,'HaoMember',16,'系统界面不好看吧','会优惠',1,'2025-05-08 13:17:38','2025-05-08 13:18:03',0,1,'admin','2025-05-08 13:18:03');
/*!40000 ALTER TABLE `sys_feedback` ENABLE KEYS */;
UNLOCK TABLES;

--
-- Table structure for table `sys_menu`
--

DROP TABLE IF EXISTS `sys_menu`;
/*!40101 SET @saved_cs_client     = @@character_set_client */;
/*!50503 SET character_set_client = utf8mb4 */;
CREATE TABLE `sys_menu` (
  `id` bigint NOT NULL AUTO_INCREMENT COMMENT '角色id',
  `menu_name` varchar(50) CHARACTER SET utf8 COLLATE utf8_bin DEFAULT NULL COMMENT '菜单名称',
  `parent_id` bigint DEFAULT '0' COMMENT '菜单层级',
  `sorted` int DEFAULT '0' COMMENT '菜单排序',
  `route` varchar(30) CHARACTER SET utf8 COLLATE utf8_bin DEFAULT NULL COMMENT '菜单标识',
  `create_time` timestamp NULL DEFAULT CURRENT_TIMESTAMP COMMENT '创建时间',
  `update_time` timestamp NULL DEFAULT CURRENT_TIMESTAMP COMMENT '更新时间',
  `is_deleted` tinyint DEFAULT '0' COMMENT '逻辑删除 1删除',
  `icon` varchar(30) CHARACTER SET utf8 COLLATE utf8_bin DEFAULT NULL COMMENT '图标',
  PRIMARY KEY (`id`)
) ENGINE=InnoDB AUTO_INCREMENT=22 DEFAULT CHARSET=utf8mb3 COLLATE=utf8_bin COMMENT='菜单表';
/*!40101 SET character_set_client = @saved_cs_client */;

--
-- Dumping data for table `sys_menu`
--

LOCK TABLES `sys_menu` WRITE;
/*!40000 ALTER TABLE `sys_menu` DISABLE KEYS */;
INSERT INTO `sys_menu` VALUES (2,'系统管理',0,3,'/system','2025-04-06 12:37:04','2025-04-06 12:37:04',0,'SettingOutlined'),(3,'用户管理',2,1,'/system/user','2025-04-06 13:08:03','2025-04-06 13:08:03',0,'UserOutlined'),(4,'角色管理',2,2,'/system/role','2025-04-06 13:08:35','2025-04-06 13:08:35',0,'MenuOutlined'),(5,'菜单管理',2,3,'/system/menu','2025-04-06 13:08:49','2025-04-06 13:08:49',0,'SafetyCertificateOutlined'),(6,'测试擦地',2,1,'131',NULL,'2025-04-08 08:08:05',1,'AimOutlined'),(7,'测试1',0,31,'11',NULL,'2025-04-08 08:39:05',1,'AlertOutlined'),(8,'测试删除',0,123,'12',NULL,'2025-04-08 08:42:21',1,'AlibabaOutlined'),(9,'124',8,123,'123',NULL,'2025-04-08 08:44:42',1,'AudioMutedOutlined'),(10,'sdf',0,2,'123',NULL,'2025-04-08 08:46:21',1,'ArrowRightOutlined'),(11,'231',0,123,'123','2025-04-08 08:56:30','2025-04-08 08:56:29',1,'AlertOutlined'),(12,'题库管理',0,1,'/topic','2025-04-13 06:12:24','2025-04-13 07:34:36',0,'BookOutlined'),(13,'题目管理',12,1,'/topic/topic','2025-04-13 06:13:21','2025-04-13 07:35:06',0,'FileTextOutlined'),(14,'分类管理',12,2,'/topic/category','2025-04-13 06:13:42','2025-04-13 07:35:28',0,'AppstoreOutlined'),(15,'标签管理',12,3,'/topic/label','2025-04-13 06:14:07','2025-04-13 07:35:37',0,'TagOutlined'),(16,'专题管理',12,4,'/topic/subject','2025-04-13 06:14:54','2025-04-13 07:35:46',0,'ProfileOutlined'),(17,'模型管理',0,4,'/ai','2025-04-18 14:07:36','2025-04-18 14:19:36',0,'RobotOutlined'),(18,'AI管理',17,1,'/ai/manage','2025-04-18 14:12:08','2025-04-18 14:32:49',0,'ApiOutlined'),(19,'AI模型',17,2,'/ai/model','2025-04-18 14:13:17','2025-04-18 14:20:04',0,'ExperimentOutlined'),(20,'个人中心',0,5,'/profile','2025-05-02 14:40:48','2025-05-02 14:40:48',0,'UserOutlined'),(21,'反馈管理',2,4,'/system/feedback','2025-05-02 14:43:26','2025-05-02 14:43:25',0,'InfoCircleOutlined');
/*!40000 ALTER TABLE `sys_menu` ENABLE KEYS */;
UNLOCK TABLES;

--
-- Table structure for table `sys_notice`
--

DROP TABLE IF EXISTS `sys_notice`;
/*!40101 SET @saved_cs_client     = @@character_set_client */;
/*!50503 SET character_set_client = utf8mb4 */;
CREATE TABLE `sys_notice` (
  `id` bigint NOT NULL AUTO_INCREMENT COMMENT 'id',
  `account` varchar(50) COLLATE utf8_bin DEFAULT NULL COMMENT '创建人',
  `user_id` bigint DEFAULT NULL COMMENT '创建人用户id',
  `content` varchar(200) COLLATE utf8_bin DEFAULT NULL COMMENT '通知内容',
  `status` tinyint DEFAULT NULL COMMENT '0会员支付 1意见反馈 2回复内容 3题目反馈',
  `is_read` tinyint DEFAULT '0' COMMENT '0未读 1已读',
  `recipients_id` bigint DEFAULT NULL COMMENT '接收人',
  `create_time` timestamp NULL DEFAULT CURRENT_TIMESTAMP COMMENT '创建时间',
  `update_time` timestamp NULL DEFAULT CURRENT_TIMESTAMP COMMENT '更新时间',
  PRIMARY KEY (`id`)
) ENGINE=InnoDB AUTO_INCREMENT=5 DEFAULT CHARSET=utf8mb3 COLLATE=utf8_bin COMMENT='通知表';
/*!40101 SET character_set_client = @saved_cs_client */;

--
-- Dumping data for table `sys_notice`
--

LOCK TABLES `sys_notice` WRITE;
/*!40000 ALTER TABLE `sys_notice` DISABLE KEYS */;
INSERT INTO `sys_notice` VALUES (1,'HaoMember',16,'题目54:答案不行啊',3,1,NULL,'2025-05-08 13:11:43','2025-05-08 13:15:20'),(2,'admin',1,'不好意思',2,1,16,'2025-05-08 13:15:38','2025-05-08 13:15:43'),(3,'HaoMember',16,'系统界面不好看吧',2,0,NULL,'2025-05-08 13:17:38','2025-05-08 13:17:37'),(4,'admin',1,'会优惠',2,1,16,'2025-05-08 13:18:03','2025-05-08 13:18:06');
/*!40000 ALTER TABLE `sys_notice` ENABLE KEYS */;
UNLOCK TABLES;

--
-- Table structure for table `sys_role`
--

DROP TABLE IF EXISTS `sys_role`;
/*!40101 SET @saved_cs_client     = @@character_set_client */;
/*!50503 SET character_set_client = utf8mb4 */;
CREATE TABLE `sys_role` (
  `id` bigint NOT NULL AUTO_INCREMENT COMMENT '角色id',
  `name` varchar(50) CHARACTER SET utf8 COLLATE utf8_bin DEFAULT NULL COMMENT '角色名称',
  `create_time` timestamp NULL DEFAULT CURRENT_TIMESTAMP COMMENT '创建时间',
  `update_time` timestamp NULL DEFAULT CURRENT_TIMESTAMP COMMENT '更新时间',
  `is_deleted` tinyint DEFAULT '0' COMMENT '逻辑删除 1删除',
  `identify` int DEFAULT NULL COMMENT '标识',
  `remark` varchar(100) CHARACTER SET utf8 COLLATE utf8_bin DEFAULT NULL COMMENT '备注\n',
  `role_key` varchar(30) CHARACTER SET utf8 COLLATE utf8_bin DEFAULT NULL COMMENT '权限key',
  PRIMARY KEY (`id`),
  UNIQUE KEY `name` (`name`),
  UNIQUE KEY `role_key` (`role_key`)
) ENGINE=InnoDB AUTO_INCREMENT=7 DEFAULT CHARSET=utf8mb3 COLLATE=utf8_bin COMMENT='角色表';
/*!40101 SET character_set_client = @saved_cs_client */;

--
-- Dumping data for table `sys_role`
--

LOCK TABLES `sys_role` WRITE;
/*!40000 ALTER TABLE `sys_role` DISABLE KEYS */;
INSERT INTO `sys_role` VALUES (1,'管理员','2025-04-01 03:16:13','2025-05-03 02:45:54',0,2,'具备系统的所有操作权限','admin'),(2,'用户','2025-04-01 03:16:33','2025-05-03 02:45:32',0,0,'拥有100次AI陪练，能够刷遍非会员题目','user'),(3,'会员','2025-04-01 03:16:51','2025-05-03 02:45:42',0,1,'可后台自定义题目，最大限度AI陪练，所有题目免费刷','member');
/*!40000 ALTER TABLE `sys_role` ENABLE KEYS */;
UNLOCK TABLES;

--
-- Table structure for table `sys_role_menu`
--

DROP TABLE IF EXISTS `sys_role_menu`;
/*!40101 SET @saved_cs_client     = @@character_set_client */;
/*!50503 SET character_set_client = utf8mb4 */;
CREATE TABLE `sys_role_menu` (
  `id` bigint NOT NULL AUTO_INCREMENT COMMENT '角色id',
  `role_id` bigint DEFAULT NULL COMMENT '角色id',
  `menu_id` bigint DEFAULT NULL COMMENT '菜单id',
  `create_time` timestamp NULL DEFAULT CURRENT_TIMESTAMP COMMENT '创建时间',
  `update_time` timestamp NULL DEFAULT CURRENT_TIMESTAMP COMMENT '更新时间',
  `is_deleted` tinyint DEFAULT '0' COMMENT '逻辑删除 1删除',
  PRIMARY KEY (`id`)
) ENGINE=InnoDB AUTO_INCREMENT=92 DEFAULT CHARSET=utf8mb3 COLLATE=utf8_bin COMMENT='菜单角色表';
/*!40101 SET character_set_client = @saved_cs_client */;

--
-- Dumping data for table `sys_role_menu`
--

LOCK TABLES `sys_role_menu` WRITE;
/*!40000 ALTER TABLE `sys_role_menu` DISABLE KEYS */;
INSERT INTO `sys_role_menu` VALUES (69,2,20,'2025-05-03 02:45:31','2025-05-03 02:45:31',0),(70,2,19,'2025-05-03 02:45:31','2025-05-03 02:45:31',0),(71,3,12,'2025-05-03 02:45:42','2025-05-03 02:45:42',0),(72,3,13,'2025-05-03 02:45:42','2025-05-03 02:45:42',0),(73,3,14,'2025-05-03 02:45:42','2025-05-03 02:45:42',0),(74,3,15,'2025-05-03 02:45:42','2025-05-03 02:45:42',0),(75,3,16,'2025-05-03 02:45:42','2025-05-03 02:45:42',0),(76,3,19,'2025-05-03 02:45:42','2025-05-03 02:45:42',0),(77,3,20,'2025-05-03 02:45:42','2025-05-03 02:45:42',0),(78,1,12,'2025-05-03 02:45:54','2025-05-03 02:45:54',0),(79,1,2,'2025-05-03 02:45:54','2025-05-03 02:45:54',0),(80,1,17,'2025-05-03 02:45:54','2025-05-03 02:45:54',0),(81,1,3,'2025-05-03 02:45:54','2025-05-03 02:45:54',0),(82,1,4,'2025-05-03 02:45:54','2025-05-03 02:45:54',0),(83,1,5,'2025-05-03 02:45:54','2025-05-03 02:45:54',0),(84,1,21,'2025-05-03 02:45:54','2025-05-03 02:45:54',0),(85,1,13,'2025-05-03 02:45:54','2025-05-03 02:45:54',0),(86,1,14,'2025-05-03 02:45:54','2025-05-03 02:45:54',0),(87,1,15,'2025-05-03 02:45:54','2025-05-03 02:45:54',0),(88,1,16,'2025-05-03 02:45:54','2025-05-03 02:45:54',0),(89,1,18,'2025-05-03 02:45:54','2025-05-03 02:45:54',0),(90,1,19,'2025-05-03 02:45:54','2025-05-03 02:45:54',0),(91,1,20,'2025-05-03 02:45:54','2025-05-03 02:45:54',0);
/*!40000 ALTER TABLE `sys_role_menu` ENABLE KEYS */;
UNLOCK TABLES;

--
-- Table structure for table `sys_user`
--

DROP TABLE IF EXISTS `sys_user`;
/*!40101 SET @saved_cs_client     = @@character_set_client */;
/*!50503 SET character_set_client = utf8mb4 */;
CREATE TABLE `sys_user` (
  `id` bigint NOT NULL AUTO_INCREMENT COMMENT '用户id',
  `account` varchar(50) CHARACTER SET utf8 COLLATE utf8_bin DEFAULT NULL COMMENT '账户',
  `password` varchar(150) CHARACTER SET utf8 COLLATE utf8_bin DEFAULT NULL COMMENT '密码',
  `avatar` varchar(400) CHARACTER SET utf8 COLLATE utf8_bin DEFAULT NULL COMMENT '头像',
  `is_deleted` tinyint DEFAULT '0' COMMENT '逻辑删除 1删除',
  `email` varchar(50) CHARACTER SET utf8 COLLATE utf8_bin DEFAULT NULL COMMENT '邮箱',
  `member_time` timestamp NULL DEFAULT NULL COMMENT '会员注册时间',
  `status` tinyint DEFAULT '0' COMMENT '会员状态 0正常 1停用',
  `create_time` timestamp NULL DEFAULT CURRENT_TIMESTAMP COMMENT '创建时间',
  `update_time` timestamp NULL DEFAULT CURRENT_TIMESTAMP COMMENT '更新时间',
  `nickname` varchar(30) CHARACTER SET utf8 COLLATE utf8_bin DEFAULT NULL COMMENT '昵称',
  PRIMARY KEY (`id`),
  UNIQUE KEY `account` (`account`),
  UNIQUE KEY `nickname` (`nickname`)
) ENGINE=InnoDB AUTO_INCREMENT=18 DEFAULT CHARSET=utf8mb3 COLLATE=utf8_bin COMMENT='用户信息';
/*!40101 SET character_set_client = @saved_cs_client */;

--
-- Dumping data for table `sys_user`
--

LOCK TABLES `sys_user` WRITE;
/*!40000 ALTER TABLE `sys_user` DISABLE KEYS */;
INSERT INTO `sys_user` VALUES (1,'admin','$2a$10$Ni32jdkBfwkc6a.WMgEiaOKVfuduf1ZAfPa6NmqG8JO7hSYnQAtPq','http://localhost:9000/topic/avatar/20250508/d46bc050b4d04257ac5b1aa843efd1fb',0,'3655161743@qq.com','2025-04-01 03:14:29',0,'2025-04-01 03:14:29','2025-05-08 10:33:45','HaoHao'),(2,'hao','$2a$10$d1px1FsbEKZgZoqlP9CS9e6N05aUIRrcjugU8BcTkQLLSJbkKJMDW','http://localhost:9000/topic/H.png',0,'1','2025-04-01 06:00:18',0,'2025-04-01 06:00:18','2025-04-01 06:00:18',NULL),(3,'测试用户','$2a$10$A4sSq1c/IfT0eU5BMCl9pORD2rIyPytV085sbO/QG2X/FvmWEWLFW','http://127.0.0.1:9000/topic/avatar/20250505/0185bb4a8342468a9ff6f60a477379a8',0,'3655271237@qq.com',NULL,0,NULL,'2025-05-05 05:03:19','八百'),(4,'asdasd','$2a$10$iDDE1ycgA4mIbFKE/1.9QuSA5oAZwTk9SgoTLdyOZP5SLOURnwEcK','http://localhost:9000/topic/avatar/20250421/5bb9fde4c8684eae8b43884447b16ebf',0,'36552712371@qq.com','2025-04-12 11:01:33',0,'2025-04-12 09:31:20','2025-04-21 12:39:18',NULL),(5,'测试添加会员','$2a$10$FTHvUL5Pa0s1iF5ur/ra/uqakVyQPlD/y5v3LsAy6BTYTWhJjkwZ.','http://127.0.0.1:9000/topic/20250412/e91a5091defa40f5b61efdee7e3d4cf8',0,'','2025-04-12 09:34:10',1,'2025-04-12 09:34:11','2025-04-12 09:34:10',NULL),(6,'十多分','$2a$10$WeZWY4cgSzQBdAmAnxSs3uyMQkNLP0LsI7jKjQ90.ivu5VRvrgpu6','http://127.0.0.1:9000/topic/20250412/333eee380c0f43088bfbc3f839766456',1,'11',NULL,0,'2025-04-12 12:25:32','2025-04-12 12:25:31',NULL),(7,'132','$2a$10$Hd/g0mt7Ue4ZQoa7/Q7SLOyKGydD4QyinzIyCe0Ozs4wWQLhCUqXC','http://127.0.0.1:9000/topic/20250412/b305ee96a3b94c97991def1b30119bf6',1,'123',NULL,0,'2025-04-12 12:26:24','2025-04-12 12:26:23',NULL),(8,'123','$2a$10$Vg3f/PV4rzJdsZL9d5I4HOFMHVfvfJ66CHTDCQIs73OA4LuRCJVXO','',0,'',NULL,0,'2025-04-12 13:54:57','2025-04-12 13:54:57',NULL),(9,'123123','$2a$10$KAQf8Yq4M0Yvu7dnFOP0AeiTvdG/yu3igcAUiVfZpzBjCSLmX63Ka','',0,'',NULL,0,'2025-04-12 13:55:04','2025-04-12 13:55:04',NULL),(13,'李四','$2a$10$gCcz/YBewaJJzXpg2bFxSe/36XtoGG.ckvA2tE/BDjnRr9VvJb7sa','http://localhost:9000/topic/avatar/20250421/c7516913082a469ebc7121724c8e7b40',0,'123123123',NULL,0,'2025-04-13 05:07:25','2025-04-13 05:54:16',NULL),(14,'王五','$2a$10$2lSQOjNs/lKMylrrYAN9kOD5q8K0iQj8AOFNadnFwc.jceIXQP/C6',NULL,0,'1231231231',NULL,0,'2025-04-13 05:07:25','2025-04-13 05:54:16',NULL),(15,'dsf','$2a$10$P92AR6P88sXlbfG41zKjcO19vdJYj1LWSsejWCLW1CEEFridM6POG',NULL,0,'12312',NULL,0,'2025-04-13 15:26:16','2025-04-13 15:31:23',NULL),(16,'HaoMember','$2a$10$lwj2J8xDcCgLre3am5S28u64lgf0xyH.s5/cOGv/6WzAwOPQBhrpa','http://localhost:9000/topic/avatar/20250508/e1ab194537094b51ab372fe503729fdd',0,'365527121137@qq.com','2025-04-25 14:03:05',0,'2025-04-25 14:03:06','2025-05-08 13:16:04','如果'),(17,'HaoHy','$2a$10$EPGVKuW/bK0SgSgwCcmI7.2d812bMl7pTGMqPRKv6gvgKWbc14.ny','http://localhost:9000/topic/avatar/20250508/e80c0eedbae74e1c91202d4a60111858',0,'3817445733@qq.com','2025-05-02 14:03:41',0,'2025-05-02 14:03:41','2025-05-08 13:01:36','HaoY');
/*!40000 ALTER TABLE `sys_user` ENABLE KEYS */;
UNLOCK TABLES;

--
-- Table structure for table `sys_user_role`
--

DROP TABLE IF EXISTS `sys_user_role`;
/*!40101 SET @saved_cs_client     = @@character_set_client */;
/*!50503 SET character_set_client = utf8mb4 */;
CREATE TABLE `sys_user_role` (
  `id` bigint NOT NULL AUTO_INCREMENT COMMENT 'id',
  `user_id` bigint DEFAULT NULL COMMENT '用户id',
  `role_id` bigint DEFAULT NULL COMMENT '角色id',
  `create_time` timestamp NULL DEFAULT CURRENT_TIMESTAMP COMMENT '创建时间',
  `update_time` timestamp NULL DEFAULT CURRENT_TIMESTAMP COMMENT '更新时间',
  `is_deleted` tinyint DEFAULT '0' COMMENT '逻辑删除 1删除',
  PRIMARY KEY (`id`)
) ENGINE=InnoDB AUTO_INCREMENT=51 DEFAULT CHARSET=utf8mb3 COLLATE=utf8_bin COMMENT='用户角色关系表';
/*!40101 SET character_set_client = @saved_cs_client */;

--
-- Dumping data for table `sys_user_role`
--

LOCK TABLES `sys_user_role` WRITE;
/*!40000 ALTER TABLE `sys_user_role` DISABLE KEYS */;
INSERT INTO `sys_user_role` VALUES (1,1,1,'2025-04-01 03:50:44','2025-04-01 03:50:44',1),(2,2,2,'2025-04-01 06:00:33','2025-04-01 06:00:33',0),(3,3,2,'2025-05-05 04:56:35','2025-04-12 09:25:40',0),(4,4,1,'2025-04-12 09:31:20','2025-04-12 09:31:20',1),(5,5,3,'2025-04-12 09:34:11','2025-04-12 09:34:10',0),(9,4,1,'2025-04-12 10:59:22','2025-04-12 10:59:21',1),(10,4,2,'2025-04-12 11:01:28','2025-04-12 11:01:27',1),(11,4,3,'2025-04-12 11:01:34','2025-04-12 11:01:33',1),(12,4,1,'2025-04-12 11:01:42','2025-04-12 11:01:41',1),(13,4,1,'2025-04-12 11:01:46','2025-04-12 11:01:46',1),(14,4,1,'2025-04-12 11:02:11','2025-04-12 11:02:11',1),(15,4,1,'2025-04-12 11:02:17','2025-04-12 11:02:16',1),(16,4,1,'2025-04-12 11:02:25','2025-04-12 11:02:24',1),(17,4,1,'2025-04-12 11:10:57','2025-04-12 11:10:57',1),(18,6,1,'2025-04-12 12:25:32','2025-04-12 12:25:31',1),(19,7,1,'2025-04-12 12:26:24','2025-04-12 12:26:23',1),(20,4,1,'2025-04-12 12:35:18','2025-04-12 12:35:18',1),(21,4,1,'2025-04-12 12:35:29','2025-04-12 12:35:29',1),(22,4,1,'2025-04-12 12:38:16','2025-04-12 12:38:15',1),(23,1,1,'2025-04-12 12:38:22','2025-04-12 12:38:21',1),(24,4,1,'2025-04-12 12:50:19','2025-04-12 12:50:19',1),(25,1,1,'2025-04-12 12:50:25','2025-04-12 12:50:25',1),(26,1,1,'2025-04-12 12:50:44','2025-04-12 12:50:44',1),(27,1,1,'2025-04-12 12:50:58','2025-04-12 12:50:58',1),(28,1,1,'2025-04-12 12:51:19','2025-04-12 12:51:18',1),(29,1,1,'2025-04-12 12:51:45','2025-04-12 12:51:45',1),(30,8,2,'2025-04-12 13:54:57','2025-04-12 13:54:57',0),(31,9,2,'2025-04-12 13:55:04','2025-04-12 13:55:04',0),(32,13,2,'2025-04-13 05:07:25','2025-04-13 05:07:24',1),(33,14,2,'2025-04-13 05:07:25','2025-04-13 05:07:24',1),(34,13,2,'2025-04-13 05:16:49','2025-04-13 05:16:49',1),(35,14,2,'2025-04-13 05:16:49','2025-04-13 05:16:49',1),(36,13,2,'2025-04-13 05:17:27','2025-04-13 05:17:26',1),(37,14,2,'2025-04-13 05:17:27','2025-04-13 05:17:26',1),(38,13,2,'2025-04-13 05:54:16','2025-04-13 05:54:16',0),(39,14,2,'2025-04-13 05:54:16','2025-04-13 05:54:16',0),(42,15,2,'2025-04-13 15:26:16','2025-04-13 15:26:16',1),(43,15,2,'2025-04-13 15:27:36','2025-04-13 15:27:35',1),(44,15,2,'2025-04-13 15:31:23','2025-04-13 15:31:23',0),(45,4,1,'2025-04-21 12:30:51','2025-04-21 12:30:51',1),(46,4,1,'2025-04-21 12:39:18','2025-04-21 12:39:17',0),(47,1,1,'2025-04-21 12:39:59','2025-04-21 12:39:58',1),(48,1,1,'2025-04-24 10:41:23','2025-04-24 10:41:22',0),(49,16,3,'2025-04-25 14:03:06','2025-04-25 14:03:06',0),(50,17,2,'2025-05-02 14:03:41','2025-05-02 14:03:40',0);
/*!40000 ALTER TABLE `sys_user_role` ENABLE KEYS */;
UNLOCK TABLES;

--
-- Table structure for table `topic`
--

DROP TABLE IF EXISTS `topic`;
/*!40101 SET @saved_cs_client     = @@character_set_client */;
/*!50503 SET character_set_client = utf8mb4 */;
CREATE TABLE `topic` (
  `id` bigint NOT NULL AUTO_INCREMENT COMMENT '题目',
  `topic_name` varchar(50) CHARACTER SET utf8 COLLATE utf8_bin DEFAULT NULL COMMENT '题目名称',
  `answer` text CHARACTER SET utf8 COLLATE utf8_bin COMMENT '题目答案',
  `ai_answer` text CHARACTER SET utf8 COLLATE utf8_bin COMMENT 'ai答案',
  `sorted` bigint DEFAULT '0' COMMENT '排序',
  `is_everyday` tinyint DEFAULT '0' COMMENT '是否为每日推荐暂定9题 0不是 1是',
  `is_member` tinyint DEFAULT '0' COMMENT '是否会员专享 0 不需要 1需要',
  `view_count` bigint DEFAULT '0' COMMENT '浏览数量',
  `create_by` varchar(30) CHARACTER SET utf8 COLLATE utf8_bin DEFAULT NULL COMMENT '创建人',
  `status` tinyint DEFAULT '2' COMMENT '0正常 1停用 2待审核 3审核失败',
  `create_time` timestamp NULL DEFAULT CURRENT_TIMESTAMP COMMENT '创建时间',
  `update_time` timestamp NULL DEFAULT CURRENT_TIMESTAMP COMMENT '更新时间',
  `is_deleted` tinyint DEFAULT '0',
  `fail_msg` varchar(100) CHARACTER SET utf8 COLLATE utf8_bin DEFAULT NULL COMMENT '失败原因',
  PRIMARY KEY (`id`),
  UNIQUE KEY `topic_name` (`topic_name`)
) ENGINE=InnoDB AUTO_INCREMENT=184 DEFAULT CHARSET=utf8mb3 COLLATE=utf8_bin COMMENT='题目';
/*!40101 SET character_set_client = @saved_cs_client */;

--
-- Dumping data for table `topic`
--

LOCK TABLES `topic` WRITE;
/*!40000 ALTER TABLE `topic` DISABLE KEYS */;
INSERT INTO `topic` VALUES (61,'事务的四大特性acid','<p><span style=\"color: rgb(222, 120, 2);\">原子性</span>：要么全部成功 要么全部失败</p><p><span style=\"color: rgb(222, 120, 2);\">隔离性</span>：一个事务的操作不能被别的事务影响</p><p><span style=\"color: rgb(222, 120, 2);\">持久性</span>：事务成功数据持久化存储起来</p><p><span style=\"color: rgb(222, 120, 2);\">一致性</span>：数据在事务开始到结束前的过程中要保持一致</p>','好的，事务的四大特性ACID是指原子性、一致性、隔离性和持久性。原子性说的是事务里的操作要么全做完，要么全不做，不能只做一半；一致性是指事务执行前后，数据必须保持合理和正确，不能乱套；隔离性是多个事务同时跑的时候，彼此之间不会互相干扰；持久性就是一旦事务提交了，数据就会永久保存下来，哪怕系统突然崩了也没事。',0,0,0,0,'admin',0,'2025-05-09 12:07:47','2025-05-09 12:08:08',0,NULL),(62,'脏写 脏读 幻读 不可重复读','<p><span style=\"color: rgb(222, 120, 2);\">脏写</span>：操作同一个数据时一个事务的修改被另外一个事务所覆盖</p><p><span style=\"color: rgb(222, 120, 2);\">脏读</span>：一个事务读取到另外一个事务未提交的数据</p><p><span style=\"color: rgb(222, 120, 2);\">幻读</span>：在同一事务中执行多次相同的查询，在事务a还未结束时，事务b插入了一条记录，并提交了，这时事务a查询返回了第一次查询所没有的新数据行</p><p><span style=\"color: rgb(222, 120, 2);\">不可重复读</span>：同一个事务下由于其他事务的修改导致同一个数据读取两次的结果不一致</p>','脏写就像是两个人同时改同一个文档，一个人改了一半没保存，另一个人直接覆盖了，结果前面那个人的修改就白费了。  \n脏读是看到别人还没提交的数据，比如你看到朋友在记账，他写了笔错的支出还没删掉，你就以为他花了这笔钱。  \n幻读是你查了个数据范围，比如统计了一下某价格区间内的商品数量，但别人突然加了个新商品进来，你再查时发现多了个“幽灵”商品。  \n不可重复读是你看某个数据时，别人偷偷改了它，你再看时发现前后看到的结果不一样，像是数据在跟你玩捉迷藏。',0,0,0,0,'admin',0,'2025-05-09 12:08:00','2025-05-09 12:08:12',0,NULL),(63,'常见的索引结构','<p><span style=\"color: rgb(222, 120, 2);\">二叉树</span>：每个节点最多只有两个子节，点左节点值小于根节点 右节点大于根节点 左节点小于右节点</p><p><span style=\"color: rgb(222, 120, 2);\">红黑树</span>：节点非红即黑 根节点是黑的，红色的子节点为黑色 叶子节点都是黑的 任意节点到达子节点相同路径都是黑色的</p><p><span style=\"color: rgb(222, 120, 2);\">哈希表</span>：本质数组 key是经过hash计算出数组的索引下标 进行存放元素 遇到hash 碰撞的时候可以采用链表进行存储 获取元素的时候 key 进行hash 计算 定位到元素的位置 适合=或in等值查询 效率很高 不支持范围查询会占用太多空间</p><p><span style=\"color: rgb(222, 120, 2);\">B树</span>：所有索引元素不重复 节点是从左到右递增排列</p><p><span style=\"color: rgb(222, 120, 2);\">B＋树</span>：叶子节点之间使用指针连接区间访问效率高 叶子节点只存储数据非叶子节点存储他的索引</p>','常见的索引结构有B树、B+树、哈希表和倒排索引。B树和B+树适合范围查询，B+树更常用于数据库和文件系统；哈希表适合快速查找，但不支持范围查询；倒排索引主要用于全文搜索，比如搜索引擎里的关键词检索。',0,0,0,0,'admin',0,'2025-05-09 12:08:18','2025-05-09 12:08:54',0,NULL),(64,'Mysql的索引结构','<p>通常采用b十树非叶子节点只存储索引 这样可以放更多的索引 减少树的高度提升查询效率 节点排列是有序的 内部采用二分查找 对于为啥不采用别的结构 无疑就是因为树的高度太高会导致频繁的io操作 导致性能降低</p>','MySQL的索引结构主要有B+树、哈希索引和全文索引。最常用的是B+树索引，它是一种平衡多路查找树，数据存储在叶子节点上，而且叶子节点之间用指针连接，适合范围查询和排序操作。哈希索引则是基于哈希表实现的，查找速度非常快，但只支持等值查询，不支持范围查询和排序。全文索引专门用来处理文本内容的搜索，通过分词技术提升模糊匹配效率。不同存储引擎支持的索引类型可能不一样，比如InnoDB主要用B+树，而Memory引擎更适合哈希索引。',0,0,0,0,'admin',0,'2025-05-09 12:08:35','2025-05-09 12:08:58',0,NULL),(65,'Mysql 不用跳表而用B十树','<p>跳表主要是通过在有序链表上增加多个索级索引来实现快速查找的 数据分布不均匀 导致读取效率低 io访问频率不可控 主要因为节点之间的路径长度不可控</p>','MySQL 用 B+ 树是因为它更适合磁盘存储和范围查询。B+ 树的叶子节点有指针相连，范围查询效率高，而且数据都集中在叶子节点，查询更稳定。另外 B+ 树的层级少，磁盘 I/O 次数少，性能更好。而跳表虽然查询快，但它是为内存设计的，磁盘存储效率不如 B+ 树，所以 MySQL 选择了 B+ 树。',0,0,0,0,'admin',0,'2025-05-09 12:08:49','2025-05-09 12:08:58',0,NULL),(66,'聚蔟索引非聚蔟索引','<p><span style=\"color: rgb(222, 120, 2);\">聚蔟</span>：叶子节点存储索引和数据(innodb结构)</p><p><span style=\"color: rgb(222, 120, 2);\">非聚蔟</span>：叶子节点存储索引和磁盘地址，通过磁盘地址去查询到数据，需要回表操作所以查询效率比聚蔟慢 (MyISAM))</p>','聚簇索引和非聚簇索引的主要区别在于数据存储的方式。聚簇索引会把数据行和索引放在一起，索引的叶子节点就是数据本身，所以查询速度很快，但一个表只能有一个聚簇索引。非聚簇索引则是单独存储的，索引的叶子节点存的是指向数据行的地址，查询时需要回表，所以可能会慢一点，但可以创建多个非聚簇索引。简单来说，聚簇索引像是把书页按目录顺序排好，而非聚簇索引像是目录告诉你去哪找内容。',0,0,0,0,'admin',0,'2025-05-09 12:09:05','2025-05-09 12:09:17',0,NULL),(67,'InnoDb和MyISAM的区别','<p><span style=\"color: rgb(222, 120, 2);\">InnoDB</span>: 支持事务 支持事务的四种隔离级别 支持外建 不存储总行数 行锁力度小但是可能因为范围而锁表，适合增删改场景，崩溃后能修复 根据redolog 日志</p><p><span style=\"color: rgb(222, 120, 2);\">MyISAM</span>: 不支持事务 但是每次查询都是原子性的 不支持外建，支持表锁，每次操作都会锁表，适合大量查询</p>','InnoDB支持事务，MyISAM不支持；InnoDB有外键功能，MyISAM没有；InnoDB支持行级锁，MyISAM只支持表级锁；InnoDB对数据一致性要求高，适合频繁更新的场景，MyISAM查询速度快，适合读多写少的场景；InnoDB数据存储在表空间里，MyISAM数据和索引分开存储。',0,0,0,0,'admin',0,'2025-05-09 12:09:22','2025-05-09 12:09:43',0,NULL),(68,'为什么非主建索引的叶子节点存储的是主建I’d','<p>主要是为了数据一致性和维护成本考虑，如果二级索引树存储的完整数据，就需要维护两棵树的数据主建索引二级索引，所以二级索引的叶子节点存储的数据为主建id，可以通过回表的方式，减少维护成本</p>','因为非主键索引的叶子节点存主键ID，可以避免重复存储整行数据，节省空间。而且通过主键ID再去查数据，能保证数据的一致性和准确性，毕竟主键是唯一的，这样设计查询效率也更高。',0,0,0,0,'admin',0,'2025-05-09 12:09:36','2025-05-09 12:09:43',0,NULL),(69,'为什么建议InnoDB必须设置主建','<p>InnoDB会优先使用主建作为索引列，如果没有设置主建，就会从数据列中存在的唯一值作为主建，如果都没有，它自己会维护一个隐藏列作为索引列，这样是比较耗费性能</p>','因为InnoDB是按主键来组织数据存储的，如果没有主键，InnoDB会自动生成一个隐藏的主键，这样可能会导致性能问题。设置主键能让查询更快，数据存储更有序，更新和删除操作也更高效。主键还能避免数据重复，保证每条记录的唯一性，这对数据库的稳定性和维护都很重要。',0,0,0,0,'admin',0,'2025-05-09 12:09:53','2025-05-09 12:09:59',0,NULL),(70,'为什么推荐使用自增整型作为主建而不使用UUID','<p>整形占用的磁盘空间较少，方便读取，另外自增主建可以吻合索引的有序性，避免叶子节点频繁断裂来维护有序性</p>','自增整型作为主键的话，存储空间小，查询效率高，数据库索引性能也好。而且插入数据的时候是顺序的，对硬盘友好。UUID虽然唯一，但又长又随机，插入时容易导致索引碎片化，影响性能。如果数据量特别大，用UUID会明显拖慢速度。所以一般情况下，简单直接的自增整型更合适。',0,0,0,0,'admin',0,'2025-05-09 12:10:08','2025-05-09 12:10:31',0,NULL),(71,'Mysql 执行计划怎么看','<p>MySQL执行计划可以通过explain 来查询通常看type ，key_len，extra</p><p><span style=\"color: rgb(222, 120, 2);\">Type</span>: 显示关联类型，一般优化到range就可以了</p><p><span style=\"color: rgb(222, 120, 2);\">Key_len</span>: 会显示索引列占用的字节数，可以辅助判断走了哪些索引列</p><p><span style=\"color: rgb(222, 120, 2);\">extra</span>: 会显示解析查询的额外信息，比如临时表，文件排序等</p><p>对于索引优化当遇到type 为all 时说明我们需要添加索引或优化索引，对于整个优化过程要多次使用explain 去分析</p>','看 MySQL 执行计划主要是通过 `EXPLAIN` 命令，它会返回一些关键字段帮助你分析查询性能。比如 `id` 表示执行顺序，`select_type` 看查询类型是简单还是复杂，`table` 是操作的表，`type` 显示访问方式比如全表扫描还是索引查找，`possible_keys` 和 `key` 分别是可能用到的索引和实际用到的索引，`key_len` 表示索引长度，`ref` 是索引对比的条件，`rows` 预估扫描的行数，`Extra` 会告诉你额外信息比如是否用了临时表或者排序。根据这些信息，你可以判断查询是不是高效，有没有走索引，需不需要优化。',0,0,0,0,'admin',0,'2025-05-09 12:10:25','2025-05-09 12:10:37',0,NULL),(72,'索引什么时候会生效','<p>对于组合索引没有走最左前缀原则，会导致索引失效，进行模糊匹配%放在索引之前走不了索引会导致索引失效，查询条件为字符串时没有加单引号可能因为类型不同导致索引失效</p>','索引在查询数据时会生效，特别是当查询条件能用到索引列的时候。比如，你在WHERE、ORDER BY或者GROUP BY里用了索引字段，数据库就会利用索引来加快查询速度。不过，如果查询的数据量特别小，或者全表扫描比用索引还快，数据库可能会选择不走索引。另外，索引对模糊查询的前缀匹配也有效，但如果是以%开头的模糊查询，索引可能就失效了。总之，合理设计索引和查询条件才能让索引真正发挥作用。',0,0,0,0,'admin',0,'2025-05-09 12:10:41','2025-05-09 12:10:48',0,NULL),(73,'索引优化原则','<p>不要基于使用频率较低的列加索引，查询遵循在索引左优先，能用where 就不用having，索引列建议使用not null可以节省一个字节，频繁增删改的字段不要加索引数据量大维护成本高，查询子段的时候避免*查询子段</p>','好的，索引优化原则主要是为了让数据库查询更快更高效。首先，咱们得优先给那些经常用来过滤、排序或者分组的字段加索引，比如 WHERE 条件里的字段或者 ORDER BY 后面的字段。其次，尽量避免在索引字段上做函数操作或者类型转换，这样会让索引失效。还有就是，索引不是越多越好，多了反而会拖慢写入和更新的速度，所以要适度。另外，联合索引的时候要注意顺序，按照最左前缀原则来设计，这样才能让索引被充分利用。最后，定期检查和清理无用的索引，别让它们占着资源还帮不上忙。',0,0,0,0,'admin',0,'2025-05-09 12:10:58','2025-05-09 12:11:10',0,NULL),(74,'Mysql的三个日志','<p><span style=\"color: rgb(222, 120, 2);\">undolog</span>: &nbsp;数据的快照日志，用于数据回滚</p><p><span style=\"color: rgb(222, 120, 2);\">redolog</span>: Innodb 级别的，用于缓冲池数据恢复的</p><p><span style=\"color: rgb(222, 120, 2);\">binlong</span>: 用于记录mysql的操作日志，用于数据回档</p>','Mysql主要有三个重要的日志，分别是：  \n1. **错误日志（Error Log）**：记录了Mysql运行过程中的一些警告和错误信息，方便排查问题。  \n2. **慢查询日志（Slow Query Log）**：专门用来记录执行时间超过指定阈值的SQL语句，帮助优化查询性能。  \n3. **二进制日志（Binary Log）**：记录了所有对数据库的更改操作，比如增删改，主要用于数据恢复和主从复制。  \n\n这三个日志在日常维护和优化中都非常重要，能帮我们快速定位问题或者实现数据同步。',0,0,0,0,'admin',0,'2025-05-09 12:11:13','2025-05-09 12:11:22',0,NULL),(75,'什么是多版本并发控制','<p>一种用于实现并发事务处理的机制。通过事务的可见性只能看到自己的版本数据，而实现多个事务同时对数据库进行读写操作，而不会相互阻塞，从而提高了数据库的并发性能使得InnoDb事务的隔离级别一致性操作有了保证</p>','多版本并发控制，就是数据库用来处理并发的一种方式。简单来说，当有多个用户同时读写数据时，系统会给每个用户一个数据的“快照”，这样大家操作的都是自己的版本，不会互相影响。比如你在读数据的时候，别人修改了这条数据，你看到的还是修改前的内容，等你需要更新时，系统会检查数据是否冲突，再决定要不要提交。这种方式既能保证数据一致性，又能让读写操作更高效，不用频繁加锁。',0,0,1,0,'admin',0,'2025-05-09 12:11:36','2025-05-09 12:11:48',0,NULL),(76,'对于线上百万的数据如何添加索引','<p>不建议直接添加索引可能会导致锁表，可以导出原数据创建一张一样的结构的表然后添加索引，将原表数据导入到新表，删除旧表，更换为原表名字</p>','首先，得先分析数据的特点和查询需求，看看哪些字段经常被用来搜索或者过滤。然后，可以分步骤来操作：先在低峰期进行，避免影响线上服务；接着，选择合适的字段创建索引，比如高区分度的字段；创建索引时可以用后台方式执行，减少对性能的影响；同时，建立索引后要观察性能变化，确保查询效率提升且写入性能不会受到太大拖累；最后，定期维护索引，清理无用或重复的索引，保持数据库的高效运行。',0,0,0,0,'admin',0,'2025-05-09 12:11:56','2025-05-09 12:14:58',0,NULL),(77,'为什么要分库分表','<p>主要是为了解决数据量过大而导致性能问题，可以提升性能</p>','当数据量特别大或者访问压力特别高的时候，单个数据库可能扛不住。分库分表可以把数据分散到多个数据库或表里，这样每个库或表的数据量和访问压力就小了，系统性能会更好。另外，分库还能利用多台服务器的资源，提升存储和查询的效率。如果数据都在一个库里，备份、恢复或者扩展都会很麻烦，分库分表能解决这些问题。',0,0,0,0,'admin',0,'2025-05-09 12:15:07','2025-05-09 12:15:13',0,NULL),(78,'NoSql 和sql的区别','<p><span style=\"color: rgb(222, 120, 2);\">关系性数据库</span>: 存储结构化的数据，支持acid </p><p><span style=\"color: rgb(222, 120, 2);\">非关系性数据库</span>: JSON文档，最终一致性，无关性扩展性比较强</p>','NoSQL更灵活，适合处理大量非结构化数据，扩展性好，常见的有MongoDB、Redis这些。SQL则是关系型数据库，数据有明确的表结构，适合复杂查询和事务处理，比如MySQL、PostgreSQL。简单说，NoSQL适合大数据和高并发，SQL适合需要精准数据关系的场景。',0,0,0,0,'admin',0,'2025-05-09 12:15:21','2025-05-09 12:15:27',0,NULL),(79,'数据库三大范式','<p><span style=\"color: rgb(222, 120, 2);\">第一范式</span>: 要求数据库表中的每一列子段都是不可分割的，同一列中不能有多个值和重复属性</p><p><span style=\"color: rgb(222, 120, 2);\">第二范式</span>: 需要确保数据库的每一列属性都与主键相关，而不能直接依赖一部分相关，订单号是主键和商品</p><p><span style=\"color: rgb(222, 120, 2);\">第三范式</span>: 需要确保数据库的每一列属性不能与属性相关，必须依赖于主建，而不能间接相关，学生表中学号主键和主任和系名和系主任</p>','第一范式：数据表里的字段都是不可再分的最小单位，比如一个地址字段不能同时包含省市和详细地址，得分开存。\n\n第二范式：在满足第一范式的基础上，每个表必须有一个主键，其他字段都得完全依赖这个主键，不能有部分依赖。比如订单表里，商品信息应该单独放在商品表里，而不是直接堆在订单表中。\n\n第三范式：在满足第二范式的基础上，确保所有字段只依赖主键，不依赖其他非主键字段。比如用户表里不应该有用户的部门经理信息，而是通过部门表间接关联。',0,0,0,0,'admin',0,'2025-05-09 12:15:38','2025-05-09 12:45:47',0,NULL),(80,'Mysql怎么连表查询','<p>内连接inner join ，左连接left join ，右连接right join ，全连接full join union </p>','连表查询其实挺简单的，主要就是用 `JOIN` 关键字。比如你有两个表，一个是用户表，一个是订单表，你想知道每个用户买了啥，就可以把这两个表连起来。最常用的是 `INNER JOIN`，它只返回两个表中匹配到的数据。如果想保留左表或右表的所有数据，可以用 `LEFT JOIN` 或 `RIGHT JOIN`。还有个 `FULL JOIN`，不过 MySQL 不直接支持，得用其他方式绕一下。\n\n语法大概就是这样：  \n```sql\nSELECT 用户表.用户名, 订单表.订单号  \nFROM 用户表  \nINNER JOIN 订单表 ON 用户表.用户ID = 订单表.用户ID;\n```\n\n要是有多个条件，可以在 `ON` 后面加更多条件，或者用 `WHERE` 过滤结果。多练习几次就熟了！',0,0,0,0,'admin',0,'2025-05-09 12:15:52','2025-05-09 12:16:03',0,NULL),(81,'MySQl如何避免重复插入数据','<p>使用Unique关键字唯一约束但是mysql会报错，可以使用insert ignore关键字插入重复会忽略掉这个数据并且不会返回错误信息，ON DUPLICATE KEY UPDATE插入重复的会更新那条数据</p>','可以通过唯一索引来避免重复插入数据，比如给表的某个字段或多个字段添加唯一约束，这样当插入重复的数据时，MySQL会直接报错。另外也可以使用INSERT IGNORE语句，它会在遇到重复数据时自动跳过而不报错。如果想更灵活一些，可以用ON DUPLICATE KEY UPDATE，这样在遇到重复数据时可以更新已有记录而不是插入新数据。',0,0,1,0,'admin',0,'2025-05-09 12:32:20','2025-05-09 12:32:45',0,NULL),(82,'Char和varchar的区别','<p><span style=\"color: rgb(222, 120, 2);\">Char</span>: 固定长度的字符串，定义需要指定固定长度，存储空间固定，适合存储状态和固定长度的代码，对于短字符串效率极高</p><p><span style=\"color: rgb(222, 120, 2);\">Varchar</span>: 长度可变的字符串，定义时指定长度，实际存储时根据实际长度占用存储空间，适合存储长度可变的数据</p>','Char是固定长度的，比如你定义了char(10)，那不管存几个字符，它都会占10个字符的空间，没填满的部分会用空格补齐。而varchar是可变长度的，你存几个字符就占几个字符的空间，另外还会用1到2个字节来记录实际长度，所以更适合存储不确定长度的内容。不过因为char长度固定，处理起来速度会快点，适合存储像身份证号这种长度固定的值。',0,0,0,0,'admin',0,'2025-05-09 12:32:35','2025-05-09 12:32:42',0,NULL),(83,'Mysql的外键约束','<p>外键的作用就是维护两张表之间的关系，保证数据的一致性和完整性</p>','外键约束就像是给表之间建立一种“关系”，让数据保持一致性和完整性。比如说，你有两个表，一个是“订单表”，一个是“用户表”。订单表里有个字段是“用户ID”，这个“用户ID”其实是用户表里的主键。通过外键约束，可以让订单表里的“用户ID”只能是用户表里存在的值，不能随便乱填。\n\n如果想删掉用户表里的某个用户，但订单表里还有这个用户的订单，那数据库会阻止你删除，除非先处理掉相关联的订单。这其实是为了防止数据混乱。\n\n用的时候要小心点，因为它可能会影响性能，尤其是数据量大的时候。不过它确实是个好东西，能帮我们避免很多数据错误。',0,0,0,0,'admin',0,'2025-05-09 12:32:58','2025-05-09 12:33:07',0,NULL),(84,'Mysql中的基本函数','<p><span style=\"color: rgb(222, 120, 2);\">字符串</span>: concat字符串连接，length 返回字符串的长度，substring 字符串拼接，replace 字符串替换</p><p><span style=\"color: rgb(222, 120, 2);\">数值</span>: &nbsp;abs返回数字的绝对值，power 返回指定数字的幂次方</p><p><span style=\"color: rgb(222, 120, 2);\">日期时间</span>: now返回当前日期个时间</p><p><span style=\"color: rgb(222, 120, 2);\">聚合函数</span>: count指定列非null值的个数，sum计算总和，max最大，min最小，avg平均值</p>','Mysql里有很多常用的函数，比如字符串处理的有`CONCAT()`用来拼接字符串，`SUBSTRING()`用来截取一部分字符，`LOWER()`和`UPPER()`可以把文本转成小写或大写。日期时间相关的像`NOW()`能获取当前时间，`DATE_FORMAT()`可以按需要格式化日期显示。还有数学计算的，比如`ROUND()`用来四舍五入，`ABS()`取绝对值。聚合函数也很常用，比如`SUM()`求和、`AVG()`算平均值、`COUNT()`统计数量。这些基本函数在日常查询中特别实用，能让数据处理更灵活方便。',0,0,0,0,'admin',0,'2025-05-09 12:33:15','2025-05-09 12:42:47',0,NULL),(85,'索引字段是不是建的越多越好','<p>不是，索引越多浪费的空间也越多，而且在写入场景下B➕树的维护所付出的性能消耗也大</p>','不是的，索引字段建太多反而会拖慢数据库性能。每次增删改数据时，索引也需要更新，这会增加额外的开销。而且索引占用存储空间，建太多索引可能导致空间浪费。一般来说，只对查询频繁、筛选条件明确的字段建索引，比如主键、外键或者经常用来搜索的字段。不常用的字段或者数据量小的表就没必要建索引。所以，索引要根据实际需求合理设计，不是越多越好。',0,0,0,0,'admin',0,'2025-05-09 12:33:31','2025-05-09 12:42:41',0,NULL),(86,'索引的优缺点','<p>提高查询速度，需要占用物理空间，数量越多，占用空间越大，创建索引和维护索引要耗费时间，这种时间随着数据而增大，会降低增删改的效率，因为b加树需要维护索引有序性</p>','优点就是查询速度快，数据找起来特别高效，特别是大数据量的时候，效果更明显。缺点嘛，占用存储空间，而且插入、更新或者删除数据时，维护索引会增加额外的开销，可能拖慢这些操作的速度。',0,0,0,0,'admin',0,'2025-05-09 12:43:04','2025-05-09 12:43:54',0,NULL),(87,'怎样决定建立索引','<p>字段唯一性的值例如商品编码，经常用于条件查询和排序分组的字段</p>','首先看查询的频率，如果某个字段经常用来过滤数据，比如WHERE后面老出现，那这个字段就很适合建索引。然后看数据的唯一性，如果一个字段的值重复很少，比如主键或者身份证号这种，建索引效果会很好。接着考虑表的大小，小表没必要建索引，反而可能拖慢速度，但大表就很需要。还要注意更新频率，如果字段经常变动，比如频繁插入删除，那建索引可能会增加维护成本。最后就是多列查询的情况，可以考虑联合索引，但要按查询条件的顺序来设计。',0,0,0,0,'admin',0,'2025-05-09 12:43:16','2025-05-09 12:43:51',0,NULL),(88,'Mysql的InnoDB引擎通过什么技术来保证事务的四大特性','<p><span style=\"color: rgb(222, 120, 2);\">持久性</span>: 通过redolog 重做日志</p><p><span style=\"color: rgb(222, 120, 2);\">原子性</span>: 通过undolog 回滚日志</p><p><span style=\"color: rgb(222, 120, 2);\">隔离性</span>: 通过mvcc多版本并发控制</p><p><span style=\"color: rgb(222, 120, 2);\">一致性</span>: 通过持久➕原子➕隔离</p>','InnoDB引擎主要靠redo log和undo log来保证事务的持久性和原子性，用MVCC（多版本并发控制）来实现隔离性，再通过唯一索引或者主键约束之类的机制确保一致性。简单说就是，写数据前先记个备份，出问题能回滚，读数据时不同事务看到的是不同的版本，最后所有规则都得符合业务逻辑。',0,0,0,0,'admin',0,'2025-05-09 12:43:27','2025-05-09 12:43:45',0,NULL),(89,'Mysql如何保证并发性','<p>可以通过锁机制确保同时只有一个操作，事务隔离级别控制事务之间的隔离程度，mvcc 多版本并发控制通过在数据库中保存不同版本的数据来实现不同事务的隔离</p>','MySQL通过多种机制来保证并发性。首先，它使用多版本并发控制（MVCC），这允许在同一个时间点有不同的数据版本，读写操作互不阻塞。其次，MySQL支持不同的事务隔离级别，比如读未提交、读已提交、可重复读和串行化，开发者可以根据需求选择合适的级别来平衡性能和一致性。另外，InnoDB存储引擎利用行级锁，而不是表级锁，这样可以减少锁冲突，提高并发性能。同时，MySQL还通过死锁检测机制自动解决死锁问题，确保系统不会因为资源竞争而卡住。最后，缓冲池和日志机制也优化了并发处理能力，减少了磁盘I/O对性能的影响。',0,0,0,0,'admin',0,'2025-05-09 12:44:35','2025-05-09 12:44:43',0,NULL),(90,'事务的隔离级别','<p><span style=\"color: rgb(222, 120, 2);\">读未提交</span>: 指一个事务未提交时，他做的变更会被其他事务所看到</p><p><span style=\"color: rgb(222, 120, 2);\">读提交</span>: 指一个事务提交时，他做的变更才能看到</p><p><span style=\"color: rgb(222, 120, 2);\">可重读</span>: 指一个事务开始时到结束时看到的是一样的</p><p><span style=\"color: rgb(222, 120, 2);\">串形化</span>: 操作时会对记录上加上读写锁，多个事务操作同一个数据时后会等第一个事务先执行</p>','好的，事务的隔离级别主要分为四种。第一种是读未提交，就是说一个事务还没提交，别的事务就能看到它的改动，这可能会导致脏读的问题。第二种是读已提交，就是一个事务提交了之后，别的事务才能看到它的改动，这样能避免脏读，但可能会有不可重复读的情况。第三种是可重复读，就是在同一个事务里，多次读取同样的数据结果是一样的，这能解决不可重复读的问题，但有可能会出现幻读。最后一种是串行化，这是最高的隔离级别，所有的事务都按顺序执行，这样能避免前面提到的所有问题，不过性能会比较低。',0,0,0,0,'admin',0,'2025-05-09 12:44:48','2025-05-09 13:09:28',0,NULL),(91,'Mysql的bin log日志','<p>binlog 日志用于数据备份主从复制的，每次完成操作后才会生成一条binlog 日志，等事务提交时会将该事务的所有binlog日志写入binlog 文件中，是追加写，文件写满了，会创建一个新文件继续写</p>','嗯，MySQL的bin log日志其实就是一种记录数据库变化的日志文件。你可以把它理解成一个“备忘录”，它会把所有对数据库的修改操作，比如增删改数据，都给记下来。它的主要作用是用来做数据恢复、主从同步或者审计用的。比如说，如果哪天数据不小心被删了，我们就可以通过bin log来回放操作，把数据找回来。而且它是二进制格式的，效率很高，但人直接读不了，需要用专门的工具比如`mysqlbinlog`来查看内容。使用的时候记得在配置文件里开启它，设置好模式，比如是记录所有操作还是只记录影响数据的操作。',0,0,1,0,'admin',0,'2025-05-09 12:45:24','2025-05-09 13:09:33',0,NULL),(92,'给你张表发现查询速度比较慢，有哪些解决方案','<p>使用explain查询执行计划，找出慢查询的原因，是否存在索引未被利用的情况，然后根据查询条件选择合适的索引，查询的时候在优化，避免使用select * 因为可能不会覆盖索引，需要回表查询，可以优化数据库的表大表拆小表，最后可以使用缓存优化</p>','可以先看看表有没有加索引，尤其是经常用来查询的字段，加个索引能快不少。如果数据量特别大，可以考虑分表或者分区，把数据拆开存储。还有就是检查一下SQL语句，避免用`SELECT *`，只查需要的字段，减少不必要的计算。缓存也是个办法，比如用Redis把常用的结果存起来，下次直接读缓存。最后，服务器硬件也得注意，内存和CPU够不够，数据库连接池配置合不合理，这些都会影响速度。',0,0,0,0,'admin',0,'2025-05-09 12:45:38','2025-05-09 13:09:34',0,NULL),(93,'Mysql的主从复制','<p>主要依赖于binlog 二进制日志文件，它记录了mysql中所有的操作日志，复制的过程就是将binlog日志从主库传入从库，从库会创建一个单独的io线程，这个操作是异步的，也就是当前在同步的过程还能操作数据库，当从库完成了会返回完成给主库，最后从库会创建一个用于回放的binlog 的线程去读后面在操作的日志，达到数据的一致性</p>','Mysql的主从复制其实就是一个数据库同步的过程，简单来说就是一台服务器作为主库，另一台或多台服务器作为从库。主库负责处理写操作，比如插入、更新、删除数据，然后把这些操作记录到一个叫做binlog的文件里。从库会读取主库的binlog文件，把里面的内容复制过来，再在自己的数据库上执行一遍，这样两边的数据就保持一致了。\n\n这个过程有几个关键点：  \n1. 主库开启binlog功能，这是复制的基础。  \n2. 从库需要配置好主库的信息，比如主库的IP地址、用户名、密码，还有从哪个位置开始读取binlog。  \n3. 从库通过IO线程去主库拉取binlog，然后存储到自己的中继日志里，接着SQL线程再解析这些日志并执行对应的操作。  \n\n主从复制的好处挺多的，比如可以分担主库的压力，从库用来做查询或者备份，还能提高系统的可用性。不过也有需要注意的地方，比如主从延迟的问题，或者网络不稳定可能导致同步失败，所以实际用的时候得监控一下状态，确保一切正常。',0,0,0,0,'admin',0,'2025-05-09 12:46:01','2025-05-09 13:09:43',0,NULL),(94,'分库分表是什么','<p><span style=\"color: rgb(222, 120, 2);\">分库</span>: 将数据根据一定规则划分到多个独立的数据库中，每个数据库存储部分数据，为了解决并发性单机数据库抗不住的问题</p><p><span style=\"color: rgb(222, 120, 2);\">分表</span>: 将一个表拆分成多个表，每个表只存储部分数据，提高查询效率减轻压力，为了解决单表数据量过大，导致查询性能低</p>','分库分表就是把一个数据库或者一张表拆分成多个小的部分，用来解决数据量太大或者访问压力太高的问题。比如，原来所有数据都放在一个库里，现在可以按用户ID或者其他规则，把数据分散到不同的数据库或者表里。这样既能提高查询速度，又能减轻单个库的压力。简单说，就是把大任务拆成小任务，大家一起干活，效率更高。',0,0,0,0,'admin',0,'2025-05-09 12:46:54','2025-05-09 13:09:38',0,NULL),(95,'Spring 框架核心特性','<p><span style=\"color: rgb(222, 120, 2);\">ioc容器</span>: 通过控制反转使得对象的控制权完全的交给了spring，实现了对象的创建和对象之间的依赖关系管理，开发者则只需要定义好bean和依赖关系就可以通过依赖注入也就是不需要通过new关键字来创建对象而是通过ioc 的方式，可以大大的降低对象之间的耦合度</p><p><span style=\"color: rgb(222, 120, 2);\">aop面向切面</span>: 能够不影响原来业务代码同时能对业务代码进行切入对业务方法进行增强，分别进行独立开发，便于减少系统的重复代码降低模块间的耦合度，有利于扩展性和可维护性</p><p><span style=\"color: rgb(222, 120, 2);\">事务管理</span>: Spring 提供了一致的事务管理接口，支持声明式事务和编程式事务，开发者可以轻松的管理事务</p><p><span style=\"color: rgb(222, 120, 2);\">Mvc框架</span>: 是一种软件设计模式，采用了模型视图控制器三个部分，支持灵活的url到页面控制器的映射</p>','Spring框架的核心特性啊，我觉得主要是围绕几个关键点展开的。首先最核心的是IoC（控制反转），说白了就是把对象的创建和管理交给Spring容器去做，不需要我们手动new对象，这样代码之间的耦合度就降低了，也更容易维护。\n\n然后是AOP（面向切面编程），这个功能很适合处理像日志、权限这种横跨多个业务逻辑的功能，把这些通用操作从业务代码里抽离出来，统一管理，代码看着更整洁，也更方便扩展。\n\n还有就是Spring的一站式整合能力，不管是数据库访问（比如JDBC、ORM框架）、事务管理、消息队列、Web开发（MVC、WebFlux）还是微服务相关的模块（比如Spring Boot、Spring Cloud），它都能很好地整合起来，让整个系统结构清晰又灵活。\n\n总的来说，Spring通过这些核心特性，不仅提升了开发效率，还增强了项目的可维护性和扩展性。',0,0,1,0,'admin',0,'2025-05-10 13:50:39','2025-05-10 14:03:19',0,NULL),(96,'ioc 和aop 是通过什么机制实现的','<p><span style=\"color: rgb(222, 120, 2);\">ioc</span>: 利用反射机制动态的加载类，以及创建对象实例和调用对象的方法，通过构造函数注入，属性注入或方法注入，工厂模式来管理对象的创建和生命周期，容器作为工厂负责实例化bean管理着他们的生命周期</p><p><span style=\"color: rgb(222, 120, 2);\">aop</span>: 依赖于动态代理技术在运行时动态的生成代理对象就是可以在不修改原始类的情况下可以对方法调用进行拦截和增强的作用，代理方式有两种基于jdk的动态代理和CGLIB的动态代理，jdk代理的方式需要代理的类实现一个或多个接口，CGLIB代理的方式是没有实现接口会生成一个被代理的子类作为代理</p>','IOC 是通过工厂模式 + 反射机制实现的，简单来说就是 Spring 把对象的创建交给框架去管理，你想用啥对象，框架直接给你准备好，你不用自己 new。  \nAOP 是通过动态代理实现的，底层用的是 JDK 动态代理和 CGLIB 字节码增强技术，就是在不改变原有代码的情况下，给方法前后加一些公共逻辑，比如日志、事务这些。',0,0,0,0,'admin',0,'2025-05-10 13:51:20','2025-05-10 13:59:09',0,NULL),(97,'如果让你设计一个SpringIoc你会从哪些方面考虑？','<p>Bean的管理方面例如创建，初始化，销毁，生命周期之类的可以根据工厂模式来实现，有了bean就需要管理他的作用域使用map来存储不同作用域的bean实例，然后需要使用bean则需要依赖注入 可以使用反射机制来实现，如果bean创建和注入过程中出现异常可以使用try-catch机制来处理异常</p>','嗯，这个问题还挺有意思的。首先，我得先想想Spring IOC的核心功能是啥，然后从零开始一步步搭建。\n\n第一个要考虑的就是对象的创建和管理吧。IoC容器最核心的功能就是帮我们创建对象，管理生命周期。所以得想好怎么解析配置信息，比如XML或者注解，把类的信息读进来，然后通过反射去创建实例。\n\n然后就是依赖注入了。一个对象可能依赖其他对象，这时候就得自动把依赖的对象设置进去。这中间要处理循环依赖的问题，不然程序就崩了。我记得Spring是用三级缓存来解决这个问题的，这部分也得考虑进去。\n\n接下来就是作用域了。不同的Bean有不同的生命周期，比如单例、原型这些。单例的话整个应用共享一个实例，原型每次都会新建一个。这个逻辑得在容器里实现清楚。\n\n还有就是Bean的生命周期回调。比如初始化方法和销毁方法，容器要在合适的时机调用这些方法，比如InitializingBean接口或者@PostConstruct注解之类的。\n\n另外，扩展性也很重要。比如支持自定义的后置处理器，这样用户可以在Bean创建前后做一些自己的逻辑，像AOP、属性填充等功能就可以基于这个机制来实现。\n\n异常处理也不能忽视。如果某个Bean创建失败或者依赖找不到，容器应该给出清晰的错误信息，而不是抛个空指针让人摸不着头脑。\n\n最后还要考虑性能问题，比如Bean的缓存、懒加载策略、是否线程安全等等。毕竟容器是要在整个应用中频繁使用的，效率不能太差。\n\n总之，设计一个IOC容器需要围绕对象管理、依赖注入、生命周期控制、可扩展性这几个核心点展开，同时兼顾易用性和稳定性。',0,0,0,0,'admin',0,'2025-05-10 13:51:39','2025-05-10 14:34:22',0,NULL),(98,'动态代理和静态代理的区别','<p><span style=\"color: rgb(222, 120, 2);\">静态代理</span>: 在编译时期由开发者进行创建，并且确定了被代理的类是一个静态代理，静态代理通常只有一个类</p><p><span style=\"color: rgb(222, 120, 2);\">动态代理</span>: 在运行时运用反射机制动态的创建生成，代理一个接口下有多个实现类</p>','动态代理和静态代理最大的区别在于代理类生成的时机和方式。  \n\n静态代理是提前写好代理类，编译时就已经确定，结构清晰但不够灵活，每个目标对象都要对应一个代理类，代码冗余。  \n\n而动态代理是在运行时动态生成代理类，比如 JDK 动态代理通过反射机制在程序运行期间动态创建代理对象，这样就不需要手动编写代理类，灵活性强、扩展性好，适合处理多个目标对象的情况。  \n\n简单来说，静态代理是“事先写好”，动态代理是“用的时候再造”。',0,0,0,0,'admin',0,'2025-05-10 13:54:06','2025-05-10 14:03:22',0,NULL),(99,'Aop有哪些注解','<p>Aspect: 用于定义切面，标注在切面类上</p><p>Poincut: 切入点，方法上面，可以指定连接点 </p><p>before: 前置通知在方法执行之前</p><p>after: 后置通知在方法执行之后</p><p>around: 环绕通知在方法前后</p><p>afterReturnning: 在方法返回结果后执行</p><p>afterThrowing: 在方法抛出异常执行</p>','AOP常见的注解有这几个：  \n- `@Aspect`：用来标识这个类是一个切面类。  \n- `@Pointcut`：定义一个切入点，可以理解为要拦截哪些方法。  \n- `@Before`：前置通知，在目标方法执行前运行。  \n- `@After`：后置通知，不管有没有异常都会在目标方法执行后运行。  \n- `@AfterReturning`：返回通知，只有目标方法正常执行完才会触发。  \n- `@AfterThrowing`：异常通知，当目标方法抛出异常时触发。  \n- `@Around`：环绕通知，最强大的一个，可以在方法执行前后都处理逻辑，甚至控制方法是否执行。  \n\n这些基本上就是开发中常用的了。',0,0,0,0,'admin',0,'2025-05-10 13:55:01','2025-05-10 14:03:27',0,NULL),(100,'Spring 是如何解决循环依赖的','<p>循环依赖指的是两个类中的属性相互依赖对方，通过setter方法进行依赖注入且只在单例模式下产生的循环依赖问题，通过三级缓存实现，就是bean缓存起来，通过提前曝光这个bean，也就是还没初始化好</p><h4></h4>','Spring 解决循环依赖主要靠三级缓存和提前暴露未完全创建好的对象。举个例子，A依赖B，B又依赖A，这时候Spring在创建A的时候，会先创建A的实例，但还没填充属性、也没初始化，就先把A的一个“早期引用”放到一个叫“三级缓存”的地方。接着继续创建B，在B需要注入A的时候，就会从三级缓存中拿到A的早期引用注入进B。等B创建完成，再回过头来把A剩下的步骤做完。这样就避免了因为相互依赖导致的死循环问题。\n\n当然这个机制只适用于单例Bean，并且是通过setter方法注入的情况，如果是构造器注入的话，Spring还是会报错的，因为构造器注入的时候对象还没放进缓存，无法解决循环依赖。',0,0,0,0,'admin',0,'2025-05-10 13:55:41','2025-05-10 14:03:32',0,NULL),(101,'Spring常用的注解 ','<p>Autowired: 从ioc容器中注入到与该属性类型一致的bean</p><p>component: 标记为bean </p><p>configuration: 标记类为配置类，该配置类下可以定义bean</p><p>bean: 标记方法为工厂方法，会将返回值作为bean</p><p>service: 用于标记服务层bean</p><p>controller: 用于标记控制层bean</p><p>mapper: 用于标记数据层bean</p>','Spring常用的注解有很多，我来简单说几个常见的。\n\n首先，**@Component**，这个注解用来标记一个类为Spring的Bean，自动被Spring容器管理。还有它的衍生注解，比如**@Service**，通常用在业务层，**@Repository**，一般用在数据访问层，除了语义上的不同，它们本质上都和@Component一样，只是方便区分层级。\n\n然后是**@Autowired**，用来做依赖注入，可以写在字段、构造器、Setter方法上，Spring会自动帮你把对应的Bean注入进来。跟它类似的还有**@Resource**，不过@Resource是Java EE的标准，按名称注入，默认按名字找不到才会按类型找。\n\n接着是**@Controller**和**@RestController**，这两个用在Web层，**@Controller**返回的是视图名称，而**@RestController**等于@Controller + @ResponseBody，适合前后端分离时直接返回JSON数据。\n\n还有配置相关的注解，比如**@Configuration**表示这是一个配置类，相当于XML配置文件，配合**@Bean**可以手动注册Bean。\n\n再就是**@Value**，用来注入配置文件中的属性值，比如从application.properties里读取值。还有**@ConfigurationProperties**，可以把配置文件中的一段映射成一个对象。\n\n最后再说几个常用的请求映射注解：**@RequestMapping**可以设置请求路径和方法类型，更具体的有**@GetMapping**、**@PostMapping**这些，分别对应GET、POST等HTTP方法。\n\n总的来说，这些注解涵盖了组件扫描、依赖注入、Web请求处理、配置管理等常用功能，实际开发中非常常见。',0,0,0,0,'admin',0,'2025-05-10 13:56:15','2025-05-10 14:03:40',0,NULL),(102,'Spring事务什么时候会失效','<p>事务是通过springboot 的translation 注解来实现的，如果发生异常，异常未被捕获和处理，还有就是非事务方法调用事务方法的时候，事务方法不是pubilc因为translation注解是通过动态代理技术实现的，代理类只能调用pulic方法</p>','Spring事务失效的常见情况有以下几种：\n\n1. **方法不是public修饰的**  \n   Spring默认使用AOP代理，只有public方法才会被代理，如果是private、protected或者包可见的方法，事务不会生效。\n\n2. **方法内部调用同类中的其他方法**  \n   如果一个类里的方法A调用了同一个类里的方法B，而B上有@Transactional注解，事务也不会生效，因为调用没有经过代理对象。\n\n3. **类没有被Spring管理**  \n   如果这个类没有被Spring容器管理（比如没有加@Component或@Service等注解），自然事务也不会起作用。\n\n4. **事务传播行为设置不当**  \n   比如方法设置了`propagation = Propagation.NOT_SUPPORTED`，表示不支持事务，这时候事务也会失效。\n\n5. **异常被捕获但未抛出**  \n   默认情况下Spring事务只在遇到运行时异常（RuntimeException）或Error时回滚。如果在方法中try-catch了异常却没有重新抛出，事务就不会回滚。\n\n6. **手动关闭了事务**  \n   比如在配置文件里把事务管理器关掉了，或者自己写了DataSource但没配好事务。\n\n7. **使用的数据库引擎不支持事务**  \n   比如MySQL使用的是MyISAM引擎而不是InnoDB，那即使代码写对了，底层也不支持事务。\n\n总结来说，Spring事务失效主要集中在访问权限、调用方式、异常处理、配置是否正确这几个方面。',0,0,0,0,'admin',0,'2025-05-10 13:58:32','2025-05-10 14:03:48',0,NULL),(103,'SpringBean的生命周期','<p>实例化，属性赋值，初始化前，初始化阶段，销毁阶段这五个阶段</p>','好的，我来简单说一下Spring Bean的生命周期。\n\n首先，Spring容器启动之后，会开始创建Bean。创建之前，如果有配置了Bean的定义信息（比如通过XML或者注解），Spring就会根据这些信息来准备创建Bean。\n\n接下来是实例化Bean，就是调用构造方法把对象new出来。这时候对象已经有了，但里面的属性还没赋值。\n\n然后是属性填充，也就是依赖注入的过程，比如给加了@Autowired的字段赋值，或者是通过set方法注入属性。\n\n之后会检查这个Bean有没有实现一些特定的接口，比如BeanNameAware、BeanFactoryAware之类的，如果有的话，就调用对应的方法，让Bean知道自己是谁、属于哪个工厂。\n\n接下来如果有配置初始化方法，或者实现了InitializingBean接口，Spring就会调用init方法。这一步通常是做一些准备工作，比如加载资源、连接数据库等等。\n\n到这里，Bean基本上就准备好了，可以用了。\n\n当应用关闭的时候，如果Bean实现了DisposableBean接口或者有自定义的销毁方法，Spring也会调用销毁方法，做一些清理工作，比如释放资源、断开连接等。\n\n总的来说，整个过程就是：创建 -> 注入 -> 初始化 -> 使用 -> 销毁，中间还可能穿插一些扩展点，比如后置处理器，用来干预Bean的创建过程。',0,0,0,0,'admin',0,'2025-05-10 13:59:05','2025-05-10 14:44:40',0,NULL),(104,'SpringMvc的工作流程','<p>用户发送请求到前端控制器dispatchServlet ，收到请求调用处理器映射器handlermapping ，映射器根据请求的url找到具体的处理器，然后返回给 dispatch Servlet，找到适配器进行处理例如参数处理数据格式转换数据验证等操作，执行页面处理器完成后返回模型和视图，然后解析模型和视图，解析后返回正确的视图然后将数据填充到视图中</p>','用户发请求到前端控制器DispatcherServlet，然后这个请求会先经过HandlerMapping去找对应的处理器，找到之后通过适配器HandlerAdapter去调用处理器来处理，处理完得到ModelAndView对象，再由视图解析器ViewResolver解析视图，最后渲染数据返回给客户端。整个过程就是请求进来，找处理器干活，干完活把结果包装成视图返回出去。',0,0,0,0,'admin',0,'2025-05-10 14:01:05','2025-05-10 14:34:25',0,NULL),(105,'为什么使用SpringBoot ','<p>简化开发提供了一系列的开箱即用的组件和自动配置不需要繁琐的配置了，快速启动内嵌了tomcat 等应用启动程序无需额外的部署步骤方便快捷，自动化配置通过自动配置功能，约定大于配置，减少了配置的复杂性，可以引入不同的stater 快速的集成框架和库</p>','因为Spring Boot真的用起来太方便了，它把我们从繁琐的配置中解放出来了。以前用Spring的时候，光是搭个环境就要写一堆XML配置文件，现在Spring Boot直接给你自动装配，开箱即用。\n\n而且它内置了Tomcat、Jetty这些服务器，不用再额外部署，开发效率提升了不少。再加上起步依赖的设计，引入一个Starter就能搞定相关的一整套功能，省时又省心。\n\n最重要的是生态好，社区活跃，文档齐全，遇到问题基本都能找到解决办法，公司里也都在用，学起来也很值。',0,0,1,0,'admin',0,'2025-05-10 14:03:46','2025-05-10 14:34:31',0,NULL),(106,'SpringBoot自动装配的原理','<p>简单来说的话自动配置的核心是根据3个注解来实现的，enableautoconfiguration，configuration ， ConditiononClass ，首先他得是一个配置文件，其次根据类路径下是否有这个类去自动配置，具体是通过maven读取每个startar 中的spring.factories 文件，该文件配置了所有需要被创建的bean</p>','Spring Boot 自动装配的核心原理就是：**根据项目依赖的 Jar 包，自动配置相应的组件，减少手动配置的工作量。**\n\n它主要靠这几个点来实现：\n\n1. **@SpringBootApplication 注解**  \n   这个注解是组合注解，里面包含了 @EnableAutoConfiguration，告诉 Spring Boot 要开启自动装配。\n\n2. **spring.factories 文件**  \n   在 `META-INF/spring.factories` 里定义了很多自动配置类。比如你引入了 Redis 的 starter，这个文件里就可能包含 RedisAutoConfiguration。\n\n3. **条件注解（Conditional）**  \n   比如 @ConditionalOnClass、@ConditionalOnMissingBean 等等，Spring Boot 会根据这些条件判断是否要加载某个配置。比如只有在 classpath 中有某个类时才去配置。\n\n4. **自动配置类生效后，会往容器中注入一些 Bean**  \n   比如数据库连接池、模板引擎、Web MVC 的默认配置等等，都是通过这种方式加进去的。\n\n简单来说：**“只要你引入了对应的 starter，Spring Boot 就能猜出你想怎么用，并提前帮你配好。”**',0,0,1,0,'admin',0,'2025-05-10 14:04:26','2025-05-11 14:22:56',0,NULL),(107,'说几个SpringBoot的启动器','<p>web: 包含了mvc和tomcat服务器用于快速构建web程序</p><p>redis: 适用于redis 包含jedis 客户端</p><p>mybatis: 快速连接数据库</p><p>test: 包含junit springtest 等便于进行测试</p><p>aop：aop面向切面</p>','常见的Spring Boot启动器有：\n\n- spring-boot-starter-web：用来构建Web应用，包含Tomcat和Spring MVC。\n- spring-boot-starter-data-jpa：用于数据库操作，集成了Hibernate和JPA。\n- spring-boot-starter-thymeleAF：整合Thymeleaf模板引擎。\n- spring-boot-starter-security：集成Spring Security，用来做权限控制。\n- spring-boot-starter-test：测试用的，包含JUnit、Mockito等测试工具。\n- spring-boot-starter-aop：支持面向切面编程。\n- spring-boot-starter-actuator：提供监控功能，比如查看健康状态、日志等信息。\n\n这些启动器可以简化配置，把常用的依赖打包在一起，方便快速开发。',0,0,1,0,'admin',0,'2025-05-10 14:05:41','2025-05-10 14:34:35',0,NULL),(108,'怎么自己写一个启动器','<p>创建一个新项目引入一个parent 依赖，添加自动配置创建mateinfo 下spring factories添加要扫描的bean的类路径，然后自动配置元数据，创建配置属性类，创建服务和控制器，就可以发布使用了</p>','哎呀，这个问题挺有意思的，我来给你讲讲我的理解哈。\n\n其实启动器本质上就是一段最开始运行的代码，它负责加载和启动我们的应用程序。比如说在Java里面，JVM启动的时候会去找main方法，这个main方法就可以看作是一个启动器。\n\n那自己写一个启动器的话，我觉得关键点在于搞清楚你要启动的是什么东西。比如你想启动一个Java应用，那你需要做的是：\n\n1. 先找到你的类文件在哪\n2. 然后通过类加载器把主类加载进来\n3. 最后调用main方法\n\n你可以写一个简单的Java类，里面有main方法，里面去new一个对象，然后调用它的start方法之类的。或者更简单点，直接打印个\"Hello, I\'m a launcher!\"这种。\n\n如果你想做一个命令行的启动器，可以用shell脚本或者批处理文件。比如在Linux下写个.sh文件，里面写上执行Java命令的语句，然后给这个文件加上可执行权限，这样双击就能运行了。\n\n要是想搞得复杂点，还可以加参数解析、日志记录这些功能。但核心思想都是：找到程序入口，运行起来。\n\n我记得以前做过一个简单的启动器，就是在jar包外面套了个exe包装，用户双击就弹出个窗口选择要启动的模块，背后其实就是执行不同的main方法。这玩意儿说白了就是个外壳，关键是理解程序是怎么一步步跑起来的。',0,0,1,0,'admin',0,'2025-05-10 14:06:12','2025-05-11 14:23:06',0,NULL),(109,'SpringBoot常用注解','<p>SpringbootApplication标识为springboot 应用程序入口点，结合了configuration ，component Scan指定扫描组件位置EnableConfigruation</p><p>controller 标识控制层</p><p>restContoller 结合requestbody和controller ，标识为控制层，返回json数据</p><p>service 标识服务层</p><p>mapper标识数据层</p><p>configuration 标识为配置类</p><p>value用于注入配置属性</p><p>requestmapping 用于映射http请求</p><p>autowired 根据名称 名称一样根据类型自动装配bean</p><p>pathvariable 获取url路径参数的值</p><p>ExceptionHandelr声明异常处理方法</p>','SpringBoot常用注解有很多，我挑几个平时开发中用得最多的说说。首先是@Configuration，用来标记配置类，相当于以前的XML配置文件。然后是@Component、@Service、@Repository，这三个都是用来做组件扫描的，分别对应不同层次，比如@Service一般用在业务层，@Repository用在数据访问层，它们都能被Spring自动管理。\n\n还有就是@Autowired，这个很常见，用来自动装配Bean，可以写在字段、构造器、Setter方法上。@RestController是@Controller和@ResponseBody的结合体，适合写前后端分离的接口。@RequestMapping、@GetMapping、@PostMapping这些是用来处理HTTP请求的，定义接口路径和请求方式。\n\n再说几个配置相关的，比如@SpringBootApplication，它是SpringBoot项目的启动注解，包含@Configuration、@EnableAutoConfiguration和@ComponentScan。@Value用来注入配置文件中的值，@Bean通常写在配置类里面，用于手动注册一个Bean。\n\n还有一些测试相关的像@RunWith和@SpringBootTest，用来做集成测试。总之这些注解大大简化了我们的开发流程，减少了冗余代码，让配置更简洁清晰。',0,0,1,0,'admin',0,'2025-05-10 14:07:09','2025-05-11 14:23:14',0,NULL),(110,'Mybatis 与MybatisPlus的优势','<ul><li>mybatis 写sql语句工作量大，依赖于数据库不能随意更改数据库，优点不需要处理创建连接以及加载驱动，只需要编写sql</li><li>crud操作简单，提高代码生成器，内部封装了常用方法排序，分页提高效率，内置了分页插件，提供了实体与数据库之间的映射关系的注解</li></ul>','MyBatis 和 MyBatis-Plus 都是 Java 中操作数据库的框架，它们各有优势。\n\nMyBatis 的优势在于灵活、轻量，它把 SQL 和代码分离，让开发者可以完全掌控 SQL 语句，适合对 SQL 有较高要求的项目。而且它的学习成本相对较低，和 Spring 等主流框架整合也很方便。\n\n而 MyBatis-Plus 是在 MyBatis 基础上做的一层封装，最大的优势就是简化开发、提升效率。它提供了很多开箱即用的功能，比如自动分页、逻辑删除、条件构造器（QueryWrapper）、自动生成 SQL 等等。特别是对于一些单表操作的场景，几乎不用自己写 SQL，直接调用内置方法就行，节省了很多重复代码。\n\n总结来说，如果项目对 SQL 控制要求高、需要高度定制化，可以选择 MyBatis；如果是快速开发、追求效率，MyBatis-Plus 更合适。两者其实也可以结合使用，灵活应对各种业务场景。',0,0,0,0,'admin',0,'2025-05-10 14:09:18','2025-05-10 14:34:41',0,NULL),(111,'#{},${}的区别','<ul><li>#{}是占位符，预编译处理，传入参数会替换为问号，防止sql注入提高系统安全性</li><li>${}是拼接符，没有预编译处理，</li></ul>','#{} 是预编译处理，会把参数替换成 ?，防止 SQL 注入，安全性高；${} 是字符串拼接，直接替换变量值，容易被注入攻击。一般能用 #{} 就不用 ${}，除非像排序、表名这种动态字段才考虑用 ${}。',0,0,0,0,'admin',0,'2025-05-10 14:10:21','2025-05-11 14:25:54',0,NULL),(112,'resultmap和resulttype 区别','<p>两者都是返回对象信息</p><p><span style=\"color: rgb(222, 120, 2);\">resultType</span>: 基本映射，只有当数据库列名和实体类中的属性名称一致才映射成功</p><p><span style=\"color: rgb(222, 120, 2);\">resultmap</span>: 高级映射，当数据库列名和实体类中的属性名称不一致时，可以自定义个resultmap映射关系一般用于多表交差</p>','简单说下我的理解啊，这两个都是MyBatis里面用来处理查询结果的，但用的地方不太一样。\n\n**ResultType** 就是简单直接，适合单表查询，返回的数据结构和Java对象能一对一映射的时候用。比如说查一个用户表，返回User对象，这时候直接写resultType=\"User\"就行。它要求数据库字段名和类属性名一致，或者你可以在SQL里起别名对上。\n\n**ResultMap** 更强大也更灵活，适合复杂点的情况，比如：\n- 字段名和类属性名不一致，不想在SQL里改别名了\n- 有嵌套查询（比如连查两张表，把另一个表的结果映射成对象）\n- 一张表关联多个对象，需要分开处理\n\n你可以自己定义一个resultMap标签，详细说明每个字段怎么对应到对象属性，甚至可以做延迟加载、关联其他resultMap等等。\n\n所以总结下：  \n如果只是简单的单表查，优先用 **resultType**；  \n如果逻辑复杂一点，或者想统一管理映射关系，就用 **resultMap**。',0,0,1,0,'admin',0,'2025-05-10 14:11:12','2025-05-11 14:23:31',0,NULL),(113,'动态sql是什么？','<p>可以让我们在xml映射文件中以标签的形式编写动态sql完成逻辑判断和动态拼接sql的功能for each if where等</p>','动态 SQL 是 MyBatis 的一个强大功能，它允许我们在 XML 文件中编写带有逻辑判断的 SQL 语句，比如 if、choose、when、otherwise、trim、where、set、foreach 等标签。这样就可以根据不同的条件拼接出不同的 SQL 语句，特别适合多条件查询或者批量操作这种不确定参数数量的情况。\n\n比如我们经常遇到一种情况是：用户可能输入了部分搜索条件，有些条件可能是空的，这时候就可以用动态 SQL 来自动过滤掉为空的条件，避免拼出错误的 SQL。\n\n举个例子，假设我们要根据姓名和年龄筛选用户，但这两个参数可能为空，用 `<if>` 标签就能灵活处理这种情况。还有像批量插入或更新时，可以用 `<foreach>` 遍历集合生成对应的 SQL 片段。\n\n总的来说，动态 SQL 的作用就是让我们的 SQL 更加灵活、可复用，减少在 Java 代码里拼接 SQL 的麻烦和出错概率。',0,0,1,0,'admin',0,'2025-05-10 14:11:47','2025-05-11 14:25:51',0,NULL),(114,'SpringCloud 有啥优势','<p>boot 用于构建单个spring应用程序的框架，cloud 用于构建分布式系统，提供了服务注册发现，网关，远程调用，负载均等组件功提高灵活性扩展性</p>','Spring Cloud 的优势主要体现在几个方面。首先它是专门为微服务架构设计的，提供了一整套开箱即用的组件，比如服务发现、配置中心、熔断器、网关这些功能，让开发者不用自己从头造轮子。\n\n其次它和 Spring Boot 无缝集成，开发起来非常顺手，基本不需要额外学太多东西就能上手用起来。\n\n再一个就是生态丰富，像 Netflix、Alibaba 这些大公司都贡献了很多成熟的组件，比如 Eureka、Zuul、Nacos 等等，企业级应用中用得非常多，稳定性也有保障。\n\n还有一个好处是灵活性强，可以根据项目需要选择不同的组件组合使用，小到单体应用拆微服务，大到复杂的分布式系统都能支持。\n\n总的来说，就是帮你把微服务中常见的问题都给解决掉，让你更专注在业务逻辑上，开发效率高还不容易踩坑。',0,0,1,0,'admin',0,'2025-05-10 14:13:21','2025-05-11 14:25:43',0,NULL),(115,'服务雪崩是啥','<p>一个服务失败，导致整条链的服务都失败的情形也就是当用户访问a服务，a服务远程调用b服务，b服务又要远程调用c服务，如果b调用c服务的时候不能及时响应，a服务将处于阻塞状态，此时若有大量请求进入该服务的资源被消耗完毕导致服务瘫痪，故障会传播导致连锁反应</p>','服务雪崩就是说，一个服务挂了，结果导致一连串的服务都跟着挂掉，整个系统像雪崩一样垮下来。比如，A调用B，B调用C，如果C崩了，B就会卡住或者出错，接着A也受影响，最后整个系统就瘫了。常见于微服务架构里，调用链复杂的时候更容易发生。',0,0,0,0,'admin',0,'2025-05-10 14:14:31','2025-05-11 14:25:28',0,NULL),(116,'解决服务雪崩','<p><span style=\"color: rgb(222, 120, 2);\">服务降级</span>: 服务自我保护的一种方式或者保护下游服务的方式，用于确保服务不会受请求突增影响导致不可用，有策略的关闭微服务中的一些小服务保证核心服务的运行，如果降级太多则会触发服务熔断</p><p><span style=\"color: rgb(222, 120, 2);\">服务熔断</span><span style=\"color: rgb(31, 35, 41);\">: 目标服务出现问题会保证自己的整体服务的可用性，不再继续调用目标服务直接返回快速释放资源，如果目标服务情况好转则恢复调用</span></p>','服务雪崩就是说一个服务挂了，导致整个系统都瘫痪，甚至其他服务也被拖垮。比如A调用B，B又调用C，如果C崩了，那B就会卡住，接着A也卡住，最后整个系统都动不了。\n\n解决这个问题有几个常用办法：\n\n1. **限流**：控制访问量，超过一定数量就不让进，防止系统被冲垮。可以用令牌桶或者漏桶算法来实现。\n\n2. **降级**：当系统压力太大或者某些服务不可用时，返回一个默认结果，而不是一直等或者报错。比如商品详情页的推荐服务挂了，就直接不展示推荐内容，页面还能正常打开。\n\n3. **熔断**：就像电路里的保险丝，一旦发现下游服务出错太多或超时太频繁，就直接“切断”请求，不再调用那个服务一段时间，避免连锁反应。\n\n4. **隔离**：把不同的服务资源隔离开，比如线程池、数据库连接池分开使用，不让一个服务占满所有资源。\n\n5. **缓存**：把一些常用的数据缓存起来，减少对下游服务的依赖，就算某个服务挂了，也能用缓存顶一阵子。\n\n6. **异步处理 + 消息队列**：不是所有操作都需要实时完成，可以先把任务扔到消息队列里，慢慢处理，这样能缓解系统压力。\n\n总的来说，核心思想就是：**别让一个点的问题扩散到整个系统**。设计系统的时候就要考虑失败的情况，提前做好应对措施。',0,0,0,0,'admin',0,'2025-05-10 14:15:57','2025-05-11 14:25:23',0,NULL),(117,'谈一下分布式事务','<ul><li>本地事务就是对于操作单一数据库的场景下的事务，acid特性是数据库支持的</li><li>分布式事务就是在分布式情况下需要保证不同服务的一致性，一般用于跨库事务，跨服务调用</li></ul>','嗯，说到分布式事务呢，其实就是在多个服务或者数据库之间，保证事务的一致性。简单来说，就是一个操作涉及多个系统，要么都成功，要么都失败。\n\n我们常用的方案大概有几种，比如：\n\n- **2PC（两阶段提交）**：这个就像是有一个协调者，先问大家能不能干，都同意了再真正执行。但缺点也明显，比如协调者挂了就麻烦了，还有同步阻塞的问题。\n  \n- **TCC（Try-Confirm-Cancel）**：这个是业务层面的补偿机制。Try阶段先预留资源，Confirm正式提交，Cancel出问题回滚。虽然灵活，但对业务侵入性强，需要自己写很多补偿逻辑。\n\n- **Saga模式**：和TCC有点像，也是分步骤，不过它是通过反向操作来回滚，适合长周期的事务。\n\n- **消息队列 + 本地事务表**：比如用MQ发消息通知其他系统，同时把事务信息记录在本地表里，防止数据不一致。这种方式比较常见，解耦也容易实现。\n\n总的来说，分布式事务没有银弹，得根据业务场景选合适的方案。有时候为了性能或者可用性，可能还会选择最终一致性，异步处理加补偿机制来兜底。',0,0,0,0,'admin',0,'2025-05-10 14:16:32','2025-05-11 14:25:11',0,NULL),(118,'说一下Java的特点','<p><span style=\"color: rgb(222, 120, 2);\">平台无关性</span>: 编写一次可以在任意安装了jvm虚拟机的系统上运行主要是因为java编译器将源代码编译成字节码文件</p><p><span style=\"color: rgb(222, 120, 2);\">面向对象</span>: 封装继承多态特性使得代码易于维护和重用性</p><p><span style=\"color: rgb(222, 120, 2);\">内存管理</span>: java有自己的内存回收机制使得开发者不需要手动管理内存从而减少内存泄露以及相关问题</p>','Java的特点嘛，我觉得有几个特别重要的点。首先它是跨平台的，也就是“一次编写，到处运行”，靠的是JVM，不同系统装上对应的虚拟机就能跑，这个挺牛的。\n\n然后是面向对象，封装、继承、多态这些特性它都支持，代码结构更清晰，也更容易维护和扩展。\n\n还有就是自动内存管理，垃圾回收机制（GC）省去了手动释放内存的麻烦，减少了很多像内存泄漏这种问题。\n\n安全性也做得不错，比如有严格的编译检查、运行时权限控制，适合做企业级应用或者网络相关的开发。\n\n再加上语法相对简单，去掉了C++里面一些复杂的东西，比如指针和多继承，学习门槛低一些，写起来也不容易出错。\n\n总的来说，Java稳定、成熟，生态也强大，各种框架和工具很全，所以被广泛用在后端、安卓开发、大数据这些领域。',0,0,1,0,'admin',0,'2025-05-10 14:17:17','2025-05-11 14:25:01',0,NULL),(119,'JVM,JDK,JRE三者的关系','<p><span style=\"color: rgb(222, 120, 2);\">JVM</span>: jvm虚拟机是java的运行环境，它负责将字节码解释或者编译成机器码并执行程序，jvm提供了内存管理，垃圾回收器，安全性的功能使得java程序具备跨平台性</p><p><span style=\"color: rgb(222, 120, 2);\">JDK</span>: jdk是java开发工具包，它包含了jvm,编译器,调试器等开发工具以及一系列的类库，提供了开发,编译,调试和运行java程序的全部工具和环境</p><p><span style=\"color: rgb(222, 120, 2);\">JRE</span>: jre是java运行时所需的环境，用于支持java程序的执行 </p>','JVM是Java虚拟机，负责运行Java程序，简单说就是让Java代码跑起来的引擎。JRE是Java运行环境，包含JVM和一些核心类库，主要用来运行已经写好的Java程序。JDK是Java开发工具包，里面不仅包含了JRE，还有一堆开发工具，比如编译器、调试器这些，是给程序员用来写Java代码的。总结一下，JDK包含JRE，JRE包含JVM，三者层层嵌套，各司其职。',0,0,1,0,'admin',0,'2025-05-10 14:18:22','2025-05-10 14:50:20',0,NULL),(120,'Java数据类型的转换方式','<p><span style=\"color: rgb(222, 120, 2);\">显示转换</span>: 当目标类型小于源类型，可以使用强制转换但是可能会导致数据的溢出或丢失</p><p><span style=\"color: rgb(222, 120, 2);\">隐式转换</span>: 当目标类型大于源类型，java会自动转换 例如int转换为long flort转换为double</p>','Java的数据类型转换方式主要分为两种：自动类型转换和强制类型转换。\n\n自动类型转换是当把一个小范围的数据赋值给一个大范围的变量时，Java会自动完成转换。比如把int类型的值赋给double类型的变量，这时候就会自动转成double类型。这种转换安全，不会丢失数据。\n\n强制类型转换就是手动把一个大范围的数据转成小范围的类型，这时候可能会有数据丢失的风险，所以需要我们自己加上括号来明确转换。比如把double转成int的时候，就得写成(int)某个小数，这时候小数点后面的部分就会被截断。\n\n还有一种情况是字符串和其他类型之间的转换，比如用Integer.parseInt()把字符串转成整数，或者用String.valueOf()把基本类型转成字符串。这些也算常用的数据类型转换方式。',0,0,0,0,'admin',0,'2025-05-10 14:19:15','2025-05-10 14:50:14',0,NULL),(121,'为什么不用double而用bigDecimal运算','<p>double会出现精度丢失的问题，因为执行的是二进制浮点运算，二进制有些情况不能准确的表示一个小数</p>','因为double在做浮点数运算的时候会有精度丢失的问题，比如像0.1这种简单的数字在二进制下是无限循环的，double存不下那么精确，结果就会出现偏差。特别是在做金融、金额计算的时候，这种误差是不能接受的。\n\n而BigDecimal是用字符串来表示数值的，不会出现精度丢失，可以精确到小数点后很多位，适合对精度要求高的场景，比如钱相关的计算，所以我们会优先用BigDecimal来做运算。',0,0,0,0,'admin',0,'2025-05-10 14:19:31','2025-05-11 14:24:51',0,NULL),(122,'装箱和拆箱是什么','<ul><li>是基本数据类型和对应的包装类进行转换的过程</li><li>自动装箱: 发生在赋值时和方法调用的时候</li></ul>','装箱就是把基本数据类型（比如int、double这些）变成对应的包装类对象（比如Integer、Double），说白了就是把原始类型“包”成一个对象。比如说你把一个int值存到一个Object变量里的时候，就会自动装箱。\n\n拆箱反过来，就是把包装类对象里的值取出来，变回基本数据类型。比如你拿到一个Integer对象，想用里面的数值做计算的时候，就会自动拆箱。\n\n简单点说，装箱是原始类型转成对象，拆箱是对象转回原始类型，这两个操作在Java里经常是自动完成的。',0,0,0,0,'admin',0,'2025-05-10 14:19:49','2025-05-10 14:50:07',0,NULL),(123,'讲一下Integer的缓存','<p>integer内部实现了一个静态缓冲池，用于存储特定范围内的整数值对应的对象，默认情况-128到127的这个范围，作用是创建对象赋值在这个范围内并不会每次都生成新的对象实例，而是复用缓存中的对象，会直接从内存中取出，不需要新建对象了达到节省内存提高性能的效果</p>','Integer的缓存主要说的是Java里对-128到127之间的小整数做了缓存优化。简单点说，就是提前把这一范围内的Integer对象创建好了，放在一个叫IntegerCache的内部类里面，这样每次用的时候直接拿，不用重复创建对象。\n\n举个例子，比如你写Integer a = 100; Integer b = 100; 这时候a和b其实指向的是同一个对象，因为这两个值在缓存范围内，Java会复用已有的对象。但如果你写的是Integer c = 200; Integer d = 200; 那这时候c和d就是两个不同的对象了，因为超出了默认的缓存范围，每次都会新建对象。\n\n这个机制主要是为了提升性能，减少频繁创建对象带来的内存开销。当然，这个缓存范围也不是死的，默认是-128到127，不过你可以通过JVM启动参数来调整这个范围。比如说做一些特定场景的优化。\n\n总结一下，Integer缓存就是为了省资源、提效率，针对常用的小整数做了一个对象复用的机制。',0,0,1,0,'admin',0,'2025-05-10 14:20:32','2025-05-10 14:50:02',0,NULL),(124,'怎么理解的面向对象','<p>面向对象是一种编程思想和方法，就是将现实中的事物抽象成对象，这个对象具有属性，行为，通过创建对象的方式来实现程序的功能具有灵活性和扩展性</p><p><span style=\"color: rgb(222, 120, 2);\">封装</span>: 将对象的属性和行为结合在一起，可以隐藏对象的属性和实现细节，仅对外公布接口与外界进行交互，增加了安全性</p><p><span style=\"color: rgb(222, 120, 2);\">继承</span>: 指一个类可以继承另一个类的属性和方法，从而减少重复的代码达到复用</p><p><span style=\"color: rgb(222, 120, 2);\">多态</span>: 字面意思就多种形态，本质就是不同的对象完成同一行为可以达到不同的结果，体现在方法重载以及重写</p>','我觉得面向对象就是一种编程的思路，把现实中的东西抽象成程序里的“对象”。比如说，设计一个猫和狗的系统，就可以把它们各自的属性（比如名字、年龄）和行为（比如叫、跑）封装在一起，形成类。这样写代码更贴近我们日常的思维方式，也方便管理和扩展功能。像是继承、多态这些特性，也是在解决实际问题时慢慢演化出来的，让代码更有复用性和灵活性。',0,0,0,0,'admin',0,'2025-05-10 14:21:39','2025-05-10 14:49:36',0,NULL),(125,'重写和重载有什么区别','<p><span style=\"color: rgb(222, 120, 2);\">重载</span>: &nbsp;在同一个类中有多个同名但是参数数量和顺序或者类型不一样，根据调用时设置的参数来选择</p><p><span style=\"color: rgb(222, 120, 2);\">重写</span>: &nbsp;在子类中对父类中允许访问的方法进行重新编写，子类中的方法名称，返回类型，参数列表与父类相同，只有方法体中的实现不同</p>','重写和重载的区别主要在应用场景和定义上。\n\n重写是子类对父类方法的重新实现，方法名、参数列表、返回类型都必须一样，主要是为了实现多态。比如说父类有个方法叫“吃”，子类“狗”可以重写这个方法，变成“狗啃骨头”。\n\n重载是在同一个类里，方法名相同但参数不同（数量或类型），返回值不影响重载判断。比如一个“吃”方法可以有多个版本，一个是没有参数的“吃”，一个是带字符串参数的“吃什么”。\n\n简单说：重写是父子类同方法签名，不同实现；重载是同一类方法名一样，参数不一样。',0,0,1,0,'admin',0,'2025-05-10 14:22:27','2025-05-10 14:49:32',0,NULL),(126,'深拷贝和浅拷贝的区别','<p>浅拷贝就是副本对象和原对象都指向同一块内存空间，副本对象的改变会影响到原来的对象</p><p>深拷贝就是副本对象和原对象不指向同一块内存空间，会重新开辟一块空间给副本对象进行指向</p>','深拷贝和浅拷贝最大的区别就是：复制出来的对象是不是“独立”的。\n\n简单来说，浅拷贝就是只复制了第一层的内容，如果里面有引用类型（比如数组或对象），那它们还是指向原来的地址。也就是说，新旧对象之间那些引用类型的数据是共享的，一个改了，另一个也会跟着变。\n\n而深拷贝是彻彻底底地复制了一整个完整的副本，不管里面嵌套了多少层，所有的数据都是新开辟的空间，新对象和原对象互不干扰，完全独立。\n\n举个例子，比如你有一个对象里有个数组，用浅拷贝的话，拷贝出来的对象里面的数组还是原来那个数组的地址；但用深拷贝的话，连这个数组都会重新创建一份一模一样的，但地址不一样。\n\n所以什么时候用哪个？如果你只是想临时用一下数据，而且不想影响原对象，那就用深拷贝；如果结构简单，或者你明确知道不需要完全隔离，那可以图省事用浅拷贝。',0,0,1,0,'admin',0,'2025-05-10 14:23:00','2025-05-10 14:49:26',0,NULL),(127,'String StringBuffer StringBuild的区别','<p><span style=\"color: rgb(222, 120, 2);\">string</span>: 内部维护了一个不可变的字节数组，不可变线程是安全的</p><p><span style=\"color: rgb(222, 120, 2);\">stringBuilder</span><span style=\"color: rgb(31, 35, 41);\">: 可以改变原来的对象，线程不安全性能好一点</span></p><p><span style=\"color: rgb(222, 120, 2);\">stringBuffer</span>: 可以改变 通过锁的机制来保证线程安全，性能略差一点</p>','String、StringBuffer 和 StringBuilder 都是用来操作字符串的，但它们之间有几个关键区别。\n\n首先说 String。它是不可变的，意思是一旦创建了一个 String 对象，它的值就不能被改变。每次对 String 的修改，比如拼接、替换，都会生成一个新的 String 对象，原来的不会变。这种设计让 String 更安全、更适合用在不需要频繁修改的地方，比如变量赋值、简单传参。\n\n然后是 StringBuffer。它是可变的，而且是线程安全的，也就是它的方法都是 synchronized 修饰的，可以在多线程环境下使用，不用担心数据出错。但是因为加了同步机制，所以性能上会比没有同步的差一些。如果你在一个多线程的程序里需要频繁拼接字符串，可以考虑用 StringBuffer。\n\n再说 StringBuilder，它和 StringBuffer 基本一样，都是可变的，唯一的区别就是 StringBuilder 不是线程安全的。它在单线程情况下效率更高，适合那种只在一个线程里拼接字符串的场景。\n\n总结一下：  \n- 如果字符串不经常变，就用 String；  \n- 如果要频繁拼接，并且是多线程环境，用 StringBuffer；  \n- 如果是单线程下频繁拼接，首选 StringBuilder，因为它更快。',0,0,1,0,'admin',0,'2025-05-10 14:24:08','2025-05-10 14:49:15',0,NULL),(128,'Java8的新特性有哪些','<p><span style=\"color: rgb(222, 120, 2);\">stream流</span>: 高效的处理数据，提供数值计算，映射，过滤，排序等等方法</p><p><span style=\"color: rgb(222, 120, 2);\">方法引用</span>: 简化代码的编写使代码紧凑简洁，从而减少冗余代码，格式就是实例对象::具体方法</p><p><span style=\"color: rgb(222, 120, 2);\">lambda表达式</span><span style=\"color: rgb(31, 35, 41);\">: 代码精简，提高开发效率</span></p><p><span style=\"color: rgb(222, 120, 2);\">completableFuture</span><span style=\"color: rgb(31, 35, 41);\">: 异步编排减少响应时间，提升系统处理效率</span></p>','Java 8 的新特性挺多的，我来简单说几个重点：\n\n1. **Lambda 表达式**：这个应该是最重磅的更新了，可以让我们用更简洁的方式写匿名函数，特别是配合集合操作的时候特别方便。\n\n2. **Stream API**：用来处理集合数据的，支持过滤、映射、排序等操作，写起来很像 SQL，链式调用也很清晰。\n\n3. **默认方法（Default Methods）**：接口中可以有默认实现的方法了，这样可以在不破坏已有实现的前提下扩展接口功能。\n\n4. **新的日期时间 API（java.time）**：原来的 Date 和 Calendar 类用起来太麻烦还不安全，Java 8 引入了 LocalDate、LocalTime、ZonedDateTime 这些类，更好用了。\n\n5. **Optional 类**：用来减少空指针异常的，强制开发者去判断值是否存在，提升代码健壮性。\n\n6. **函数式接口和方法引用**：配合 Lambda 使用的，比如 Consumer、Supplier、Predicate 等常用函数式接口，还有通过 :: 来引用已有方法。\n\n7. **重复注解和类型注解**：让注解更加灵活，能用在更多的地方，也方便做代码分析。\n\n这些应该是工作中最常用到的新特性了。',0,0,0,0,'admin',0,'2025-05-10 14:24:53','2025-05-10 14:48:57',0,NULL),(129,'什么是值传递和引用传递','<p><span style=\"color: rgb(222, 120, 2);\">值传递</span>: 对基本数据类型而言，只进行值的拷贝，不会影响原变量</p><p><span style=\"color: rgb(222, 120, 2);\">引用传递</span>: 是对引用类型而言，不是传递对象的值而是传递对象的地址，副本改变会影响原来的对象</p>','值传递就是调用方法的时候，把变量的值复制一份传给方法，方法里头怎么改都不会影响原来的值。比如我有个变量a=10，传给方法后我在方法里把a改成20，外面的a还是10。\n\n引用传递是把变量的地址传过去，方法里对这个地址上的内容做修改，外面的变量也会跟着变。就像我把一个箱子的钥匙给别人，他通过这把钥匙打开了同一个箱子，他往里面放啥，我这边打开箱子就能看到。\n\n简单说就是：值传递是拷贝了一份数据，动的是复印件；引用传递是操作同一份数据，动的是原件。',0,0,0,0,'admin',0,'2025-05-10 14:25:07','2025-05-10 14:44:43',0,NULL),(130,'说说Java中的集合','<p>list有序 可重复 有索引set无序 不重复 map键值对 key无序唯一，value可重复</p><p><span style=\"color: rgb(222, 120, 2);\">arraylist</span>: 基于数组 适合随机查找，默认长度是10通过1.5倍扩容 </p><p><span style=\"color: rgb(222, 120, 2);\">linkedList</span>: 基于链表 &nbsp;适合增删</p><p><span style=\"color: rgb(222, 120, 2);\">hashMap</span>: 基于数组链表红黑树 默认长度是16 2倍扩容</p><p><span style=\"color: rgb(222, 120, 2);\">hashSet</span>: 用于存储唯一元素</p>','Java里的集合其实就是用来存一堆数据的工具，有点像数组，但它更灵活，能动态扩容。Java集合主要分几大类，最常见的是List、Set和Map。\n\nList就像一个自动变长的数组，里面的数据是有序的，还能重复，比如ArrayList和LinkedList，一个是用数组实现的，查得快；另一个是链表结构，增删快。\n\nSet是不存重复数据的集合，它内部是靠equals和hashCode这两个方法来判断是不是一样的，常用的有HashSet和TreeSet，前者存取都快，但无序，后者是按顺序排好的。\n\nMap是存键值对的，比如你有一个身份证号（key），对应一个人的信息（value）。常见的HashMap是无序的，TreeMap会根据key排序，还有LinkedHashMap是按插入顺序排的。\n\n这些集合大多数都在java.util包里，不过多线程环境下有些集合比如ArrayList、HashMap不是线程安全的，需要用Concurrent包里的或者加锁处理。总的来说，集合就是让开发者更容易地管理一组对象。',0,0,0,0,'admin',0,'2025-05-10 14:28:06','2025-05-11 13:43:20',0,NULL),(131,'Collection和Collections的区别','<p><span style=\"color: rgb(222, 120, 2);\">Collection</span>: 是一个集合接口 提供了对集合进行基本操作的接口方法</p><p><span style=\"color: rgb(222, 120, 2);\">Collections</span>: 是一个包装类，提供了操作集合的静态的方法</p>','Collection 和 Collections 看起来很像，但其实一个是接口，一个是工具类。\n\nCollection 是集合的顶层接口之一，比如 List、Set 这些常用的集合都继承自它，主要定义了一些集合通用的方法，比如 add、remove、size 这些操作。\n\nCollections 就是一个工具类，里面全是静态方法，用来操作集合或者返回一些集合的视图。比如说排序用的 sort 方法、打乱顺序的 shuffle、还有可以获取线程安全集合的 synchronizedList 这些方法。\n\n简单来说：  \n- Collection 是集合的“爹”，定义了基本行为；  \n- Collections 是集合的“助手”，提供各种实用功能。',0,0,1,0,'admin',0,'2025-05-10 14:29:25','2025-05-10 14:38:34',0,NULL),(132,'线程进程协程的区别','<p><span style=\"color: rgb(222, 120, 2);\">线程</span>: 是操作系统任务调度和执行的最小单位，归属于进程</p><p><span style=\"color: rgb(222, 120, 2);\">进程</span>: 是操作系统资源分配的最小单位</p><p><span style=\"color: rgb(222, 120, 2);\">协程</span>: 存在用户态轻量级线程，通过减少上下文频率切换提升速度</p>','进程是操作系统资源分配的基本单位，比如一个程序运行起来后就是一个进程，它拥有自己独立的内存空间；线程是CPU调度的基本单位，同一个进程内的多个线程共享这块内存，但每个线程有自己的栈和局部变量；协程更像是用户态的轻量级线程，由程序员控制调度，不需要频繁切换内核态，开销更小，适合高并发场景。简单来说，进程像公司，线程是公司里的部门，协程就是部门里的员工，大家分工合作，但管理方式不同。',0,0,0,0,'admin',0,'2025-05-10 14:37:26','2025-05-10 14:37:58',0,NULL),(133,'线程的生命周期','<p><span style=\"color: rgb(222, 120, 2);\">新建</span>: 创建一个线程的时候</p><p><span style=\"color: rgb(222, 120, 2);\">可运行</span>: 线程对象调用start方法</p><p><span style=\"color: rgb(222, 120, 2);\">运行</span>: 线程对象获取到时间片也就是执行资格</p><p><span style=\"color: rgb(222, 120, 2);\">阻塞</span>: 线程因为某些原因进入阻塞状态，必须等待条件满足才会继续执行</p><p><span style=\"color: rgb(222, 120, 2);\">销毁</span>: 线程执行结束或异常退出</p>','线程的生命周期指的是一个线程从创建到消亡的整个过程。它主要包括以下几个状态：\n\n1. **新建（New）**：线程对象被创建，但还没有调用 `start()` 方法。\n2. **就绪（Runnable）**：线程已经准备好运行，等待CPU调度。\n3. **运行（Running）**：线程正在执行任务，`run()` 方法中的代码正在运行。\n4. **阻塞（Blocked/Waiting）**：线程因为某些原因暂时停止运行，比如等待I/O操作完成、等待锁资源或主动调用 `sleep()`、`wait()` 等方法。\n5. **终止（Dead）**：线程任务执行完毕，或者因为异常退出。\n\n在Java中，线程的状态会通过 `Thread.State` 枚举来表示，更细分为6种状态：NEW、RUNNABLE、BLOCKED、WAITING、TIMED_WAITING 和 TERMINATED。\n\n举个例子：\n就像一个人的一生，从出生（NEW），到准备上班（RUNNABLE），然后开始工作（RUNNING），中间可能要等电梯（BLOCKED/WAITING），最后退休了（TERMINATED）。',0,0,1,0,'admin',0,'2025-05-10 14:37:53','2025-05-10 14:38:16',0,NULL),(134,'什么是上下文切换','<p>上下文切换主要是cpu从一个线程切换到另一个线程，切换前会保存上一个线程的操作状态，以便下次继续使用</p><p>上下文切换主要发生在内核态，频繁的从用户态切换到内核态会耗费性能</p>','上下文切换就是操作系统在运行多个任务的时候，把一个任务暂停，保存它的状态信息，然后去运行另一个任务的过程。比如你正在用电脑一边听歌一边写文档，系统就会在音乐播放和文档输入之间来回切换任务。每次切换的时候，操作系统需要记住当前任务的寄存器状态、程序计数器、堆栈等信息，然后再加载下一个任务之前保存好的这些数据，这样每个任务看起来都在“连续”执行。虽然切换速度非常快，人感觉不到，但这个过程其实会消耗一定的性能，所以如果切换太频繁，反而会影响整体效率。',0,0,0,0,'admin',0,'2025-05-10 14:39:45','2025-05-10 14:44:47',0,NULL),(135,'什么是并发线程的安全问题','<p>多个线程操作同一个共享资源但是由于缺少同步措施导致达不到预期结果</p><p>可以使用锁来保证</p>','并发线程的安全问题，简单来说就是多个线程同时操作共享资源时，可能导致数据出错或者程序行为异常的问题。比如你和朋友同时用手机给同一个银行卡转账，如果系统没处理好并发，可能就会重复扣钱或者余额算错。\n\n核心原因就是线程之间“抢着来”，没有合理排队或隔离，导致中间状态被破坏。常见的表现有竞态条件、脏读、指令重排等。解决方法通常包括加锁（比如synchronized）、使用volatile关键字、CAS机制、以及用并发工具类比如ReentrantLock、AtomicInteger这些。',0,0,1,0,'admin',0,'2025-05-10 14:41:10','2025-05-10 14:44:51',0,''),(136,'run方法和start方法的区别','<p>run方法只是对象的方法，不会去创建线程</p><p>start方法会从用户态切换到内核态创建线程，创建完成后会回调run方法</p>','start() 是用来启动线程的，调用之后线程进入就绪状态，等待CPU调度执行。真正开辟一个新线程去执行任务。\n\nrun() 就是一个普通方法，里面写的是线程要执行的内容。直接调用 run() 不会开启新线程，只是在当前线程里顺序执行里面的代码。\n\n简单说：想开个新线程去干一件事，要用 start()；直接调 run() 相当于自己亲自动手干这件事，没请别人帮忙。',0,0,0,0,'admin',0,'2025-05-10 14:42:30','2025-05-10 14:45:07',0,NULL),(137,'线程常用方法','<p>sleep可以指定时间让线程短暂休眠，yield上下文切换，会让出cpu资源，join会让线程先执行主线程暂停，stop不推荐使用会强制终止未执行完的线程</p>','线程常用的几个方法有：\n\n- **start()**：启动一个新线程，让线程进入就绪状态，等待CPU调度执行。\n- **run()**：线程执行的具体逻辑写在这个方法里，不过一般我们不直接调用它，而是通过start()来触发。\n- **sleep(long millis)**：让当前正在执行的线程暂停一段时间（单位是毫秒），不会释放锁。\n- **join()**：让当前线程等待另一个线程执行完成后再继续执行。\n- **yield()**：让出当前线程的CPU时间片，变成可运行状态，但可能马上又会被调度。\n- **interrupt()**：中断线程，用于通知线程应该停止了，具体怎么停要看线程自己怎么处理。\n- **isAlive()**：判断线程是否还活着，也就是还没结束。\n- **setPriority(int priority)** 和 **getPriority()**：设置和获取线程优先级，优先级越高，被调度的概率越大，但不是绝对的。\n- **setName(String name)** 和 **getName()**：给线程起个名字或者获取线程的名字。\n\n这些方法都是Java中Thread类提供的，实际开发中经常配合使用来控制线程的行为。',0,0,0,0,'admin',0,'2025-05-10 14:43:16','2025-05-10 14:45:35',0,NULL),(138,'什么是线程中断','<p>线程中断就是通过中断信号去告诉线程你可以停止，但是线程并不会立即停止，如果收到了信号，可以自定义终止逻辑</p>','线程中断就是让一个正在运行或者阻塞的线程提前停止它当前的操作，通常是通过调用线程的interrupt()方法来实现的。这种机制主要是用来通知线程应该结束自己，而不是强制线程立即终止。线程在运行过程中可以通过检查中断状态决定是否响应这个中断请求，比如抛出异常、清理资源或者直接退出。这种方式比较优雅，可以避免因为强行终止线程导致数据不一致或者其他问题。',0,0,0,0,'admin',0,'2025-05-10 14:43:42','2025-05-10 14:46:06',0,NULL),(139,'线程的创建方式有哪些','<p>通常通过new thread 然后调用start方法，回调run方法，继承thread重写run方法，类实现runnable 接口，重写run方法，实现callback接口，重写call方法通过future task创建来获取结果，通过线程池创建</p>','线程的创建方式主要有三种：  \n\n第一种是继承 Thread 类，重写 run 方法，然后调用 start 启动线程；  \n第二种是实现 Runnable 接口，把任务丢给 Thread 去执行，这种方式更推荐，因为避免了 Java 单继承的限制；  \n第三种是使用 Callable 和 FutureTask，可以获取线程执行的结果，适合需要返回值的场景。  \n\n除此之外，还可以通过线程池来管理线程，虽然本质上也是基于以上几种方式，但能更好地控制资源和提升性能。',0,0,0,0,'admin',0,'2025-05-10 14:44:03','2025-05-10 14:46:20',0,NULL),(140,'为什么要使用线程池','<p>线程的创建和销毁都需要进行用户态切换到内核态耗费性能，使用线程池可以减少切换频率，线程池的使用可以方便的管理线程，通过复用线程减少性能的开销，以及提高执行任务的响应速度</p>','因为线程池能帮我们更高效地管理线程，节省频繁创建和销毁线程带来的开销。你想想，如果每次有任务都新开一个线程，那系统资源很快就被耗光了，响应速度也会变慢。用了线程池之后，可以复用线程，控制并发数量，还能提高系统的稳定性。而且线程池还提供了很多灵活的配置，比如核心线程数、最大线程数、拒绝策略这些，可以根据实际业务场景来调整，让程序跑得又快又稳。',0,0,0,0,'admin',0,'2025-05-10 14:46:01','2025-05-10 14:46:38',0,NULL),(141,'线程池的核心参数','<p>核心线程数，最大线程数，最大空闲时间，空闲时间单位，阻塞队列，线程工厂，拒绝策略</p>','线程池的核心参数有这么几个：核心线程数、最大线程数、空闲线程存活时间、时间单位、任务队列、线程工厂、拒绝策略。\n\n简单来说，核心线程数就是线程池里一直保持活跃的线程数量，除非设置了允许回收核心线程；最大线程数是线程池能扩容到的最大的线程数量。当任务太多、核心线程忙不过来的时候，如果当前线程数还没到最大值，就会新建线程处理任务。\n\n空闲线程存活时间和单位配合使用，控制非核心线程在空闲多久之后会被回收。任务队列是用来存放等待执行的任务的，常用的比如有界队列、无界队列和同步移交队列。\n\n线程工厂用来创建新线程，一般我们会自定义设置线程名、优先级等信息方便排查问题。最后是拒绝策略，当线程池满了且任务队列也满了的时候，就会触发拒绝策略，常见的比如抛异常、丢弃任务、让调用者自己处理等等。\n\n这些参数一起决定了线程池怎么处理任务、怎么调度资源、怎么应对高并发场景。',0,0,1,0,'admin',0,'2025-05-10 14:46:33','2025-05-10 14:46:51',0,NULL),(142,'线程池的工作流程','<p>当任务到达时会创建核心线程去执行任务，如果核心线程数创建满了，会先复用核心线程，如果核心线程都在跑任务，新的任务就会进入阻塞队列，阻塞队列满了才会创建非核心线程去执行任务，直到达到最大线程数量，就会走拒绝策略: 拒绝执行，抛异常 拒绝执行 丢弃老任务执行新任务</p>','线程池的工作流程其实挺像饭店后厨管理的。假设你开了家饭店，刚开始客人少的时候，你不会一下子请一堆厨师，而是先招一两个应付着。这就是线程池里的核心线程数，相当于平时维持的基本运力。\n\n当饭点一到，客人多了起来，任务（比如炒菜）一下就堆起来了。这时候线程池会先看看有没有空闲的厨师，有就直接安排干活。没有的话，就看能不能再加人手，也就是创建新的线程，但这个是有上限的，叫最大线程数。\n\n如果任务实在太多，连最大线程数都满了，那怎么办？这时候就会把多余的任务放到一个队列里排队等着，等有空闲线程了再处理。\n\n但如果队列也满了呢？这就进入最后一步，拒绝策略。就像饭店实在接不下更多单了，只能跟客人说抱歉不接新单了，或者让客人去别家吃。\n\n整个流程就是：来任务 -> 先看有没有空闲线程 -> 没有的话看能不能新建线程 -> 不行就进队列排队 -> 队列也满就拒绝任务。整个过程就是为了控制资源、提高效率，避免系统被突然来的大量任务搞崩。',0,0,0,0,'admin',0,'2025-05-10 14:47:18','2025-05-10 14:47:27',0,NULL),(143,'ThreadLocal实现原理','<p>是一个线程隔离变量可以用于保存每个线程需要共享的信息，降低耦合度，性能优势</p>','ThreadLocal其实核心是给每个线程分配一个独立的变量副本，这样线程之间互不干扰。实现的关键在于每个线程内部都维护了一个ThreadLocalMap，这个map的key是ThreadLocal实例，value就是我们要存的数据。\n\n第一次调用ThreadLocal的get()时，如果没值会自动调用initialValue()初始化，默认是null。set()方法就是往当前线程的map里头存数据。\n\n弱引用的设计是为了防止内存泄漏，key被回收后，Entry变成null，后面通过一些清理机制（比如set、get的时候顺带处理）把无效数据清除掉。\n\n总的来说就是“空间换安全”，牺牲一点内存来避免多线程竞争问题，提高并发效率。',0,0,1,0,'admin',0,'2025-05-10 14:47:41','2025-05-10 14:47:46',0,NULL),(144,'notify和notifyAll区别','<p>同样是唤醒等待的线程，同样最多只有一个线程能获取锁，同样不能控制哪个线程能获取锁</p><p>区别在于:</p><p>唤醒一个线程，其他线程依然处于wait 等待唤醒状态，唤醒所有等待的线程，开始竞争锁</p>','notify和notifyAll都是用来唤醒等待线程的方法，但区别在于唤醒的范围不同。\n\n简单说：  \n- **notify()** 是唤醒一个随机的等待线程，具体唤醒哪一个由JVM决定，剩下的其他线程还是继续等着。  \n- **notifyAll()** 是把所有在等待的线程都唤醒，然后它们自己去抢锁，谁抢到谁执行。\n\n举个例子：  \n比如你开了个餐厅，门口有一堆人在排队（这些线程都在wait）。  \n- 你喊一声“来一个人”，这就是notify，只有一个人会进来。  \n- 你喊一声“所有人给我冲进来”，这就是notifyAll，所有人都冲进来抢座位。\n\n所以一般更推荐用notifyAll，避免某些线程一直抢不到机会导致饥饿。',0,0,1,0,'admin',0,'2025-05-10 14:48:19','2025-05-10 14:48:25',0,NULL),(145,'乐观锁和悲观锁的区别','<p><span style=\"color: rgb(222, 120, 2);\">乐观锁</span>: 每次操作的时候总以为别人不会修改所以不会加锁，但是修改的时候会根据版本号来判断有没有被修改，适合读多写少</p><p><span style=\"color: rgb(222, 120, 2);\">悲观锁</span>: 每次操作的时候总以为别人会修改，都会加锁，影响性能，写多读少</p>','乐观锁和悲观锁最大的区别在于对并发冲突的处理方式不同。\n\n悲观锁认为，只要有人同时操作数据，就一定会发生冲突，所以它在访问数据的时候会直接加锁，比如数据库的行锁、表锁，Java里的synchronized关键字，都是典型的悲观锁实现。就像一个人干活，先把门锁上，别人想干也得等他干完。\n\n而乐观锁则相反，它认为大多数情况下大家不会冲突，只有在提交更新的时候才会去检查有没有冲突。最常见的实现方式是使用版本号或者CAS（Compare and Swap）机制。比如两个人同时修改一条数据，系统会通过版本号判断谁先改了，后面的更新就会失败，需要重试。这种方式适合读多写少的场景，效率更高。\n\n简单来说，悲观锁就是防着别人动数据，乐观锁则是相信大家都很守规矩，只在最后关头才做校验。',0,0,1,0,'admin',0,'2025-05-11 13:49:41','2025-05-11 13:49:49',0,NULL),(146,'死锁饥饿锁活锁的区别','<p><span style=\"color: rgb(222, 120, 2);\">死锁</span>: 两个线程在执行过程中相互等待，无法自行解锁可以理解多个线程循环等待</p><p><span style=\"color: rgb(222, 120, 2);\">活锁</span><span style=\"color: rgb(31, 35, 41);\">: 执行过程中没有阻塞但是由于某些原因，一直不断的重试和改变状态，设置重试次数避免无效次数，设置等待时间。</span></p><p><span style=\"color: rgb(222, 120, 2);\">饥饿锁</span>: 就是优先级比较高的线程一直霸占这cpu 资源，导致优先级低的线程阻塞，调整线程的优先级，限制锁的持有时间，</p>','死锁、饥饿锁和活锁都是多线程环境下可能出现的问题，它们的区别主要在于线程的状态和资源获取的情况。\n\n1. **死锁（Deadlock）**  \n多个线程互相等待对方持有的资源，导致所有线程都无法继续执行。比如A线程拿着资源1，想要资源2；B线程拿着资源2，想要资源1，他们就卡在这儿谁也动不了，像两辆车在窄路上互不相让撞上了。\n\n2. **饥饿锁（Starvation）**  \n某个线程因为一直得不到资源而无法执行。比如一个优先级很低的线程总是被其他高优先级的线程抢到资源，结果它就一直等啊等，永远轮不上它干活，像是食堂里总被人插队的那个哥们。\n\n3. **活锁（Livelock）**  \n线程并不是在等待，而是一直在尝试做某件事但始终没有进展。比如两个线程都在不断地释放资源并重新申请，希望给对方让路，结果一直在重复操作却没有真正完成任务，就像两个人在走廊上左右闪避却一直撞在一起。\n\n简单来说：\n- 死锁是大家都不动了；\n- 饥饿是某些线程永远吃不上饭；\n- 活锁是大家都在动，但都没做成事。',0,0,0,0,'admin',0,'2025-05-11 13:50:22','2025-05-11 13:50:39',0,NULL),(147,'Java死锁如何避免','<p>避免使用嵌套锁，按顺序获取锁，设置超时时间以及锁的检查，第一时间内处理</p>','避免Java死锁的关键在于打破死锁产生的四个必要条件之一：互斥、持有并等待、不可抢占和循环等待。常见的做法是按顺序加锁，确保所有线程以相同的顺序请求锁；或者使用超时机制，在尝试获取锁时设置超时时间，避免无限期等待；还可以通过减少锁的粒度、使用更高级的并发工具类（如ReentrantLock配合tryLock）来降低死锁发生的概率。总之核心思路就是尽量简化锁的使用逻辑，避免多个资源之间的交叉等待。',0,0,1,0,'admin',0,'2025-05-11 13:50:57','2025-05-11 13:51:03',0,NULL),(148,'管程是如何保证同步和互斥的','<p>互斥通过编译器处理</p><p>同步通过条件队列和等待唤醒机制来保证的</p>','管程保证同步和互斥主要靠它的设计机制。简单来说，管程是一个管理共享资源的模块，它里面封装了数据和操作这些数据的方法。同一时间只能有一个线程进入管程，这样就保证了互斥。至于同步，是因为管程内部有等待队列，如果一个线程进来后发现条件不满足，它就会在队列里等着，等条件满足时再被唤醒继续执行，这样多个线程之间就可以协调顺序、按需执行，从而实现同步。所以互斥是通过限制一次只能一个线程访问，同步是通过队列控制线程的执行顺序来完成的。',0,0,0,0,'admin',0,'2025-05-11 13:51:14','2025-05-11 13:51:20',0,NULL),(149,'讲一下synchronized ','<p>是一个同步锁，用来实现互斥同步的，可以保证在同一时刻只有一个线程执行某一个方法或者代码块</p>','synchronized 是 Java 中用来实现线程同步的关键字，简单说就是用来控制多个线程对共享资源的访问，防止出现并发问题。比如说一个方法或者一段代码被 synchronized 修饰之后，同一时间只能有一个线程能执行这段代码，其他的线程都得排队等。\n\n它可以用在方法上，也可以用在代码块上。比如写个同步方法：\n\npublic synchronized void method() {\n    // 方法体\n}\n\n或者是同步某一段代码块：\n\nsynchronized (this) {\n    // 需要同步的代码\n}\n\nsynchronized 底层是依赖对象的监视器（monitor）来实现的，每个对象都有一个监视器，线程进入 synchronized 代码前会尝试获取这个监视器，拿不到就阻塞等待，拿到了才能执行。\n\n虽然方便，但要注意性能问题，特别是锁的粒度太粗的话容易造成线程阻塞影响效率。还有可能引发死锁，比如两个线程互相等对方释放锁，那就卡住了。\n\n总的来说，synchronized 是 Java 最基础的同步工具之一，使用简单，但在高并发下还是推荐用 JUC 包里的 Lock 接口，比如 ReentrantLock，灵活性更高一些。',0,0,1,0,'admin',0,'2025-05-11 13:51:34','2025-05-11 13:51:42',0,NULL),(150,'Jvm的组成','<p>由类加载器将Java写好的代码编译成字节码文件然后加载进内存中也叫运行时数据区用于存储字节码文件中的各种数据信息，不同的内存存储不同的数据然后通过执行引擎将信息解析翻译出计算机所识别的命令</p>','嗯，好的，那我来聊聊JVM的组成吧。\n\n首先，JVM其实就是Java虚拟机，它主要分成几个部分。第一个是类加载器（Class Loader），它的作用就是把class文件加载到内存里面去。比如你运行一个Java程序的时候，JVM会通过类加载器去找到你需要的类，并且把它读进来。\n\n然后是运行时数据区，这个部分比较重要，又可以细分成几个小块。包括方法区、堆、栈、本地方法栈和程序计数器。其中堆和方法区是线程共享的，而栈、本地方法栈和程序计数器是线程私有的。\n\n堆主要是用来存放对象实例，比如我们new出来的对象都放在堆里；方法区呢，存一些类的信息、静态变量、常量池这些内容。栈的话，每个线程在执行方法的时候都会创建一个栈帧，里面包含局部变量表、操作数栈等等。本地方法栈跟栈类似，不过它是为Native方法服务的。程序计数器就比较简单，记录当前线程执行的字节码行号。\n\n接下来是执行引擎，它的任务是把字节码翻译成机器指令去执行。里面可能还会涉及即时编译器（JIT），把热点代码编译成本地代码提升效率。\n\n还有就是本地库接口，也就是JNI（Java Native Interface），它负责连接Java和一些C/C++写的本地库，实现跨语言调用。\n\n总的来说，JVM的这几个部分各司其职，一块配合起来让Java程序跑起来。',0,0,0,0,'admin',0,'2025-05-11 13:53:20','2025-05-11 14:22:41',0,NULL),(151,'类的加载过程','<p>将文件读取出来验证文件和版本能否被虚拟机解析，没问题之后将类的属性分配好内存空间，然后解析class文件的二进制字符号并将类的字段进行初始化，完毕后可以使用了不使用就卸载</p>','类的加载过程简单来说，就是JVM把.class文件从硬盘读到内存，并准备好让程序使用的过程。整个过程可以分为五大步：\n\n1. **加载（Loading）**：找到类的字节码文件（比如.class文件），读取进来，创建一个Class对象，放在方法区里。\n\n2. **验证（Verification）**：确保字节码是合法、安全的，不会影响JVM的稳定，比如检查魔数、版本号、有没有非法操作等。\n\n3. **准备（Preparation）**：给类的静态变量分配内存，并设置默认值（不是你赋的那个值）。比如int默认0，对象默认null。\n\n4. **解析（Resolution）**：把类、接口、方法、字段这些符号引用转换成直接引用，说白了就是把名字对应到实际内存地址上去。\n\n5. **初始化（Initialization）**：真正执行类中的Java代码，包括静态代码块和静态变量的赋值操作，这个阶段才会真正运行你的逻辑。\n\n整个流程走完之后，类就可以用了，比如创建实例、调用方法啥的。后面还有个使用和卸载阶段，但那不是类加载的一部分了。',0,0,0,0,'admin',0,'2025-05-11 13:53:38','2025-05-11 13:53:48',0,NULL),(152,'Jvm的内存模型介绍一下','<p><span style=\"color: rgb(222, 120, 2);\">虚拟机栈</span>: 每个线程拥有一个私有的虚拟机栈，它包含了一系列的栈帧，每当一个方法被调用时，就会创建一个新的栈帧来存储该方法的局部变量，操作数栈等消息，执行完对应的栈帧会被销毁</p><p><span style=\"color: rgb(222, 120, 2);\">堆</span>: 这是所有线程共享的内存区域，用于存储对象实例，堆是垃圾回收机制主要管理的地方，负责自动清理不再使用的对象</p><p><span style=\"color: rgb(222, 120, 2);\">元空间</span>: 位于本地内存中，用于存放类的结构信息等数据</p><p><span style=\"color: rgb(222, 120, 2);\">本地方法栈</span>: 为执行本地方法而服务的，专门用于处理通过JNI调用的非java代码</p><p><span style=\"color: rgb(222, 120, 2);\">程序计数器</span>: 每个线程都有自己的程序计数器，记录当前线程所执行的字节码指令地址</p>','JVM的内存模型主要分为几个部分，我们平时开发中最常接触到的是堆、栈、方法区这些。\n\n首先说堆，这个是所有线程共享的一块区域，主要用来存放对象实例。简单理解就是我们new出来的对象大部分都存在这里。堆也是垃圾回收的主要战场，所以你经常听到的GC（Garbage Collection）基本就是在堆上操作的。\n\n然后是虚拟机栈，这块是每个线程私有的，里面保存的是方法调用时的一些基本信息，比如局部变量表、操作数栈、动态链接、方法出口等信息。每调用一个方法，就会在栈中生成一个栈帧，方法执行完栈帧就被弹出。\n\n再来说本地方法栈，这个和虚拟机栈类似，只不过它是专门为Native方法服务的。像一些底层调用，比如JNI（Java Native Interface）相关的就会用到这个区域。\n\n还有方法区，这也是所有线程共享的，主要存储类信息、常量池、静态变量、编译器编译后的代码等数据。注意，在JDK8之后，HotSpot把方法区实现成了元空间（Metaspace），而运行时常量池和静态变量则放到了堆里。\n\n还有一个比较特别的是程序计数器，它是一块很小的内存区域，用来记录当前线程执行的字节码行号。因为Java是多线程的，线程切换回来的时候要靠这个来找回执行的位置。\n\n总的来说，JVM内存模型就是把这些区域划分清楚，各自负责不同的任务，保证程序运行有序、高效。',0,0,0,0,'admin',0,'2025-05-11 13:54:42','2025-05-11 13:59:47',0,NULL),(153,'类加载器有哪些','<p><span style=\"color: rgb(222, 120, 2);\">引导类加载器</span>: 加载jre/lib下的包</p><p><span style=\"color: rgb(222, 120, 2);\">扩展类加载器</span>: 加载jre/lib/ext下的包</p><p><span style=\"color: rgb(222, 120, 2);\">应用程序类加载器</span>: 加载用户路径下的包</p><p><span style=\"color: rgb(222, 120, 2);\">自定义类加载器</span>: 加载自定义路径下的包</p>','类加载器主要有四种：\n\n1. **启动类加载器（Bootstrap ClassLoader）**：这是最顶层的类加载器，负责加载Java核心类库，比如rt.jar里的东西，它是由C++写的，不是Java对象。\n\n2. **扩展类加载器（Extension ClassLoader）**：它负责加载Java的扩展类库，默认会加载jre/lib/ext目录下的jar包。\n\n3. **应用程序类加载器（Application ClassLoader）**：也叫系统类加载器，是我们平时用得最多的，它负责加载我们自己写的类，也就是classpath下指定的那些类。\n\n4. **自定义类加载器（Custom ClassLoader）**：有时候我们需要自己实现类加载逻辑，比如从网络加载、热部署等等，这时候就会继承ClassLoader来写自己的加载器。\n\n它们之间有个“双亲委派”机制，意思就是一个类要加载的时候，先交给父类去尝试加载，父类不行才自己来，这样可以保证像Object这种基础类不会被重复加载或者恶意替换。',0,0,0,0,'admin',0,'2025-05-11 13:55:20','2025-05-11 13:59:53',0,NULL),(154,'什么是双亲委派机制','<p>是一个自上而下的类加载器，首先会委托父加载器去加载目标类，如果能找到目标类就加载，找不到就继续委托父加载器，父加载器都加载不了，就自己去加载</p>','双亲委派机制是Java类加载器的一种工作方式，简单来说就是当一个类加载器收到加载类的请求时，它不会自己先去加载这个类，而是先把请求交给它的“爸爸”类加载器去处理。如果爸爸也加载不了，再一层层往下传，直到最底层的类加载器才会真正尝试加载这个类。\n\n这样做的好处是为了保证类的安全性和一致性。比如像`java.lang.Object`这种核心类，不管是谁来加载，最终都会由同一个启动类加载器加载，避免了不同类加载器各自为政、重复加载甚至恶意替换的问题。\n\n举个例子：你写了个自定义类加载器去加载某个类，它会先问爸爸——应用类加载器；应用类加载器又会去找爷爷——扩展类加载器；爷爷再去问太爷爷——启动类加载器。只有当太爷爷说“我没见过这个类”，才会一步步回来，最后才轮到你自己去加载。',0,0,0,0,'admin',0,'2025-05-11 13:55:52','2025-05-11 13:59:59',0,NULL),(155,'为什么要有双亲委派机制','<p>首先自上而下的过程可以避免重复类的加载，可以实现安全机制防止核心类被篡改</p>','双亲委派机制的核心目的是为了保证类加载的安全性和一致性。简单来说，它防止了重复加载类，也避免了恶意代码替换核心类的问题。\n\n比如，当你想加载一个类的时候，先让上层的类加载器去处理，只有当父类加载器找不到这个类时，才轮到自己来加载。这样一来，像 Object 这种核心类始终由最顶层的启动类加载器加载，不会被我们自定义的类加载器替换掉，也就避免了系统类被篡改的风险。\n\n另外，这种机制也让类加载有了层级结构，不同层级的类加载器负责不同的类来源，逻辑清晰又安全。',0,0,0,0,'admin',0,'2025-05-11 13:56:10','2025-05-11 14:00:03',0,NULL),(156,'如何判断对象是否存活','<p>引用计数法: 每个对象都会维护一个计数器，被引用时+1，不被引用-1</p>','判断对象是否存活，主要看它是否还被程序中的其他部分“引用”着。简单来说，如果一个对象还能通过某些路径访问到，比如被变量、集合、静态属性等指向了，那它就是存活的；反之，如果没有任何地方能访问到它了，那就是可以被回收的垃圾。\n\n在 Java 里，常见的方法是通过 GC Roots 去做可达性分析。从这些根节点出发，顺着引用链往下找，能被遍历到的对象就说明还在使用中，没被遍历到的就是不可达的，也就是要被回收的。\n\n举个例子，比如局部变量、静态属性、线程栈里的对象引用，这些都可以作为 GC Roots。只要对象和这些根节点之间没有引用链连通，那这个对象就可以被认为是死亡状态，等着垃圾回收器来清理。',0,0,1,0,'admin',0,'2025-05-11 13:56:45','2025-05-11 14:00:08',0,NULL),(157,'什么情况下类会被卸载','<p>这个类的所有对象的实例被回收了，这个类的对象不能被外部引用了也就是不能通过反射引用了，这个类的加载器被回收了</p>','类在Java中被卸载的情况比较少见，但主要有以下几种情况：\n\n1. **类加载器被回收**：当一个类的ClassLoader被垃圾回收后，这个类才有可能被卸载。因为类对象和类加载器之间有引用关系，只有当类加载器没有被引用时，JVM才可能卸载这个类。\n\n2. **类对象没有任何引用**：如果这个类生成的所有实例对象都已经被GC回收，并且这个类本身也没有被其他地方引用（比如没有被反射使用、没有被JNI引用等），那它就有可能被卸载。\n\n3. **元空间或永久代GC发生**：在HotSpot虚拟机中，JDK8以后类的元信息存放在元空间（Metaspace）中。当元空间发生GC，并且满足上述条件时，类就会被卸载。这通常发生在Full GC阶段。\n\n总结来说，类卸载是一个复杂的过程，依赖于类加载器是否被回收、类和实例是否无引用，以及JVM自身的GC机制。常见于频繁动态加载/卸载类的场景，比如OSGi、热部署工具等。',0,0,1,0,'admin',0,'2025-05-11 13:57:23','2025-05-11 14:00:15',0,NULL),(158,'内存溢出和内存泄露的区别','<p><span style=\"color: rgb(222, 120, 2);\">内存溢出</span>: 内存泄露达到一定程度会导致内存溢出，但是内存溢出也可能是大对象导致的</p><p><span style=\"color: rgb(222, 120, 2);\">内存泄露</span>: 对象无法得到及时回收，到最后持续占用内存空间，造成内存空间的浪费，一般是强引用导致的</p>','内存溢出（Out of Memory）和内存泄漏（Memory Leak）虽然都跟内存有关，但它们是两种不同的问题。\n\n内存溢出指的是程序在申请内存时，没有足够的内存空间可以分配给它了。比如你想要创建一个大数组或者加载一个大文件到内存中，但是系统已经没有多余的内存可用，这时候就会发生内存溢出。这种情况通常是因为你的程序需要的内存超过了JVM（Java虚拟机）或者系统的限制，也可能是堆栈设置太小。简单来说，就是你需要的内存太大，系统给不了。\n\n而内存泄漏是指程序在运行过程中动态分配了内存，但在使用完之后没有及时释放，导致这部分内存一直被占用，不能被再次使用。内存泄漏不会立刻让程序崩溃，但它会逐渐消耗掉越来越多的内存，最终可能导致内存溢出。常见的原因包括对象不再使用了但还被引用着，比如集合类没清理、监听器没注销等。\n\n打个比方，内存溢出就像是你在饭店吃饭，点了一桌菜，结果发现桌子放不下，只能尴尬地端回来；而内存泄漏更像是你吃完饭后不收拾碗筷，下一轮的人就没地方坐了。\n\n所以，内存溢出是结果，内存泄漏是潜在原因之一。解决这些问题的方法也不一样，溢出可能需要调参（比如增大堆内存），而泄漏则要从代码层面找问题，看有没有不必要的对象一直占着内存。',0,0,1,0,'admin',0,'2025-05-11 13:58:09','2025-05-11 14:00:23',0,NULL),(159,'常量池的分类','<p><span style=\"color: rgb(222, 120, 2);\">class常量池</span>: 存放编译期间的字面量以及引用</p><p><span style=\"color: rgb(222, 120, 2);\">运行时常量池</span>: jvm运行期间会将字符串常量池的静态数据加载到运行时数据区的方法区中</p><p><span style=\"color: rgb(222, 120, 2);\">全局常量池</span>: 存放的是字符串的引用值，jvm只有一份</p><p><span style=\"color: rgb(222, 120, 2);\">字符串常量池</span>: 类似于缓存池，会缓存字符串</p>','Java中的常量池主要分为三类：字节码常量池、运行时常量池和字符串常量池。\n\n字节码常量/静态常量池是编译期间生成的，存在于class文件中，包含类或接口中的一些符号引用、常量信息等。比如类的全限定名、方法名、参数类型等。\n\n运行时常量池是在类加载到JVM时从字节码常量池中提取出来的，它是方法区的一部分，可以动态添加常量，比如通过String.intern()方法加入的字符串就会放到这里。\n\n字符串常量池是专门用来存放字符串对象的一块内存区域，在HotSpot虚拟机中它位于元空间（JDK8以后），它的存在是为了提高性能和减少内存开销，当我们用字面量方式创建字符串时，JVM会优先在字符串常量池中查找是否已有相同内容的对象，有的话就直接返回引用，没有的话就新建一个并放入池中。',0,0,1,0,'admin',0,'2025-05-11 13:58:59','2025-05-11 14:00:28',0,NULL),(160,'堆和栈的区别','<p>栈是一种线性的数据结构，后进先出，内存分配方式是自动的，内存分配速度块，栈大小是固定，堆是一种树状的数据结构，内存分配和释放需要手动管理，大小需要动态调整</p>','堆和栈都是程序运行时用来存储数据的内存区域，但它们有几个关键区别：\n\n1. **管理方式不同**  \n栈是由系统自动管理的，函数调用时参数、局部变量等都会压入栈中，函数结束这些内容就会被自动弹出。  \n堆则是由程序员手动申请和释放，比如在C语言中用malloc和free，在C++里用new和delete。\n\n2. **分配效率不同**  \n栈的分配非常快，因为它只需要移动栈顶指针就行；而堆的分配相对慢一些，因为需要动态查找合适的内存块。\n\n3. **空间大小不同**  \n栈的空间比较小，一般是几MB，所以不能在里面放太大的数据（比如大型数组）。  \n堆的空间大得多，可以存放大量数据，但也要注意不要申请太多不释放，不然会导致内存泄漏。\n\n4. **生命周期不同**  \n栈上的变量生命周期短，函数执行完就没了。  \n堆上的数据只有在你主动释放后才会消失，可以在多个函数之间共享。\n\n简单来说：  \n栈适合存生命周期明确、体积小的数据；  \n堆适合存体积大、需要跨函数使用或者运行时动态分配的数据。',0,0,1,0,'admin',0,'2025-05-11 14:00:15','2025-05-11 14:00:35',0,NULL),(161,'redis的优缺点','<p><span style=\"color: rgb(222, 120, 2);\">优点</span>: 速度快基于内存，丰富的数据结构可以适用大部分应用场景，简单易用，支持持久化存储到本地磁盘中</p><p><span style=\"color: rgb(222, 120, 2);\">缺点</span>: 基于内存所以单台内存的大小是有限制的，数据一致性问题数据写入和读取可能会有一定得延时，修改配置文件重启此时redis 不能提供服务</p>','Redis的优点有这么几点：  \n第一，它基于内存操作，读写速度特别快，适合对性能要求高的场景。第二，支持多种数据类型，比如字符串、哈希、列表、集合这些，比简单的键值存储更灵活。第三，它支持持久化功能，可以把内存里的数据保存到磁盘里，避免断电丢数据。第四，还支持主从复制、哨兵模式和集群部署，扩展性强，也能实现高可用。\n\n当然它也有缺点。  \n首先，因为是内存数据库，所以存储容量受内存限制，成本会比较高。其次，数据量大的时候管理起来比较麻烦，像做备份、迁移什么的，复杂度会上升。还有就是Redis的功能虽然多，但有些高级特性配置起来有点复杂，比如集群搭建、数据分片这些，对运维要求挺高的。再一个，它不像关系型数据库那样支持复杂的事务和查询语句，适用范围有一定限制。',0,0,1,0,'admin',0,'2025-05-11 14:02:38','2025-05-11 14:03:00',0,NULL),(162,'redis的数据结构','<p><span style=\"color: rgb(222, 120, 2);\">string字符串</span><span style=\"color: rgb(31, 35, 41);\">: 存储字符串，分布式锁，常用指令:setnx,get,setex</span></p><p><span style=\"color: rgb(222, 120, 2);\">hash哈希</span><span style=\"color: rgb(31, 35, 41);\">: 类似于map，缓存对象，购物车，常用指令:hset,hget </span></p><p><span style=\"color: rgb(222, 120, 2);\">list列表</span><span style=\"color: rgb(31, 35, 41);\">: 有序可重复的集合，队列，常用指令:lpush,lpop,rpush</span></p><p><span style=\"color: rgb(222, 120, 2);\">set集合</span><span style=\"color: rgb(31, 35, 41);\">: 无序不可重复的集合，抽奖，点赞，共同关注，常用指令:sadd,srem</span></p><p><span style=\"color: rgb(222, 120, 2);\">zset有序集合</span><span style=\"color: rgb(31, 35, 41);\">: 有序不可重复的集合，排行版，zadd,zrem,zsore</span></p><p><span style=\"color: rgb(222, 120, 2);\">bitmap位图</span>: 二进制的存储，签到，月活跃</p><p><span style=\"color: rgb(222, 120, 2);\">geo</span>: 存储地理位置信息可以算出经纬度</p>','Redis 常用的数据结构有这么几种：  \n最常用的是 String，就是简单的键值对，存个数字或者字符串都可以。然后是 Hash，适合存对象，比如用户信息啊，结构清晰又节省内存。  \n还有 List，是个双向链表，可以用来做消息队列或者最近浏览记录这种有序的场景。Set 是无序不重复的集合，可以用来去重、抽奖这种逻辑。  \nZSet（Sorted Set）也叫有序集合，比 Set 多了个分值排序的功能，像排行榜这种按分数排就能用它。  \n还有一些像是 Bitmap、HyperLogLog、Stream 这些更偏门点的结构，根据具体业务场景用。总的来说 Redis 的数据结构还是挺丰富的，能应对很多不同情况的需求。',0,0,1,0,'admin',0,'2025-05-11 14:03:21','2025-05-11 14:03:27',0,NULL),(163,'讲一下布隆过滤器','<p>布隆过滤器是基于bitmap实现的，主要用于粗略的的数据过滤，在添加元素的时候根据hash运算得到对应的bit位，将该位置置为1表示可能存在，0表示一定不存在</p>','布隆过滤器其实就是一个用来快速判断一个元素在不在一个集合里的数据结构，它特别快也特别省空间，但有个小缺点就是可能会误判，比如告诉你某个元素存在，其实它可能不存在，但它如果说不存在，那肯定是真的不存在。\n\n它的原理说白了就是用一个很长的二进制数组（也就是位数组）和多个不同的哈希函数。当你往里面添加元素的时候，会用这几个哈希函数对这个元素做运算，得到几个位置，然后把对应的位置都标记成1。等你去查有没有这个元素的时候，也是用同样的哈希函数算出几个位置，只要这几个位置上全都是1，它就认为这个元素可能存在；如果其中任何一个位置是0，那就说明肯定不存在。\n\n举个例子，比如你正在做一个网站，想防止用户重复注册，但用户量太大，每次都去数据库查有没有重名太慢了。这时候你就可以用布隆过滤器先做个初步筛查，能快速排除掉明显不存在的名字，剩下的再走数据库确认，这样效率就很高。\n\n当然它也有缺点，一个是刚刚说的会有误判，另一个就是不太好删除元素，因为多个元素可能影响的是同一个位置，直接清0可能会把别的元素也影响到了。\n\n总的来说，布隆过滤器适合那种允许少量误判、但追求高效查询和节省内存的场景。',0,0,1,0,'admin',0,'2025-05-11 14:03:58','2025-05-11 14:04:09',0,NULL),(164,'redis为什么这么快','<p>基于内存的读写操作，没有磁盘io性能，单线程的避免了多线程的竞争以及上下文切换的开销</p>','Redis 快的原因主要有几个点，说白了就是“能少干就少干、能不等就不等”。\n\n第一，它数据存在内存里，不是硬盘，这就跟用锅炒菜和用烤箱焖菜的区别一样，内存读写快太多了。\n\n第二，它是单线程的，听着好像落后，其实好处是省去了多线程切换和锁竞争的开销，简单直接，不怕打架，效率高。\n\n第三，它用的是I/O多路复用模型，就是一个线程管一堆连接，谁有动作就处理谁，不用一个个等，响应特别快。\n\n第四，数据结构设计也很讲究，像字符串、哈希、集合这些结构都做了内存和性能上的优化，查得快、存得也快。\n\n所以综合下来，Redis就是在“少折腾”的前提下把速度拉满了。',0,0,1,0,'admin',0,'2025-05-11 14:04:18','2025-05-11 14:04:24',0,NULL),(165,'redis为什么要引入多线程','<p>主要想发挥多核处理器的性能，现在这个版本redis 新增了一个新的后台线程用来异步释放内存，但是指令的执行依旧采用的是单线程</p>','Redis 引入多线程主要是为了提升网络 I/O 的处理能力。虽然 Redis 的核心数据操作还是单线程的，避免了多线程竞争资源的问题，但在处理客户端请求时，尤其是高并发场景下，网络读写会成为瓶颈。通过引入多线程来处理网络连接、读取和写回数据，可以让 Redis 更高效地利用现代多核 CPU 的性能，从而提高整体吞吐量。简单来说，就是把“等数据”的时间和“处理数据”的时间分开，让系统跑得更快。',0,0,1,0,'admin',0,'2025-05-11 14:04:44','2025-05-11 14:04:49',0,NULL),(166,'什么是io多路复用','<p>redis在跑命令的时候，所有操作都是按照顺序线性执行的，并且读写操作等待用户输入和输出是阻塞的，整个进程无法对其他客户服务，同步的io模型允许单线程去同时监听多个文件描述符，一旦描述符就绪就会通知程序去处理</p>','IO多路复用就是一种让一个线程能同时处理多个网络连接的技术。简单来说，它就像是一个服务员，可以同时盯着很多桌子，哪张桌子要点菜了他就过去处理一下，而不是每个桌子都配一个服务员。这样一来，效率就高多了。常见的实现方式有select、poll和epoll这些系统调用，它们可以让程序监听多个文件描述符，一旦某个描述符就绪（比如有数据可读或者可写），就会通知你去处理，这样就能用更少的资源搞定更多的事。',0,0,1,0,'admin',0,'2025-05-11 14:05:21','2025-05-11 14:05:26',0,NULL),(167,'redis持久化有哪几种方式','<p><span style=\"color: rgb(222, 120, 2);\">rdb快照</span>: 通过快照进行持久化通过触发条件将内存中的数据写入到rdb文件中，写入的时候发生故障会丢失数据</p><p><span style=\"color: rgb(222, 120, 2);\">aof日志</span>: 一种接近实时的方式，每次的执行命令都会写入到aof文件中，消耗空间，性能略差</p>','Redis 有三种主要的持久化方式：\n\n1. **RDB（快照模式）**：在指定的时间间隔内，将内存中的数据以快照的形式保存到磁盘。比如每隔一段时间生成一个数据快照，适合做备份和恢复，速度快，但可能会丢失最后一次快照之后的数据。\n\n2. **AOF（追加日志文件）**：把每一个写命令都追加到磁盘的日志文件中，数据更安全，支持多种同步策略，比如每秒同步、每次写入都同步等，但文件体积会比 RDB 大一些，恢复速度也慢一点。\n\n3. **混合持久化（4.0之后支持）**：结合了 RDB 和 AOF 的优点，使用 RDB 做全量备份，AOF 记录增量操作，兼顾了性能和安全性，是目前推荐的方式。',0,0,1,0,'admin',0,'2025-05-11 14:06:00','2025-05-11 14:06:06',0,NULL),(168,'redis主从同步的原理','<p>从节点会向主节点发送同步指令，主节点对于首次连接会开启bgsave子线程将内存中的全局数据生成rdb文件，持久化过程中，如果从节点有新的命令会缓存起来，持久化结束后，主节点会将rdb文件同步给每个从节点，存在网络波动会重连，恢复之后会继续同步</p>','Redis主从同步的原理其实挺有意思的，简单来说就是让一个Redis服务器（也就是从节点）去复制另一个Redis服务器（主节点）的数据。刚开始的时候，从节点会发一个SYNC命令给主节点，主节点收到之后就会开始做一次快照备份，也就是RDB持久化，生成一个dump.rdb文件。\n\n然后主节点会把这份数据发给从节点，从节点拿到之后先把本地的数据清空，再加载这个rdb文件，这样就完成了初始化阶段的数据同步。不过这个时候可能主节点又有了新的写操作，所以主节点在发送完rdb之后，还会把自己后续的写命令源源不断地发给从节点，从节点一边接收一边执行这些命令，就能保证两边数据是一致的了。\n\n这个过程是异步的，所以叫主从异步复制，优点是性能好，不会因为网络波动或者从节点处理慢影响主节点。但缺点也在这里，如果网络断了或者从节点宕机了，中间可能会丢一些数据。后来Redis还加了个PSYNC命令，支持部分重同步，就是说如果从节点重启了或者连接断开了，只要满足一定条件，就可以只同步断开期间的那一部分数据，不用每次都全量同步，效率更高。\n\n总的来说，主从同步就是靠RDB快照 + 命令追加的方式来实现的，主要是为了做读写分离、数据备份或者故障转移用的。',0,0,1,0,'admin',0,'2025-05-11 14:06:31','2025-05-11 14:06:42',0,NULL),(169,'redis怎么实现高可用','<p>主从模式: 主节点负责读写，从节点负责读</p><p>哨兵模式: 故障转移</p><p>集群模式: 多主多从组成的，可以自我选主，故障转移工作</p>','Redis 实现高可用主要是通过主从复制 + 哨兵模式或者 Cluster 集群的方式来实现，下面我简单说下它们是怎么工作的：\n\n首先，主从复制就是一主多从的结构，主节点处理写请求，然后把数据同步给从节点，这样从节点就有和主节点一样的数据。读请求可以走从节点，分担主节点压力，也提高了读的可用性。\n\n但光有主从还不行，如果主节点挂了，整个系统就写不了了。这时候就需要哨兵机制来解决这个问题。哨兵是一个独立的进程，它会监控主节点的状态，一旦发现主节点挂了，就会从现有的从节点中选出一个作为新的主节点，并通知其他从节点去同步新主节点的数据，实现故障自动转移。\n\n而 Redis Cluster 是另外一种方式，它把数据按照哈希槽（slot）的方式分布到多个节点上，每个节点负责一部分数据。Cluster 本身自带去中心化的节点管理机制，支持节点之间的通信、数据迁移和故障转移，不需要额外部署哨兵，扩展性更好。\n\n总的来说，主从+哨兵适合中小规模部署，Redis Cluster 更适合大规模分布式场景。两种方式都能有效提升 Redis 的高可用性。',0,0,1,0,'admin',0,'2025-05-11 14:06:58','2025-05-11 14:07:07',0,NULL),(170,'哨兵选主的过程','<p>每个哨兵节点每秒都会ping一下主节点，如果ping不通，主节点就会被标记为主观下线，如果过半以上的节点都认为主节点主观下线，那么主节点变为客观下线，</p>','哨兵选主的过程其实可以理解为一个民主选举的流程，主要目的是在 Redis 主节点挂掉的时候，快速选出一个新的主节点来顶上。我简单说一下过程：\n\n1. **故障发现**：首先，某个哨兵发现主节点已经连不上了，可能是超时、断开这些情况。但这时候它不会立马开始选主，而是先和其他哨兵“商量”一下，确认是不是真的挂了，不是误判。\n\n2. **发起选举**：当多数哨兵都认同这个主确实挂了，就会开始进入选主阶段。其中一个哨兵会主动站出来，说自己要当“领头哨兵”，负责组织这次选举。这一步也是需要其他哨兵投票支持的，得票过半才能当领导。\n\n3. **选哪个从节点**：一旦选主流程正式启动，哨兵们会根据一系列规则从当前存活的从节点中挑出一个最合适的作为新主。这个挑选标准主要包括：\n   - 优先级高的从节点优先（可以通过配置设置）\n   - 复制偏移量越大的越好（说明数据越新）\n   - 运行ID更小的优先（这个是随机的，但总得有个标准）\n\n4. **完成切换**：选好之后，哨兵就把那个从节点提拔成新的主节点，并通知其他从节点去复制这个新主。同时也会通知客户端更新连接地址。\n\n整个过程就是靠哨兵之间不断通信协调完成的，保证即使有部分哨兵挂掉也能正常工作，只要大多数哨兵还在线就行。',0,0,1,0,'admin',0,'2025-05-11 14:07:26','2025-05-11 14:07:37',0,NULL),(171,'主从选举的脑裂问题','<p>主从切换后，新的主节点会先从原主节点全量同步数据，同步完成后会清空原主节点数据，加载新主节点发来的rdb文件，主从切换期间产生的数据，导致数据混乱，对于脑裂问题可以采用过半选举机制，在选举新主节点时，必须获得超过半数的节点的支持，才能确保选举出的主节点是合法的。</p>','主从选举中的脑裂问题，其实就是分布式系统里最怕出现的一种情况：多个节点都认为自己是主节点，各自为政，互不承认。这会导致数据混乱、写入冲突，甚至服务不可用。\n\n为什么会脑裂呢？最常见的原因是网络分区。比如原本三个节点组成一个集群，突然网络断了，变成两个小分区，这时候每个分区里的节点都可能选出自己的主节点。\n\n怎么解决脑裂？\n\n1. **多数派机制**：比如 Raft 或 Paxos，要求当选主必须获得超过半数节点的支持。这样即使网络分区，只有一个分区能选出主，其他分区因为票不够就选不出来。\n2. **心跳+超时重试机制**：从节点定期检查主节点是否存活，如果主挂了，发起重新选举；同时主节点也要发心跳维持权威。\n3. **引入仲裁节点（Quorum）**：有些系统会专门加几个不存数据的仲裁节点，只参与投票，防止因节点数量少导致脑裂。\n4. **设置优先级和权重**：某些节点在选举时有更高的优先级，优先让它当主，降低多个节点同时当选的概率。\n5. **使用租约机制**：主节点获取一个“租约”，在租约有效期内其他节点不能发起选举，过期后才允许重新选。\n\n举个例子，像 Redis 哨兵模式中，哨兵之间通过 Gossip 协议通信，一旦发现主节点失联，就会发起投票，只有拿到大多数票的哨兵才能选出新主，避免脑裂。\n\n总之，核心思路就是：确保任何时候只能有一个主节点被合法选出。',0,0,1,0,'admin',0,'2025-05-11 14:08:07','2025-05-11 14:08:18',0,NULL),(172,'缓存雪崩，缓存击穿，缓存穿透','<p><span style=\"color: rgb(222, 120, 2);\">缓存雪崩</span>: 就是由于大量的key在同一时间失效了，导致流量直接打到数据库，导致数据库挂了。</p><p>将key的过期时间设置随机值，避免同一时间过期</p><p><span style=\"color: rgb(222, 120, 2);\">缓存击穿</span>: 就是大量用户访问某一个key，这个key刚好失效，导致流量直接打到数据库中，导致数据库挂了。</p><p>设置热点数据永不过期</p><p>加互斥锁</p><p><span style=\"color: rgb(222, 120, 2);\">缓存穿透</span>: 就是用户频繁访问缓存以及数据库中不存在的数据</p><p>接口层进行检验</p><p>缓存空值</p><p>使用布隆过滤器</p>','好的，这三个问题都是缓存使用中常见的问题，我来分别说一下我的理解：\n\n**缓存雪崩**，指的是大量缓存在同一时间失效，导致所有请求都打到数据库上，可能把数据库压垮。比如像双十一这种场景，如果缓存过期时间统一设置成一样的，就容易出问题。解决办法一般是给缓存的过期时间加一个随机值，错峰过期；或者做高可用，比如集群部署、降级熔断这些手段。\n\n**缓存击穿**，是指某个热点数据缓存失效了，突然有大量请求访问这个数据，直接打到数据库上。比如说微博上某个明星突然上热搜，这时候如果缓存过期了，就会造成击穿。解决方法的话，一个是设置热点数据永不过期，另一个是加互斥锁，控制只有一个线程去加载数据，其他线程等待。\n\n**缓存穿透**，说的是查询一个既不在缓存也不在数据库的数据，比如恶意攻击者频繁查一个不存在的ID，每次都会穿透到数据库。这会导致系统压力大甚至崩溃。解决办法一般会用布隆过滤器拦截掉非法请求，或者对于查询结果为空的情况也缓存一段时间，避免重复查询数据库。\n\n总的来说，这三个问题的核心思想都是：防止缓存异常情况下大量请求冲击数据库，要通过各种策略把压力挡在数据库之前。',0,0,1,0,'admin',0,'2025-05-11 14:08:49','2025-05-11 14:08:58',0,NULL),(173,'过期键的删除策略','<p><span style=\"color: rgb(222, 120, 2);\">惰性删除</span>: 在访问一个key的时候会检查这个key是否过期，已过期就会删除，可以节省cpu资源，但是占用内存高，因为大量的key有可能不在访问了</p><p><span style=\"color: rgb(222, 120, 2);\">定期删除</span>: 每隔一段时间会扫描一定数据过期的key，然后清除，可以有效的平衡cpu资源以及内存资源</p><p><span style=\"color: rgb(222, 120, 2);\">强制删除</span>: 当已使用内存超过redis最大允许内存，会触发内存淘汰策略</p>','哎呀这道题我之前专门看过，来跟你聊聊我的理解哈。Redis处理过期键的删除策略其实挺巧妙的，它不是简单的定时检查然后删掉过期键这么简单。\n\n我记得主要有两种基本策略，一个是惰性删除，就是说当有人要访问一个键的时候，Redis先看看这个键是不是已经过期了，要是过期了就直接删掉，这样就不会返回过期数据。这种办法实现起来简单，也不会占用太多额外资源，但有个问题就是如果一个键已经过期了但是没人访问它，那它就会一直占着内存不释放。\n\n另一个是定期删除，Redis会周期性地随机抽查一些设置了过期时间的键，检查它们是否过期，过期了就删掉。这样可以主动清理掉一部分过期的数据，但因为每次都是抽查，不能保证所有过期键都能及时被删掉。这两个策略其实是配合使用的，取长补短。\n\n还有一种情况，就是用到了分布式集群的情况下，主从节点对过期键的处理也会不一样。从节点一般不会主动去删过期键，而是等着主节点处理完之后把删除命令同步过来，这样能保持数据一致性。\n\n我记得之前还看到过Redis是怎么具体执行定期删除的，每次会随机选一批设置了过期时间的键，然后逐个检查，为了防止一次处理太多影响性能，还会控制频率和数量。不过具体参数设置我还记得不太清楚了...',0,0,1,0,'admin',0,'2025-05-11 14:09:12','2025-05-11 14:09:23',0,NULL),(174,'缓存降级是啥','<p>缓存失效或者服务器宕机，不访问数据库，直接访问内存数据</p>','缓存降级，说白了就是当我们的缓存系统出问题的时候（比如Redis挂了或者访问超时），为了不让整个系统瘫痪，就临时切换到一种“低配版”的数据获取方式。比如说直接查数据库，哪怕慢一点，至少还能撑着不崩。  \n\n这种做法一般用在高并发的场景下，比如秒杀、大促这种时候，缓存一崩，数据库扛不住啊，那怎么办？我们就提前准备一些策略，比如发现缓存不可用之后，就去查数据库，但可能会限制访问频率，或者返回一些默认值，或者是只给部分用户继续服务，保证核心功能还能跑得动。  \n\n简单来说，缓存降级就是缓存不能用了，咱们退一步用更原始但更稳的方式顶上，宁可慢一点、体验差一点，也别让系统直接挂掉。',0,0,1,0,'admin',0,'2025-05-11 14:09:39','2025-05-11 14:09:46',0,NULL),(175,'redis支持并发操作嘛','<p>单个命令是支持原子性的，这意味着这个命令要么完全执行成功，要么都不执行</p><p>多个命令可以通过事务来保证和lua脚本保证</p>','Redis 是支持并发操作的，它本身是单线程处理客户端请求的，但这个单线程模型指的是处理命令的执行是串行的，不会出现多个命令同时执行的情况。也就是说，每个请求进来 Redis 都是一个一个顺序处理的，这样也避免了多线程下的锁竞争问题。\n\n但在实际使用中，Redis 能够通过 I/O 多路复用技术来实现高并发的网络通信，比如可以同时监听多个客户端的连接和读写事件。所以虽然命令是串行执行的，但整体在处理大量并发连接时依然非常高效。\n\n另外，从 Redis 6.0 开始，还引入了多线程机制，主要是用于处理网络 I/O 的读写操作，进一步提升了并发能力。不过命令的执行依然是由主线程串行处理的。\n\n总结来说，Redis 在命令执行层面是单线程、顺序处理的，但通过 I/O 多路复用和后续版本的多线程优化，它确实能很好地支持高并发场景。',0,0,1,0,'admin',0,'2025-05-11 14:10:24','2025-05-11 14:10:32',0,NULL),(176,'redis分布式锁','<p>分布式锁是用于分布式环境下并发控制的一种机制，用于控制某个资源在同一时刻只能被一个应用所使用</p>','好的，我来说下我对Redis分布式锁的理解哈。\n\n首先，分布式锁嘛，主要是用来在分布式的系统中，控制多个服务节点对共享资源的访问。Redis因为本身是单线程处理命令，而且性能好、支持原子操作，所以很适合用来做分布式锁。\n\n实现的话，最简单的方式就是用`SET key value NX PX timeout`这个命令。NX保证只有第一个客户端能设置成功，相当于加锁；PX是设置一个自动过期时间，防止程序挂掉之后锁一直不释放造成死锁。value一般会设置成一个唯一标识，比如UUID，这样释放锁的时候可以判断是不是自己加的锁。\n\n但实际使用中还会有一些问题，比如锁续期的问题。这时候可以用Redlock算法，或者借助Redisson这种封装好的库来处理。Redisson底层用了Lua脚本保证操作的原子性，还提供了看门狗机制，自动给锁续期，避免业务还没执行完锁就过期了。\n\n当然也要考虑一些极端情况，比如网络分区、主从切换导致锁丢失的问题。如果对一致性要求特别高，可能需要结合其他组件（比如ZooKeeper）来做补充，但大多数场景下Redis分布式锁已经够用了。\n\n总的来说，核心点就是：互斥、防死锁、可重入（视需求）、安全性（只能删自己的锁）、自动过期这些方面。',0,0,1,0,'admin',0,'2025-05-11 14:10:46','2025-05-12 11:19:44',0,NULL),(177,'redis的大key问题','<p>指的是某一个key的value值所占的空间内存大于1m，导致了redis的性能下降，内存不足，数据不均衡，以及主从同步延迟等问题</p><p>对大key进行拆分</p><p>对大key进行清理</p><p>对过期数据进行定期清理</p>','Redis的大Key问题主要是指某些Key对应的Value特别大，比如一个Hash里存了几百万条数据，或者一个String值有上百MB甚至更大。这种情况下会带来几个明显的问题：\n\n第一是网络传输压力大，每次查询或修改这个Key都会占用大量带宽，容易把网络打满。第二是操作延迟高，访问或修改这个大Key时，Redis是单线程处理命令，会导致后续请求排队，整个服务变慢。第三是内存分布不均，如果一个实例里有很多大Key，容易造成内存使用不均衡，影响集群扩容和负载均衡。\n\n解决办法有几个常见的思路：一是拆分，把一个大Key拆成多个小Key，比如用Hash槽的方式分散存储。二是压缩，对于字符串类型的数据可以考虑用Gzip之类的压缩算法减少体积。三是换结构，比如原本用一个List存大量数据，可以换成用Ziplist或者Skiplist这类更节省空间的结构。四是业务层优化，看看是不是真的需要一次加载全部数据，能不能做分页、缓存部分结果或者按需加载。\n\n实际中遇到大Key建议定期扫描，可以用Redis自带的`redis-cli --bigkeys`命令找出潜在问题点，及时做处理。',0,0,1,0,'admin',0,'2025-05-11 14:11:19','2025-05-11 14:21:43',0,NULL),(178,'如何保证redis和mysql的数据缓存一致性','<p>缓存是通过牺牲强一致性而提升性能，在查询的时候缓存未命中，会从数据库加载到缓存中，对于写数据的时候，我会先更新数据库，再删除缓存</p><p>可以使用消息队列来保证最终一致性，</p>','这个问题在实际开发中很常见，解决的核心思路就是根据业务场景选择合适的策略，保证数据最终一致性。常见的做法有几种：\n\n1. **先更新数据库，再更新缓存**  \n这种方式比较简单，每次数据变更都先写MySQL，再同步更新Redis。但存在一个问题：如果中间某个步骤失败了，可能会导致缓存和数据库不一致。\n\n2. **先删缓存，再更新数据库（推荐用在读多写少的场景）**  \n比如用户修改数据时，先把Redis里的缓存删掉，下次查询的时候发现缓存没有，就会去查MySQL，并重新把最新数据加载到缓存里。这样能减少脏读概率。\n\n3. **延时双删**  \n这个是在第二种的基础上加了一个小延迟，在删除缓存之后，等一会儿再删一次，防止在删除数据库后、缓存还没更新这段时间里有请求进来读到旧数据。\n\n4. **通过MQ异步更新**  \n比如用RabbitMQ或Kafka把MySQL的更新操作发到消息队列，由消费者来更新Redis。这种方式可以降低系统耦合度，但会有一点延迟，适合对实时性要求不是特别高的场景。\n\n5. **使用Canal订阅binlog日志自动同步数据**  \n这种是偏技术方案，通过监听MySQL的binlog日志，感知数据变化，然后自动更新Redis。优点是可以做到数据准实时同步，缺点是架构复杂度高一些。\n\n总的来说，没有绝对完美的方案，要根据业务对一致性的要求、性能压力、以及团队的技术栈来做权衡。一般中小项目用“先删缓存，再更新数据库 + 缓存失效时间”就已经够用了。',0,0,1,0,'admin',0,'2025-05-11 14:11:49','2025-05-11 14:20:56',0,NULL),(179,'如何设计秒杀场景处理高并发和超卖问题','<p><span style=\"color: rgb(222, 120, 2);\">在数据库层面解决</span>: 在数据库加锁，性能不是太好</p><p><span style=\"color: rgb(222, 120, 2);\">利用分布式锁</span>: 同一时间内只能有一个客户端拿到锁，其他客户端会陷入无限的等待来尝试获取锁，没法处理同一个商品的大量下单情况</p><p><span style=\"color: rgb(222, 120, 2);\">乐观锁</span>: 给商品库存一个版本号，查询库存的时候会把版本号读取出来，当线程去执行修改库存的时候，会先判断数据库当前的版本号是否刚刚读取出来的版本号</p>','好的，我来聊聊我的思路。首先，做秒杀系统最关键的就是控制并发和防止超卖。那咱们就从几个关键点入手：\n\n1. **限流**：最直接的方式就是限流，比如用Nginx或者Redis做令牌桶/漏桶算法，限制单位时间内请求的数量，避免服务器扛不住。\n\n2. **缓存预减库存**：在用户下单之前，先去Redis里查库存，有库存才继续操作。这里Redis可以用原子操作（比如decr）来预减库存，这样就不会出现多线程下超卖的问题。\n\n3. **队列异步处理**：真正的下单操作可以放到消息队列里异步处理，比如RabbitMQ或Kafka，这样把请求“压平”，减轻数据库压力，也保证了最终一致性。\n\n4. **数据库层面防超卖**：即使前面都做了，数据库层也要加保险，比如用乐观锁（version字段）或者库存字段做判断，插入订单前再检查一下库存是否足够。\n\n5. **热点数据隔离+分片**：如果商品特别热门，可以对库存做分片，比如按用户ID哈希分到不同的库存池，减少单点竞争。\n\n6. **分布式锁**：对于一些核心的扣库存逻辑，也可以加Redis分布式锁，控制同一时间只有一个线程处理库存操作。\n\n7. **页面静态化+CDN加速**：前端资源尽量静态化，配合CDN，减少后端压力。\n\n总的来说，就是层层拦截、逐级过滤，把大部分请求挡在离数据库更远的地方，同时保障不超卖、少排队、高并发能扛住。',0,0,1,0,'admin',0,'2025-05-11 14:13:02','2025-05-11 14:20:44',0,NULL),(180,'rabbitmq的工作队列模式','<p><span style=\"color: rgb(222, 120, 2);\">简单模式</span>: 就是一个消费者一个生产者</p><p><span style=\"color: rgb(222, 120, 2);\">工作队列模式</span>: 一个生产者对应多个消费者</p><p><span style=\"color: rgb(222, 120, 2);\">发布和订阅者模式</span>: 生产者广播消息给多个消费者</p><p><span style=\"color: rgb(222, 120, 2);\">路由模式</span>: 生产者通过某个key 传输给对应的消费者</p><p><span style=\"color: rgb(222, 120, 2);\">主题模式</span>: 跟路由模式一样，匹配规则更多</p>','工作队列模式呢，其实就是多个消费者监听同一个队列。当有消息进来时，RabbitMQ会把消息分给其中的一个消费者去处理，而不是所有消费者都收到同样的消息。这种方式特别适合用来分担任务，比如有很多耗时的任务需要处理，可以通过增加消费者来提高效率。每个任务只会被一个消费者执行，避免重复处理。这种模式下，任务分配是轮询的，默认情况下大家机会均等，但也可以通过配置让某些消费者优先处理更多任务。',0,0,1,0,'admin',0,'2025-05-12 12:47:38','2025-05-12 12:53:17',0,NULL),(181,'死信队列和延迟队列','<p><span style=\"color: rgb(222, 120, 2);\">死信队列</span>: 当队列中的消息达到限制，或者消息被拒绝以及消息超过存活时间为死消息</p><p><span style=\"color: rgb(222, 120, 2);\">延迟队列</span>: 给消息队列设置消息的过期时间</p>','死信队列和延迟队列其实是两个不同但有点关联的概念，我来简单说一下它们各自的作用和使用场景。\n\n先说**死信队列（DLQ）**。你可以把它理解成一个“问题消息的收容所”。当一条消息在正常队列里被反复消费失败（比如超过最大重试次数），或者因为格式错误、处理异常等原因无法继续处理，它就会被丢到死信队列里。这样做的好处是防止这条消息一直卡在原来的队列里影响其他消息的处理。开发人员可以定期查看死信队列里的消息，排查问题原因，手动干预处理。\n\n然后是**延迟队列（Delay Queue）**。顾名思义，这种队列的消息不会立刻被消费，而是要等一段时间之后才能被消费者取走。比如你下了一个订单，如果用户30分钟没付款，你想触发一个自动取消订单的操作，就可以用延迟队列。消息发进去后设置延迟时间，到了时间点才会被拉出来处理。\n\n有些消息中间件对这两个功能支持不一样，比如RabbitMQ本身不直接支持延迟队列，可以通过插件或者结合TTL+死信队列实现；而Kafka一般通过时间轮算法或定时任务轮询实现延迟效果。死信队列则更多是一种机制设计，很多MQ系统都支持。\n\n总的来说，死信队列是为了解决消息处理失败的问题，延迟队列是控制消息被消费的时间点。两者有时候也会一起配合使用。',0,0,0,0,'admin',0,'2025-05-12 12:48:47','2025-05-12 12:48:57',0,NULL),(182,'如何处理消息堆积','<p>生产端保证生产速度和消费速度基本持平</p><p>消费端单机消费的速度是相对慢的可以增加多个消费者</p><p>服务端提升服务器的配置增加吞吐量</p>','消息堆积这个问题挺常见的，我一般会从几个方向来处理：\n\n首先得排查为啥会堆积，是生产端发得太快，还是消费端处理不过来？如果是生产端的问题，可以考虑限流，控制一下发送速度。如果是消费端的问题，那就得看看是不是处理逻辑太慢或者有阻塞，优化代码、加线程、异步处理这些常规操作都可以试试。\n\n再一个就是资源问题，比如Broker的性能不够，或者网络带宽不足，这时候可能需要升级配置或者扩容集群。如果是Topic分区太少，也可以考虑增加分区，提升并发能力。\n\n还有一个办法就是削峰填谷，用消息队列本身的缓冲能力，先把消息存起来慢慢处理。如果业务允许的话，还可以临时降级，先处理关键消息，不重要的延迟处理甚至丢弃。\n\n最后就是监控和告警要做起来，提前发现瓶颈，别等到系统扛不住了才反应。\n\n总的来说，得具体情况具体分析，结合日志、监控数据一步步定位问题，再根据实际环境去调整策略。',0,0,1,0,'admin',0,'2025-05-12 12:50:31','2025-05-12 12:50:38',0,NULL),(183,'如何保证消息不丢失','<p>消息丢失主要发生在生产端到交换机持久化然后到消费者端</p><p><span style=\"color: rgb(222, 120, 2);\">生产端到broker端</span>: 不丢失可以使用同步确认就是需要等待broker确认后才能继续发，批量同步需要等待一批信息被broker确认，异步确认生产者可以通过回调的方式来确认消息</p><p><span style=\"color: rgb(222, 120, 2);\">broker端持久化</span>: 镜像集群的模式，开启后节点间会主动的同步数据，这样造成数据的丢失可能就低</p><p><span style=\"color: rgb(222, 120, 2);\">broker端到消费者端</span>: 自动应答消息过来消费者会自动接收信息，例如业务异常会多次进行重试</p>','消息不丢失的关键在于整个链路环节都要做好保障，我一般从三个阶段来说：\n\n1. **生产端**：一定开启确认机制，比如Kafka的ack，RabbitMQ的confirm模式，确保消息发出去了能知道有没有成功。如果没回执，就重试或者记录日志报警。\n\n2. **中间存储**：Broker这边要持久化，比如把消息写入磁盘而不是只在内存里，同时可以配合副本机制，防止机器挂了数据丢了。像Kafka默认会把消息落盘，还支持分区多副本，RabbitMQ也支持镜像队列。\n\n3. **消费端**：不要自动提交offset，要在业务处理完成后再手动提交，否则可能消息被标为已消费但实际没处理成功。还可以加个本地事务表或者记录日志，失败的时候做补偿。\n\n其实很多时候还需要结合重试、监控告警、死信队列这些机制一起用，保证全链路可控。不同的消息系统具体实现方式可能不一样，但思路基本一致。',0,0,1,0,'admin',0,'2025-05-12 12:52:39','2025-05-12 12:52:51',0,NULL);
/*!40000 ALTER TABLE `topic` ENABLE KEYS */;
UNLOCK TABLES;

--
-- Table structure for table `topic_category`
--

DROP TABLE IF EXISTS `topic_category`;
/*!40101 SET @saved_cs_client     = @@character_set_client */;
/*!50503 SET character_set_client = utf8mb4 */;
CREATE TABLE `topic_category` (
  `id` bigint NOT NULL AUTO_INCREMENT COMMENT '分类id',
  `category_name` varchar(20) CHARACTER SET utf8 COLLATE utf8_bin DEFAULT NULL COMMENT '分类名称',
  `create_time` timestamp NULL DEFAULT CURRENT_TIMESTAMP COMMENT '创建时间',
  `update_time` timestamp NULL DEFAULT CURRENT_TIMESTAMP COMMENT '更新时间',
  `status` tinyint DEFAULT '2' COMMENT '0正常 1停用 2待审核 3审核失败 ',
  `create_by` varchar(30) CHARACTER SET utf8 COLLATE utf8_bin DEFAULT NULL COMMENT '创建人',
  `is_deleted` tinyint DEFAULT '0',
  `subject_count` bigint DEFAULT '0' COMMENT '专题数量',
  `fail_msg` varchar(100) CHARACTER SET utf8 COLLATE utf8_bin DEFAULT NULL COMMENT '失败原因',
  PRIMARY KEY (`id`),
  UNIQUE KEY `category_name` (`category_name`)
) ENGINE=InnoDB AUTO_INCREMENT=57 DEFAULT CHARSET=utf8mb3 COLLATE=utf8_bin COMMENT='题目分类表';
/*!40101 SET character_set_client = @saved_cs_client */;

--
-- Dumping data for table `topic_category`
--

LOCK TABLES `topic_category` WRITE;
/*!40000 ALTER TABLE `topic_category` DISABLE KEYS */;
INSERT INTO `topic_category` VALUES (47,'数据库','2025-05-08 11:17:23','2025-05-11 14:01:54',0,'admin',0,2,NULL),(48,'12312311','2025-05-08 11:17:30','2025-05-08 11:17:34',0,'admin',1,0,''),(49,'成色如','2025-05-08 11:18:19','2025-05-08 11:18:18',0,'admin',1,0,NULL),(50,'123123','2025-05-08 11:18:19','2025-05-08 11:18:18',0,'admin',1,0,NULL),(51,'后端','2025-05-08 11:23:04','2025-05-11 13:52:28',0,'admin',0,5,NULL),(52,'前端','2025-05-08 11:30:07','2025-05-10 13:47:23',0,'admin',0,0,NULL),(54,'前端开发','2025-05-08 11:49:28','2025-05-08 11:49:29',0,'HaoMember',0,0,''),(55,'Java色色','2025-05-08 11:49:44','2025-05-08 11:49:46',3,'HaoMember',0,0,'名称包含可能引发误解的词语，不符合公序良俗'),(56,'后端框架','2025-05-10 13:47:53','2025-05-12 12:46:14',0,'admin',0,5,NULL);
/*!40000 ALTER TABLE `topic_category` ENABLE KEYS */;
UNLOCK TABLES;

--
-- Table structure for table `topic_category_subject`
--

DROP TABLE IF EXISTS `topic_category_subject`;
/*!40101 SET @saved_cs_client     = @@character_set_client */;
/*!50503 SET character_set_client = utf8mb4 */;
CREATE TABLE `topic_category_subject` (
  `id` bigint NOT NULL AUTO_INCREMENT COMMENT 'id',
  `category_id` bigint NOT NULL COMMENT '分类id',
  `subject_id` bigint NOT NULL COMMENT '专题id',
  `create_time` timestamp NULL DEFAULT CURRENT_TIMESTAMP COMMENT '创建时间',
  `update_time` timestamp NULL DEFAULT CURRENT_TIMESTAMP COMMENT '更新时间',
  `is_deleted` tinyint DEFAULT '0' COMMENT '逻辑删除 1删除',
  PRIMARY KEY (`id`)
) ENGINE=InnoDB AUTO_INCREMENT=80 DEFAULT CHARSET=utf8mb3 COLLATE=utf8_bin COMMENT='分类专题关系表';
/*!40101 SET character_set_client = @saved_cs_client */;

--
-- Dumping data for table `topic_category_subject`
--

LOCK TABLES `topic_category_subject` WRITE;
/*!40000 ALTER TABLE `topic_category_subject` DISABLE KEYS */;
INSERT INTO `topic_category_subject` VALUES (65,47,38,'2025-05-08 11:18:46','2025-05-08 11:18:45',1),(66,51,39,'2025-05-08 11:24:03','2025-05-08 11:24:03',1),(67,52,40,'2025-05-08 11:31:17','2025-05-08 11:31:16',1),(68,56,41,'2025-05-10 13:48:58','2025-05-10 13:48:57',0),(69,51,39,'2025-05-10 13:49:44','2025-05-10 13:49:43',0),(70,47,38,'2025-05-10 13:50:15','2025-05-10 13:50:14',0),(71,56,42,'2025-05-10 14:02:38','2025-05-10 14:02:38',0),(72,56,43,'2025-05-10 14:08:32','2025-05-10 14:08:32',0),(73,56,44,'2025-05-10 14:12:39','2025-05-10 14:12:39',0),(74,51,45,'2025-05-10 14:27:16','2025-05-10 14:27:15',0),(75,51,46,'2025-05-10 14:36:31','2025-05-10 14:36:31',0),(76,51,47,'2025-05-11 13:47:28','2025-05-11 13:47:28',0),(77,51,48,'2025-05-11 13:52:28','2025-05-11 13:52:27',0),(78,47,49,'2025-05-11 14:01:54','2025-05-11 14:01:53',0),(79,56,50,'2025-05-12 12:46:14','2025-05-12 12:46:14',0);
/*!40000 ALTER TABLE `topic_category_subject` ENABLE KEYS */;
UNLOCK TABLES;

--
-- Table structure for table `topic_collection`
--

DROP TABLE IF EXISTS `topic_collection`;
/*!40101 SET @saved_cs_client     = @@character_set_client */;
/*!50503 SET character_set_client = utf8mb4 */;
CREATE TABLE `topic_collection` (
  `id` bigint NOT NULL AUTO_INCREMENT COMMENT 'id',
  `topic_id` bigint NOT NULL COMMENT '题目id',
  `user_id` bigint NOT NULL COMMENT '用户id',
  `create_time` timestamp NULL DEFAULT CURRENT_TIMESTAMP COMMENT '创建时间',
  PRIMARY KEY (`id`)
) ENGINE=InnoDB AUTO_INCREMENT=14 DEFAULT CHARSET=utf8mb3 COLLATE=utf8_bin COMMENT='题目收藏表';
/*!40101 SET character_set_client = @saved_cs_client */;

--
-- Dumping data for table `topic_collection`
--

LOCK TABLES `topic_collection` WRITE;
/*!40000 ALTER TABLE `topic_collection` DISABLE KEYS */;
INSERT INTO `topic_collection` VALUES (8,38,1,'2025-05-08 13:09:11'),(9,38,16,'2025-05-08 13:11:07'),(10,48,17,'2025-05-08 13:19:14'),(11,166,16,'2025-05-11 15:07:50'),(12,168,16,'2025-05-20 14:47:59'),(13,171,16,'2025-05-20 14:49:10');
/*!40000 ALTER TABLE `topic_collection` ENABLE KEYS */;
UNLOCK TABLES;

--
-- Table structure for table `topic_daily_brush`
--

DROP TABLE IF EXISTS `topic_daily_brush`;
/*!40101 SET @saved_cs_client     = @@character_set_client */;
/*!50503 SET character_set_client = utf8mb4 */;
CREATE TABLE `topic_daily_brush` (
  `id` bigint NOT NULL AUTO_INCREMENT COMMENT 'id',
  `daily_id` bigint DEFAULT NULL COMMENT '每日题目id',
  `user_id` bigint DEFAULT NULL COMMENT '用户id',
  PRIMARY KEY (`id`)
) ENGINE=InnoDB AUTO_INCREMENT=15 DEFAULT CHARSET=utf8mb4 COLLATE=utf8mb4_unicode_ci COMMENT='每日题目和用户关联表';
/*!40101 SET character_set_client = @saved_cs_client */;

--
-- Dumping data for table `topic_daily_brush`
--

LOCK TABLES `topic_daily_brush` WRITE;
/*!40000 ALTER TABLE `topic_daily_brush` DISABLE KEYS */;
INSERT INTO `topic_daily_brush` VALUES (11,1686,16),(12,1684,16),(13,1730,16),(14,1685,16);
/*!40000 ALTER TABLE `topic_daily_brush` ENABLE KEYS */;
UNLOCK TABLES;

--
-- Table structure for table `topic_daily_staging`
--

DROP TABLE IF EXISTS `topic_daily_staging`;
/*!40101 SET @saved_cs_client     = @@character_set_client */;
/*!50503 SET character_set_client = utf8mb4 */;
CREATE TABLE `topic_daily_staging` (
  `id` bigint NOT NULL AUTO_INCREMENT COMMENT 'id',
  `user_id` bigint DEFAULT NULL COMMENT '用户id',
  `topic_id` bigint DEFAULT NULL COMMENT '题目id',
  `subject_id` bigint DEFAULT NULL COMMENT '专题id',
  `is_public` tinyint DEFAULT NULL COMMENT '1.公共 2.用户',
  PRIMARY KEY (`id`)
) ENGINE=InnoDB AUTO_INCREMENT=1733 DEFAULT CHARSET=utf8mb4 COLLATE=utf8mb4_unicode_ci COMMENT='题目每日暂存表';
/*!40101 SET character_set_client = @saved_cs_client */;

--
-- Dumping data for table `topic_daily_staging`
--

LOCK TABLES `topic_daily_staging` WRITE;
/*!40000 ALTER TABLE `topic_daily_staging` DISABLE KEYS */;
INSERT INTO `topic_daily_staging` VALUES (1684,NULL,73,38,1),(1685,NULL,129,39,1),(1686,NULL,136,46,1),(1687,NULL,102,41,1),(1688,NULL,103,41,1),(1689,1,121,39,2),(1690,1,128,39,2),(1691,1,122,39,2),(1692,1,120,39,2),(1693,2,108,42,2),(1694,2,80,38,2),(1695,2,82,38,2),(1696,2,89,38,2),(1697,3,116,44,2),(1698,3,133,46,2),(1699,3,81,38,2),(1700,3,144,46,2),(1701,4,132,46,2),(1702,4,99,41,2),(1703,4,101,41,2),(1704,4,67,38,2),(1705,5,70,38,2),(1706,5,117,44,2),(1707,5,98,41,2),(1708,5,81,38,2),(1709,8,83,38,2),(1710,8,82,38,2),(1711,8,87,38,2),(1712,8,140,46,2),(1713,9,75,38,2),(1714,9,98,41,2),(1715,9,131,45,2),(1716,9,91,38,2),(1717,13,133,46,2),(1718,13,90,38,2),(1719,13,79,38,2),(1720,13,62,38,2),(1721,14,67,38,2),(1722,14,90,38,2),(1723,14,70,38,2),(1724,14,113,43,2),(1725,15,80,38,2),(1726,15,131,45,2),(1727,15,132,46,2),(1728,15,75,38,2),(1729,16,120,39,2),(1730,16,128,39,2),(1731,16,121,39,2),(1732,16,122,39,2);
/*!40000 ALTER TABLE `topic_daily_staging` ENABLE KEYS */;
UNLOCK TABLES;

--
-- Table structure for table `topic_favorite`
--

DROP TABLE IF EXISTS `topic_favorite`;
/*!40101 SET @saved_cs_client     = @@character_set_client */;
/*!50503 SET character_set_client = utf8mb4 */;
CREATE TABLE `topic_favorite` (
  `id` bigint NOT NULL AUTO_INCREMENT COMMENT '题目',
  `user_id` bigint DEFAULT NULL COMMENT '用户id',
  `topic_id` bigint DEFAULT NULL COMMENT '题目id',
  `status` tinyint DEFAULT '0' COMMENT '0收藏 1取消收藏',
  `create_time` timestamp NULL DEFAULT CURRENT_TIMESTAMP COMMENT '创建时间',
  PRIMARY KEY (`id`)
) ENGINE=InnoDB DEFAULT CHARSET=utf8mb3 COLLATE=utf8_bin COMMENT='题目收藏表';
/*!40101 SET character_set_client = @saved_cs_client */;

--
-- Dumping data for table `topic_favorite`
--

LOCK TABLES `topic_favorite` WRITE;
/*!40000 ALTER TABLE `topic_favorite` DISABLE KEYS */;
/*!40000 ALTER TABLE `topic_favorite` ENABLE KEYS */;
UNLOCK TABLES;

--
-- Table structure for table `topic_label`
--

DROP TABLE IF EXISTS `topic_label`;
/*!40101 SET @saved_cs_client     = @@character_set_client */;
/*!50503 SET character_set_client = utf8mb4 */;
CREATE TABLE `topic_label` (
  `id` bigint NOT NULL AUTO_INCREMENT COMMENT '题目标签',
  `label_name` varchar(30) CHARACTER SET utf8 COLLATE utf8_bin DEFAULT NULL COMMENT '标签名称',
  `use_count` bigint DEFAULT '0' COMMENT '使用数量',
  `create_by` varchar(30) CHARACTER SET utf8 COLLATE utf8_bin DEFAULT NULL COMMENT '创建人',
  `status` tinyint DEFAULT '2' COMMENT '0正常 1停用 2待审核 3审核失败',
  `create_time` timestamp NULL DEFAULT (now()) COMMENT '创建时间',
  `update_time` timestamp NULL DEFAULT (now()) COMMENT '更新时间',
  `is_deleted` tinyint DEFAULT '0',
  `fail_msg` varchar(100) CHARACTER SET utf8 COLLATE utf8_bin DEFAULT NULL COMMENT '失败原因',
  PRIMARY KEY (`id`),
  UNIQUE KEY `label_name` (`label_name`)
) ENGINE=InnoDB AUTO_INCREMENT=31 DEFAULT CHARSET=utf8mb3 COLLATE=utf8_bin COMMENT='题目标签';
/*!40101 SET character_set_client = @saved_cs_client */;

--
-- Dumping data for table `topic_label`
--

LOCK TABLES `topic_label` WRITE;
/*!40000 ALTER TABLE `topic_label` DISABLE KEYS */;
INSERT INTO `topic_label` VALUES (14,'mysql',34,'admin',0,'2025-05-08 11:18:58','2025-05-09 13:38:43',0,NULL),(15,'数据库',45,'admin',0,'2025-05-08 11:21:46','2025-05-11 14:13:02',0,NULL),(16,'java',21,'admin',0,'2025-05-08 11:24:17','2025-05-11 14:03:58',0,NULL),(17,'Java基础',12,'admin',0,'2025-05-08 11:24:22','2025-05-10 14:25:07',0,NULL),(18,'html',1,'admin',0,'2025-05-08 11:30:23','2025-05-09 13:38:20',0,NULL),(19,'css',0,'admin',0,'2025-05-08 11:30:26','2025-05-09 13:38:20',0,NULL),(20,'spring',17,'admin',0,'2025-05-10 13:48:01','2025-05-10 14:14:31',0,NULL),(21,'springBoot',3,'admin',0,'2025-05-10 14:04:34','2025-05-10 14:07:09',0,''),(22,'mybatis',3,'admin',0,'2025-05-10 14:09:27','2025-05-10 14:11:47',0,NULL),(23,'mybatisPlus',2,'admin',0,'2025-05-10 14:09:44','2025-05-10 14:11:47',0,''),(24,'springCloud',4,'admin',0,'2025-05-10 14:12:50','2025-05-10 14:16:32',0,NULL),(25,'集合',3,'admin',0,'2025-05-10 14:27:26','2025-05-10 14:43:16',0,NULL),(26,'多线程',13,'admin',0,'2025-05-10 14:36:40','2025-05-10 14:48:19',0,NULL),(27,'锁',2,'admin',0,'2025-05-11 13:50:29','2025-05-11 13:51:34',0,NULL),(28,'虚拟机',11,'admin',0,'2025-05-11 13:52:37','2025-05-11 14:00:15',0,NULL),(29,'redis',18,'admin',0,'2025-05-11 14:02:44','2025-05-11 14:13:02',0,''),(30,'rabbitMq',4,'admin',0,'2025-05-12 12:46:47','2025-05-12 12:52:39',0,NULL);
/*!40000 ALTER TABLE `topic_label` ENABLE KEYS */;
UNLOCK TABLES;

--
-- Table structure for table `topic_label_topic`
--

DROP TABLE IF EXISTS `topic_label_topic`;
/*!40101 SET @saved_cs_client     = @@character_set_client */;
/*!50503 SET character_set_client = utf8mb4 */;
CREATE TABLE `topic_label_topic` (
  `id` bigint NOT NULL AUTO_INCREMENT COMMENT 'id',
  `label_id` bigint NOT NULL COMMENT '标签id',
  `topic_id` bigint NOT NULL COMMENT '题目id',
  `create_time` timestamp NULL DEFAULT CURRENT_TIMESTAMP COMMENT '创建时间',
  `update_time` timestamp NULL DEFAULT CURRENT_TIMESTAMP COMMENT '更新时间',
  `is_deleted` tinyint DEFAULT '0' COMMENT '逻辑删除 1删除',
  PRIMARY KEY (`id`)
) ENGINE=InnoDB AUTO_INCREMENT=329 DEFAULT CHARSET=utf8mb3 COLLATE=utf8_bin COMMENT='标签题目关系表';
/*!40101 SET character_set_client = @saved_cs_client */;

--
-- Dumping data for table `topic_label_topic`
--

LOCK TABLES `topic_label_topic` WRITE;
/*!40000 ALTER TABLE `topic_label_topic` DISABLE KEYS */;
INSERT INTO `topic_label_topic` VALUES (93,14,35,'2025-05-08 11:19:22','2025-05-08 11:19:22',1),(94,14,36,'2025-05-08 11:21:34','2025-05-08 11:21:33',1),(95,14,37,'2025-05-08 11:22:17','2025-05-08 11:22:16',1),(96,15,37,'2025-05-08 11:22:17','2025-05-08 11:22:16',1),(97,16,38,'2025-05-08 11:24:52','2025-05-08 11:24:51',1),(98,17,38,'2025-05-08 11:24:52','2025-05-08 11:24:51',1),(99,16,39,'2025-05-08 11:27:27','2025-05-08 11:27:26',1),(100,17,39,'2025-05-08 11:27:27','2025-05-08 11:27:26',1),(101,16,40,'2025-05-08 11:27:43','2025-05-08 11:27:43',1),(102,17,40,'2025-05-08 11:27:43','2025-05-08 11:27:43',1),(103,16,41,'2025-05-08 11:28:03','2025-05-08 11:28:02',1),(104,17,41,'2025-05-08 11:28:03','2025-05-08 11:28:02',1),(105,16,42,'2025-05-08 11:28:41','2025-05-08 11:28:40',1),(106,16,43,'2025-05-08 11:28:59','2025-05-08 11:28:58',1),(107,16,44,'2025-05-08 11:29:12','2025-05-08 11:29:12',1),(108,16,45,'2025-05-08 11:29:30','2025-05-08 11:29:29',1),(109,17,45,'2025-05-08 11:29:30','2025-05-08 11:29:29',1),(110,16,46,'2025-05-08 11:29:44','2025-05-08 11:29:43',1),(111,16,47,'2025-05-08 11:29:56','2025-05-08 11:29:56',1),(112,18,48,'2025-05-08 11:31:43','2025-05-08 13:18:49',1),(113,18,49,'2025-05-08 11:32:05','2025-05-08 11:32:05',1),(114,19,49,'2025-05-08 11:32:05','2025-05-08 11:32:05',1),(115,18,50,'2025-05-08 11:32:38','2025-05-08 11:32:37',1),(116,19,50,'2025-05-08 11:32:38','2025-05-08 11:32:37',1),(117,18,51,'2025-05-08 12:55:31','2025-05-08 12:55:30',1),(118,19,51,'2025-05-08 12:55:31','2025-05-08 12:55:30',1),(119,18,52,'2025-05-08 12:56:55','2025-05-08 12:56:54',1),(120,19,52,'2025-05-08 12:56:55','2025-05-08 12:56:54',1),(121,18,53,'2025-05-08 12:57:09','2025-05-08 12:57:09',1),(122,19,53,'2025-05-08 12:57:09','2025-05-08 12:57:09',1),(123,16,54,'2025-05-08 12:57:38','2025-05-08 12:57:38',1),(124,17,54,'2025-05-08 12:57:38','2025-05-08 12:57:38',1),(125,14,55,'2025-05-08 12:59:09','2025-05-08 12:59:09',1),(126,15,55,'2025-05-08 12:59:09','2025-05-08 12:59:09',1),(127,14,56,'2025-05-08 12:59:25','2025-05-08 12:59:25',1),(128,15,56,'2025-05-08 12:59:25','2025-05-08 12:59:25',1),(129,14,57,'2025-05-08 12:59:48','2025-05-08 12:59:47',1),(130,15,57,'2025-05-08 12:59:48','2025-05-08 12:59:47',1),(131,15,58,'2025-05-08 13:00:03','2025-05-08 13:00:03',1),(132,14,59,'2025-05-08 13:00:23','2025-05-08 13:00:22',1),(133,15,59,'2025-05-08 13:00:23','2025-05-08 13:00:22',1),(134,14,60,'2025-05-08 13:00:42','2025-05-08 13:00:41',1),(135,15,60,'2025-05-08 13:00:42','2025-05-08 13:00:41',1),(136,18,48,'2025-05-08 13:18:49','2025-05-08 13:18:48',1),(137,14,61,'2025-05-09 12:07:47','2025-05-09 12:07:46',0),(138,15,61,'2025-05-09 12:07:47','2025-05-09 12:07:46',0),(139,14,62,'2025-05-09 12:08:00','2025-05-09 12:07:59',0),(140,15,62,'2025-05-09 12:08:00','2025-05-09 12:07:59',0),(141,14,63,'2025-05-09 12:08:18','2025-05-09 12:08:17',0),(142,15,63,'2025-05-09 12:08:18','2025-05-09 12:08:17',0),(143,14,64,'2025-05-09 12:08:35','2025-05-09 12:08:35',0),(144,15,64,'2025-05-09 12:08:35','2025-05-09 12:08:35',0),(145,14,65,'2025-05-09 12:08:49','2025-05-09 12:08:48',0),(146,15,65,'2025-05-09 12:08:49','2025-05-09 12:08:48',0),(147,14,66,'2025-05-09 12:09:05','2025-05-09 12:09:04',0),(148,15,66,'2025-05-09 12:09:05','2025-05-09 12:09:04',0),(149,14,67,'2025-05-09 12:09:22','2025-05-09 12:09:22',0),(150,14,68,'2025-05-09 12:09:36','2025-05-09 12:09:36',0),(151,15,68,'2025-05-09 12:09:36','2025-05-09 12:09:36',0),(152,14,69,'2025-05-09 12:09:53','2025-05-09 12:09:52',0),(153,15,69,'2025-05-09 12:09:53','2025-05-09 12:09:52',0),(154,14,70,'2025-05-09 12:10:08','2025-05-09 12:10:08',0),(155,15,70,'2025-05-09 12:10:08','2025-05-09 12:10:08',0),(156,14,71,'2025-05-09 12:10:25','2025-05-09 12:10:24',0),(157,15,71,'2025-05-09 12:10:25','2025-05-09 12:10:24',0),(158,14,72,'2025-05-09 12:10:41','2025-05-09 12:10:40',0),(159,15,72,'2025-05-09 12:10:41','2025-05-09 12:10:40',0),(160,14,73,'2025-05-09 12:10:58','2025-05-09 12:10:57',0),(161,15,73,'2025-05-09 12:10:58','2025-05-09 12:10:57',0),(162,14,74,'2025-05-09 12:11:13','2025-05-09 12:11:12',0),(163,15,74,'2025-05-09 12:11:13','2025-05-09 12:11:12',0),(164,14,75,'2025-05-09 12:11:36','2025-05-09 12:11:36',0),(165,15,75,'2025-05-09 12:11:36','2025-05-09 12:11:36',0),(166,14,76,'2025-05-09 12:11:56','2025-05-09 12:11:55',0),(167,15,76,'2025-05-09 12:11:56','2025-05-09 12:11:55',0),(168,14,77,'2025-05-09 12:15:07','2025-05-09 12:15:07',0),(169,15,77,'2025-05-09 12:15:07','2025-05-09 12:15:07',0),(170,14,78,'2025-05-09 12:15:21','2025-05-09 12:15:21',0),(171,15,78,'2025-05-09 12:15:21','2025-05-09 12:15:21',0),(172,14,79,'2025-05-09 12:15:38','2025-05-09 12:15:37',0),(173,15,79,'2025-05-09 12:15:38','2025-05-09 12:15:37',0),(174,14,80,'2025-05-09 12:15:52','2025-05-09 12:15:52',0),(175,14,81,'2025-05-09 12:32:20','2025-05-09 12:32:20',0),(176,15,81,'2025-05-09 12:32:20','2025-05-09 12:32:20',0),(177,14,82,'2025-05-09 12:32:35','2025-05-09 12:32:34',0),(178,14,83,'2025-05-09 12:32:58','2025-05-09 12:32:57',0),(179,14,84,'2025-05-09 12:33:15','2025-05-09 12:33:14',0),(180,15,84,'2025-05-09 12:33:15','2025-05-09 12:33:14',0),(181,14,85,'2025-05-09 12:33:31','2025-05-09 12:33:31',0),(182,15,85,'2025-05-09 12:33:31','2025-05-09 12:33:31',0),(183,14,86,'2025-05-09 12:43:04','2025-05-09 12:43:03',0),(184,15,86,'2025-05-09 12:43:04','2025-05-09 12:43:03',0),(185,14,87,'2025-05-09 12:43:16','2025-05-09 12:43:15',0),(186,15,87,'2025-05-09 12:43:16','2025-05-09 12:43:15',0),(187,14,88,'2025-05-09 12:43:27','2025-05-09 12:43:27',0),(188,15,88,'2025-05-09 12:43:27','2025-05-09 12:43:27',0),(189,14,89,'2025-05-09 12:44:35','2025-05-09 12:44:34',0),(190,15,89,'2025-05-09 12:44:35','2025-05-09 12:44:34',0),(191,14,90,'2025-05-09 12:44:48','2025-05-09 12:44:47',0),(192,15,90,'2025-05-09 12:44:48','2025-05-09 12:44:47',0),(193,14,91,'2025-05-09 12:45:24','2025-05-09 12:45:23',0),(194,15,91,'2025-05-09 12:45:24','2025-05-09 12:45:23',0),(195,14,92,'2025-05-09 12:45:38','2025-05-09 12:45:37',0),(196,15,92,'2025-05-09 12:45:38','2025-05-09 12:45:37',0),(197,14,93,'2025-05-09 12:46:01','2025-05-09 12:46:00',0),(198,15,93,'2025-05-09 12:46:01','2025-05-09 12:46:00',0),(199,14,94,'2025-05-09 12:46:54','2025-05-09 12:46:53',0),(200,15,94,'2025-05-09 12:46:54','2025-05-09 12:46:53',0),(201,20,95,'2025-05-10 13:50:39','2025-05-10 13:50:38',0),(202,20,96,'2025-05-10 13:51:20','2025-05-10 13:51:20',0),(203,20,97,'2025-05-10 13:51:39','2025-05-10 13:51:38',0),(204,20,98,'2025-05-10 13:54:06','2025-05-10 13:54:05',0),(205,20,99,'2025-05-10 13:55:01','2025-05-10 13:55:01',0),(206,20,100,'2025-05-10 13:55:41','2025-05-10 13:55:41',0),(207,20,101,'2025-05-10 13:56:15','2025-05-10 13:56:14',0),(208,20,102,'2025-05-10 13:58:32','2025-05-10 13:58:31',0),(209,20,103,'2025-05-10 13:59:05','2025-05-10 13:59:05',0),(210,20,104,'2025-05-10 14:01:05','2025-05-10 14:01:04',0),(211,20,105,'2025-05-10 14:03:46','2025-05-10 14:03:45',0),(212,20,106,'2025-05-10 14:04:26','2025-05-10 14:04:25',0),(213,20,107,'2025-05-10 14:05:41','2025-05-10 14:05:41',0),(214,21,107,'2025-05-10 14:05:41','2025-05-10 14:05:41',0),(215,20,108,'2025-05-10 14:06:12','2025-05-10 14:06:11',0),(216,21,108,'2025-05-10 14:06:12','2025-05-10 14:06:11',0),(217,20,109,'2025-05-10 14:07:09','2025-05-10 14:07:08',0),(218,21,109,'2025-05-10 14:07:09','2025-05-10 14:07:08',0),(219,15,110,'2025-05-10 14:09:18','2025-05-10 14:09:17',0),(220,22,111,'2025-05-10 14:10:21','2025-05-10 14:10:21',0),(221,22,112,'2025-05-10 14:11:12','2025-05-10 14:11:11',0),(222,23,112,'2025-05-10 14:11:12','2025-05-10 14:11:11',0),(223,22,113,'2025-05-10 14:11:47','2025-05-10 14:11:46',0),(224,23,113,'2025-05-10 14:11:47','2025-05-10 14:11:46',0),(225,20,114,'2025-05-10 14:13:21','2025-05-10 14:13:21',0),(226,24,114,'2025-05-10 14:13:21','2025-05-10 14:13:21',0),(227,20,115,'2025-05-10 14:14:31','2025-05-10 14:14:30',0),(228,24,115,'2025-05-10 14:14:31','2025-05-10 14:14:30',0),(229,24,116,'2025-05-10 14:15:57','2025-05-10 14:15:56',0),(230,24,117,'2025-05-10 14:16:32','2025-05-10 14:16:32',0),(231,17,118,'2025-05-10 14:17:17','2025-05-10 14:17:16',0),(232,17,119,'2025-05-10 14:18:22','2025-05-10 14:18:21',0),(233,17,120,'2025-05-10 14:19:15','2025-05-10 14:19:15',0),(234,17,121,'2025-05-10 14:19:31','2025-05-10 14:19:30',0),(235,17,122,'2025-05-10 14:19:49','2025-05-10 14:19:49',0),(236,17,123,'2025-05-10 14:20:32','2025-05-10 14:20:31',0),(237,17,124,'2025-05-10 14:21:39','2025-05-10 14:21:38',0),(238,17,125,'2025-05-10 14:22:27','2025-05-10 14:22:26',0),(239,17,126,'2025-05-10 14:23:00','2025-05-10 14:23:00',0),(240,17,127,'2025-05-10 14:24:08','2025-05-10 14:24:07',0),(241,17,128,'2025-05-10 14:24:53','2025-05-10 14:24:53',0),(242,17,129,'2025-05-10 14:25:07','2025-05-10 14:25:07',0),(243,16,130,'2025-05-10 14:28:06','2025-05-10 14:28:06',0),(244,25,130,'2025-05-10 14:28:06','2025-05-10 14:28:06',0),(245,16,131,'2025-05-10 14:29:25','2025-05-10 14:29:25',0),(246,25,131,'2025-05-10 14:29:25','2025-05-10 14:29:25',0),(247,16,132,'2025-05-10 14:37:26','2025-05-10 14:37:25',0),(248,26,132,'2025-05-10 14:37:26','2025-05-10 14:37:25',0),(249,16,133,'2025-05-10 14:37:53','2025-05-10 14:37:52',0),(250,26,133,'2025-05-10 14:37:53','2025-05-10 14:37:52',0),(251,16,134,'2025-05-10 14:39:45','2025-05-10 14:39:45',0),(252,26,134,'2025-05-10 14:39:45','2025-05-10 14:39:45',0),(253,16,135,'2025-05-10 14:41:10','2025-05-10 14:41:15',1),(254,26,135,'2025-05-10 14:41:10','2025-05-10 14:41:15',1),(255,16,135,'2025-05-10 14:41:15','2025-05-10 14:41:14',0),(256,26,135,'2025-05-10 14:41:15','2025-05-10 14:41:14',0),(257,16,136,'2025-05-10 14:42:30','2025-05-10 14:42:30',0),(258,26,136,'2025-05-10 14:42:30','2025-05-10 14:42:30',0),(259,16,137,'2025-05-10 14:43:16','2025-05-10 14:43:15',0),(260,25,137,'2025-05-10 14:43:16','2025-05-10 14:43:15',0),(261,16,138,'2025-05-10 14:43:42','2025-05-10 14:43:42',0),(262,26,138,'2025-05-10 14:43:42','2025-05-10 14:43:42',0),(263,16,139,'2025-05-10 14:44:03','2025-05-10 14:44:03',0),(264,26,139,'2025-05-10 14:44:03','2025-05-10 14:44:03',0),(265,16,140,'2025-05-10 14:46:01','2025-05-10 14:46:00',0),(266,26,140,'2025-05-10 14:46:01','2025-05-10 14:46:00',0),(267,26,141,'2025-05-10 14:46:33','2025-05-10 14:46:33',0),(268,16,142,'2025-05-10 14:47:18','2025-05-10 14:47:18',0),(269,26,142,'2025-05-10 14:47:18','2025-05-10 14:47:18',0),(270,26,143,'2025-05-10 14:47:41','2025-05-10 14:47:40',0),(271,26,144,'2025-05-10 14:48:19','2025-05-10 14:48:18',0),(272,16,145,'2025-05-11 13:49:41','2025-05-11 13:49:40',0),(273,16,146,'2025-05-11 13:50:22','2025-05-11 13:50:22',0),(274,16,147,'2025-05-11 13:50:57','2025-05-11 13:50:57',0),(275,27,147,'2025-05-11 13:50:57','2025-05-11 13:50:57',0),(276,16,148,'2025-05-11 13:51:14','2025-05-11 13:51:14',0),(277,16,149,'2025-05-11 13:51:34','2025-05-11 13:51:33',0),(278,27,149,'2025-05-11 13:51:34','2025-05-11 13:51:33',0),(279,16,150,'2025-05-11 13:53:20','2025-05-11 13:53:19',0),(280,28,150,'2025-05-11 13:53:20','2025-05-11 13:53:19',0),(281,28,151,'2025-05-11 13:53:38','2025-05-11 13:53:38',0),(282,28,152,'2025-05-11 13:54:42','2025-05-11 13:54:41',0),(283,28,153,'2025-05-11 13:55:20','2025-05-11 13:55:19',0),(284,28,154,'2025-05-11 13:55:52','2025-05-11 13:55:51',0),(285,28,155,'2025-05-11 13:56:10','2025-05-11 13:56:10',0),(286,28,156,'2025-05-11 13:56:45','2025-05-11 13:56:44',0),(287,28,157,'2025-05-11 13:57:23','2025-05-11 13:57:22',0),(288,28,158,'2025-05-11 13:58:09','2025-05-11 13:58:08',0),(289,28,159,'2025-05-11 13:58:59','2025-05-11 13:58:59',0),(290,28,160,'2025-05-11 14:00:15','2025-05-11 14:00:14',0),(291,15,161,'2025-05-11 14:02:38','2025-05-11 14:02:38',0),(292,15,162,'2025-05-11 14:03:21','2025-05-11 14:03:21',0),(293,16,162,'2025-05-11 14:03:21','2025-05-11 14:03:21',0),(294,29,162,'2025-05-11 14:03:21','2025-05-11 14:03:21',0),(295,15,163,'2025-05-11 14:03:58','2025-05-11 14:03:57',0),(296,16,163,'2025-05-11 14:03:58','2025-05-11 14:03:57',0),(297,29,163,'2025-05-11 14:03:58','2025-05-11 14:03:57',0),(298,29,164,'2025-05-11 14:04:18','2025-05-11 14:04:18',0),(299,15,165,'2025-05-11 14:04:44','2025-05-11 14:04:43',0),(300,29,165,'2025-05-11 14:04:44','2025-05-11 14:04:43',0),(301,15,166,'2025-05-11 14:05:21','2025-05-11 14:05:21',0),(302,29,166,'2025-05-11 14:05:21','2025-05-11 14:05:21',0),(303,29,167,'2025-05-11 14:06:00','2025-05-11 14:06:00',0),(304,15,168,'2025-05-11 14:06:31','2025-05-11 14:06:31',0),(305,29,168,'2025-05-11 14:06:31','2025-05-11 14:06:31',0),(306,15,169,'2025-05-11 14:06:58','2025-05-11 14:06:58',0),(307,29,169,'2025-05-11 14:06:58','2025-05-11 14:06:58',0),(308,15,170,'2025-05-11 14:07:26','2025-05-11 14:07:26',0),(309,29,170,'2025-05-11 14:07:26','2025-05-11 14:07:26',0),(310,15,171,'2025-05-11 14:08:07','2025-05-11 14:08:07',0),(311,29,171,'2025-05-11 14:08:07','2025-05-11 14:08:07',0),(312,15,172,'2025-05-11 14:08:49','2025-05-11 14:08:49',0),(313,29,172,'2025-05-11 14:08:49','2025-05-11 14:08:49',0),(314,29,173,'2025-05-11 14:09:12','2025-05-11 14:09:12',0),(315,15,174,'2025-05-11 14:09:39','2025-05-11 14:09:39',0),(316,29,174,'2025-05-11 14:09:39','2025-05-11 14:09:39',0),(317,29,175,'2025-05-11 14:10:24','2025-05-11 14:10:24',0),(318,29,176,'2025-05-11 14:10:46','2025-05-11 14:10:46',0),(319,15,177,'2025-05-11 14:11:19','2025-05-11 14:11:19',0),(320,29,177,'2025-05-11 14:11:19','2025-05-11 14:11:19',0),(321,15,178,'2025-05-11 14:11:49','2025-05-11 14:11:48',0),(322,29,178,'2025-05-11 14:11:49','2025-05-11 14:11:48',0),(323,15,179,'2025-05-11 14:13:02','2025-05-11 14:13:02',0),(324,29,179,'2025-05-11 14:13:02','2025-05-11 14:13:02',0),(325,30,180,'2025-05-12 12:47:38','2025-05-12 12:47:38',0),(326,30,181,'2025-05-12 12:48:47','2025-05-12 12:48:47',0),(327,30,182,'2025-05-12 12:50:31','2025-05-12 12:50:30',0),(328,30,183,'2025-05-12 12:52:39','2025-05-12 12:52:39',0);
/*!40000 ALTER TABLE `topic_label_topic` ENABLE KEYS */;
UNLOCK TABLES;

--
-- Table structure for table `topic_record`
--

DROP TABLE IF EXISTS `topic_record`;
/*!40101 SET @saved_cs_client     = @@character_set_client */;
/*!50503 SET character_set_client = utf8mb4 */;
CREATE TABLE `topic_record` (
  `id` bigint NOT NULL AUTO_INCREMENT COMMENT 'id',
  `user_id` bigint DEFAULT NULL COMMENT '用户id',
  `nickname` varchar(30) COLLATE utf8_bin DEFAULT NULL COMMENT '昵称',
  `topic_id` bigint DEFAULT NULL COMMENT '题目id',
  `subject_id` bigint DEFAULT NULL COMMENT '专题id',
  `count` bigint DEFAULT NULL COMMENT '刷题次数',
  `topic_time` date DEFAULT (curdate()) COMMENT '刷题日期',
  `update_time` timestamp NULL DEFAULT CURRENT_TIMESTAMP COMMENT '更新时间',
  PRIMARY KEY (`id`)
) ENGINE=InnoDB AUTO_INCREMENT=12819 DEFAULT CHARSET=utf8mb3 COLLATE=utf8_bin COMMENT='题目刷题记录表';
/*!40101 SET character_set_client = @saved_cs_client */;

--
-- Dumping data for table `topic_record`
--

LOCK TABLES `topic_record` WRITE;
/*!40000 ALTER TABLE `topic_record` DISABLE KEYS */;
INSERT INTO `topic_record` VALUES (12336,16,'如果',48,40,8,'2025-05-08','2025-05-08 13:18:51'),(12337,1,'HaoHao',52,40,1,'2025-05-08','2025-05-08 13:08:08'),(12338,1,'HaoHao',38,39,3,'2025-05-08','2025-05-08 13:09:13'),(12339,16,'如果',38,39,6,'2025-05-08','2025-05-08 13:15:00'),(12340,16,'如果',39,39,3,'2025-05-08','2025-05-08 13:11:13'),(12341,16,'如果',40,39,2,'2025-05-08','2025-05-08 13:11:17'),(12342,16,'如果',41,39,2,'2025-05-08','2025-05-08 13:11:18'),(12343,16,'如果',42,39,1,'2025-05-08','2025-05-08 13:11:27'),(12344,16,'如果',43,39,1,'2025-05-08','2025-05-08 13:11:27'),(12345,16,'如果',44,39,12,'2025-05-08','2025-05-08 13:19:33'),(12346,16,'如果',45,39,1,'2025-05-08','2025-05-08 13:11:29'),(12347,16,'如果',46,39,1,'2025-05-08','2025-05-08 13:11:29'),(12348,16,'如果',47,39,1,'2025-05-08','2025-05-08 13:11:29'),(12349,16,'如果',54,39,1,'2025-05-08','2025-05-08 13:11:30'),(12350,16,'如果',52,40,3,'2025-05-08','2025-05-08 13:19:25'),(12351,16,'如果',53,40,1,'2025-05-08','2025-05-08 13:17:10'),(12352,16,'如果',51,40,1,'2025-05-08','2025-05-08 13:17:11'),(12353,17,'HaoY',49,40,1,'2025-05-08','2025-05-08 13:19:05'),(12354,17,'HaoY',48,40,1,'2025-05-08','2025-05-08 13:19:08'),(12355,16,'如果',36,38,1,'2025-05-08','2025-05-08 13:20:18'),(12356,1,'HaoHao',44,39,1,'2025-05-08','2025-05-08 15:30:54'),(12417,16,'User16',1001,1,92,'2025-04-01','2025-05-09 03:29:15'),(12418,16,'User16',1002,2,21,'2025-04-02','2025-05-09 03:29:15'),(12419,16,'User16',1003,3,31,'2025-04-03','2025-05-09 03:29:15'),(12420,16,'User16',1004,4,91,'2025-04-04','2025-05-09 03:29:15'),(12421,16,'User16',1005,5,59,'2025-04-05','2025-05-09 03:29:15'),(12422,16,'User16',1006,6,25,'2025-04-06','2025-05-09 03:29:15'),(12423,16,'User16',1007,7,46,'2025-04-07','2025-05-09 03:29:15'),(12424,16,'User16',1008,8,56,'2025-04-08','2025-05-09 03:29:15'),(12425,16,'User16',1009,9,41,'2025-04-09','2025-05-09 03:29:15'),(12426,16,'User16',1100,100,37,'2025-04-10','2025-05-09 03:29:15'),(12427,16,'User16',111,11,63,'2025-04-11','2025-05-09 03:29:15'),(12428,16,'User16',112,12,2,'2025-04-12','2025-05-09 03:29:15'),(12429,16,'User16',113,13,20,'2025-04-13','2025-05-09 03:29:15'),(12430,16,'User16',114,14,95,'2025-04-14','2025-05-09 03:29:15'),(12431,16,'User16',115,15,14,'2025-04-15','2025-05-09 03:29:15'),(12432,16,'User16',116,16,86,'2025-04-16','2025-05-09 03:29:15'),(12433,16,'User16',117,17,86,'2025-04-17','2025-05-09 03:29:15'),(12434,16,'User16',118,18,70,'2025-04-18','2025-05-09 03:29:15'),(12435,16,'User16',119,19,93,'2025-04-19','2025-05-09 03:29:15'),(12436,16,'User16',120,20,55,'2025-04-20','2025-05-09 03:29:15'),(12437,16,'User16',121,21,963,'2025-04-21','2025-05-09 03:29:15'),(12438,16,'User16',122,22,167,'2025-04-22','2025-05-09 03:29:15'),(12439,16,'User16',123,23,946,'2025-04-23','2025-05-09 03:29:15'),(12440,16,'User16',124,24,229,'2025-04-24','2025-05-09 03:29:15'),(12441,16,'User16',125,25,307,'2025-04-25','2025-05-09 03:29:15'),(12442,16,'User16',126,26,847,'2025-04-26','2025-05-09 03:29:15'),(12443,16,'User16',127,27,315,'2025-04-27','2025-05-09 03:29:15'),(12444,16,'User16',128,28,33,'2025-04-28','2025-05-09 03:29:15'),(12445,16,'User16',129,29,219,'2025-04-29','2025-05-09 03:29:15'),(12446,16,'User16',130,30,996,'2025-04-30','2025-05-09 03:29:15'),(12447,16,'如果',56,38,1,'2025-05-09','2025-05-09 13:34:10'),(12448,16,'如果',118,39,1,'2025-05-10','2025-05-10 14:56:11'),(12449,16,'如果',119,39,2,'2025-05-10','2025-05-10 15:09:02'),(12450,16,'如果',120,39,1,'2025-05-10','2025-05-10 14:58:22'),(12451,16,'如果',121,39,1,'2025-05-10','2025-05-10 14:59:12'),(12452,16,'如果',122,39,1,'2025-05-10','2025-05-10 15:00:16'),(12453,16,'如果',123,39,1,'2025-05-10','2025-05-10 15:00:57'),(12454,16,'如果',124,39,1,'2025-05-10','2025-05-10 15:02:20'),(12455,16,'如果',125,39,1,'2025-05-10','2025-05-10 15:02:36'),(12456,16,'如果',126,39,2,'2025-05-10','2025-05-10 15:31:04'),(12457,16,'如果',127,39,2,'2025-05-10','2025-05-10 15:31:23'),(12458,16,'如果',128,39,2,'2025-05-10','2025-05-10 15:31:27'),(12459,16,'如果',129,39,2,'2025-05-10','2025-05-10 15:31:29'),(12460,16,'如果',130,45,3,'2025-05-10','2025-05-10 15:30:35'),(12461,16,'如果',131,45,2,'2025-05-10','2025-05-10 15:30:40'),(12462,16,'如果',132,46,1,'2025-05-10','2025-05-10 15:11:14'),(12463,16,'如果',133,46,1,'2025-05-10','2025-05-10 15:12:57'),(12464,16,'如果',134,46,1,'2025-05-10','2025-05-10 15:15:13'),(12465,16,'如果',135,46,1,'2025-05-10','2025-05-10 15:16:20'),(12466,16,'如果',136,46,1,'2025-05-10','2025-05-10 15:17:27'),(12467,16,'如果',137,46,1,'2025-05-10','2025-05-10 15:18:22'),(12468,16,'如果',138,46,1,'2025-05-10','2025-05-10 15:19:36'),(12469,16,'如果',139,46,1,'2025-05-10','2025-05-10 15:20:35'),(12470,16,'如果',140,46,2,'2025-05-10','2025-05-10 15:31:50'),(12471,16,'如果',141,46,2,'2025-05-10','2025-05-10 15:30:05'),(12472,16,'如果',142,46,2,'2025-05-10','2025-05-10 15:30:05'),(12473,16,'如果',143,46,2,'2025-05-10','2025-05-10 15:30:04'),(12474,16,'如果',144,46,1,'2025-05-10','2025-05-10 15:28:32'),(12475,16,'如果',119,39,1,'2025-05-11','2025-05-11 01:23:22'),(12476,16,'如果',120,39,1,'2025-05-11','2025-05-11 01:23:24'),(12477,16,'如果',121,39,1,'2025-05-11','2025-05-11 01:23:25'),(12478,16,'如果',122,39,2,'2025-05-11','2025-05-11 01:23:30'),(12479,16,'如果',123,39,2,'2025-05-11','2025-05-11 01:23:33'),(12480,16,'如果',124,39,1,'2025-05-11','2025-05-11 01:23:33'),(12481,16,'如果',125,39,1,'2025-05-11','2025-05-11 01:23:35'),(12482,16,'如果',126,39,1,'2025-05-11','2025-05-11 01:23:36'),(12483,16,'如果',127,39,2,'2025-05-11','2025-05-11 01:26:34'),(12484,16,'如果',128,39,1,'2025-05-11','2025-05-11 01:24:45'),(12485,16,'如果',73,38,1,'2025-05-11','2025-05-11 14:38:00'),(12486,16,'如果',145,47,2,'2025-05-11','2025-05-11 14:47:02'),(12487,16,'如果',146,47,1,'2025-05-11','2025-05-11 14:41:51'),(12488,16,'如果',147,47,1,'2025-05-11','2025-05-11 14:43:56'),(12489,16,'如果',148,47,2,'2025-05-11','2025-05-11 14:46:58'),(12490,16,'如果',149,47,1,'2025-05-11','2025-05-11 14:45:50'),(12491,16,'如果',150,48,1,'2025-05-11','2025-05-11 14:47:06'),(12492,16,'如果',151,48,1,'2025-05-11','2025-05-11 14:48:44'),(12493,16,'如果',152,48,1,'2025-05-11','2025-05-11 14:50:43'),(12494,16,'如果',153,48,1,'2025-05-11','2025-05-11 14:52:41'),(12495,16,'如果',154,48,1,'2025-05-11','2025-05-11 14:53:48'),(12496,16,'如果',155,48,1,'2025-05-11','2025-05-11 14:54:59'),(12497,16,'如果',156,48,1,'2025-05-11','2025-05-11 14:55:22'),(12498,16,'如果',157,48,1,'2025-05-11','2025-05-11 14:55:53'),(12499,16,'如果',158,48,1,'2025-05-11','2025-05-11 14:56:51'),(12500,16,'如果',159,48,1,'2025-05-11','2025-05-11 14:59:21'),(12501,16,'如果',160,48,1,'2025-05-11','2025-05-11 15:01:18'),(12502,16,'如果',161,49,1,'2025-05-11','2025-05-11 15:03:06'),(12503,16,'如果',162,49,1,'2025-05-11','2025-05-11 15:03:54'),(12504,16,'如果',163,49,1,'2025-05-11','2025-05-11 15:04:55'),(12505,16,'如果',164,49,1,'2025-05-11','2025-05-11 15:06:21'),(12506,16,'如果',165,49,1,'2025-05-11','2025-05-11 15:07:02'),(12507,16,'如果',166,49,1,'2025-05-11','2025-05-11 15:07:39'),(12508,16,'如果',167,49,1,'2025-05-11','2025-05-11 15:11:51'),(12509,16,'如果',168,49,1,'2025-05-11','2025-05-11 15:14:24'),(12510,16,'如果',169,49,1,'2025-05-11','2025-05-11 15:17:29'),(12511,16,'如果',170,49,1,'2025-05-11','2025-05-11 15:18:56'),(12512,16,'如果',171,49,2,'2025-05-11','2025-05-11 15:22:06'),(12513,16,'如果',172,49,2,'2025-05-11','2025-05-11 15:22:10'),(12514,16,'如果',173,49,1,'2025-05-11','2025-05-11 15:24:00'),(12515,16,'如果',174,49,1,'2025-05-11','2025-05-11 15:25:44'),(12516,16,'如果',175,49,1,'2025-05-11','2025-05-11 15:26:15'),(12517,16,'如果',176,49,1,'2025-05-11','2025-05-11 15:27:01'),(12518,16,'如果',177,49,1,'2025-05-11','2025-05-11 15:28:08'),(12519,16,'如果',178,49,1,'2025-05-11','2025-05-11 15:29:12'),(12520,16,'如果',179,49,1,'2025-05-11','2025-05-11 15:29:32'),(12521,16,'如果',73,38,2,'2025-05-12','2025-05-12 14:45:01'),(12522,16,'如果',128,39,2,'2025-05-12','2025-05-12 13:40:06'),(12523,16,'如果',119,39,1,'2025-05-12','2025-05-12 13:04:24'),(12524,16,'如果',120,39,1,'2025-05-12','2025-05-12 13:24:33'),(12525,16,'如果',121,39,1,'2025-05-12','2025-05-12 13:30:29'),(12526,16,'如果',122,39,1,'2025-05-12','2025-05-12 13:31:19'),(12527,16,'如果',123,39,1,'2025-05-12','2025-05-12 13:32:15'),(12528,16,'如果',124,39,1,'2025-05-12','2025-05-12 13:34:36'),(12529,16,'如果',125,39,1,'2025-05-12','2025-05-12 13:36:18'),(12530,16,'如果',126,39,1,'2025-05-12','2025-05-12 13:38:35'),(12531,16,'如果',127,39,1,'2025-05-12','2025-05-12 13:39:07'),(12532,16,'如果',129,39,1,'2025-05-12','2025-05-12 13:41:28'),(12533,16,'如果',130,45,1,'2025-05-12','2025-05-12 13:42:50'),(12534,16,'如果',131,45,1,'2025-05-12','2025-05-12 13:44:57'),(12535,16,'如果',166,49,2,'2025-05-12','2025-05-12 15:18:30'),(12536,16,'如果',132,46,1,'2025-05-12','2025-05-12 13:45:58'),(12537,16,'如果',133,46,1,'2025-05-12','2025-05-12 13:46:46'),(12538,16,'如果',134,46,1,'2025-05-12','2025-05-12 13:48:03'),(12539,16,'如果',135,46,1,'2025-05-12','2025-05-12 13:48:22'),(12540,16,'如果',136,46,1,'2025-05-12','2025-05-12 13:49:14'),(12541,16,'如果',137,46,1,'2025-05-12','2025-05-12 13:49:59'),(12542,16,'如果',138,46,1,'2025-05-12','2025-05-12 13:51:59'),(12543,16,'如果',139,46,1,'2025-05-12','2025-05-12 13:52:29'),(12544,16,'如果',140,46,1,'2025-05-12','2025-05-12 13:53:12'),(12545,16,'如果',141,46,1,'2025-05-12','2025-05-12 13:54:43'),(12546,16,'如果',142,46,1,'2025-05-12','2025-05-12 13:55:27'),(12547,16,'如果',143,46,1,'2025-05-12','2025-05-12 13:57:30'),(12548,16,'如果',144,46,1,'2025-05-12','2025-05-12 13:58:08'),(12549,16,'如果',145,47,2,'2025-05-12','2025-05-12 14:03:30'),(12550,16,'如果',146,47,2,'2025-05-12','2025-05-12 14:03:04'),(12551,16,'如果',147,47,2,'2025-05-12','2025-05-12 14:02:55'),(12552,16,'如果',148,47,2,'2025-05-12','2025-05-12 14:02:50'),(12553,16,'如果',149,47,1,'2025-05-12','2025-05-12 14:01:59'),(12554,16,'如果',150,48,5,'2025-05-12','2025-05-12 14:25:26'),(12555,16,'如果',151,48,5,'2025-05-12','2025-05-12 14:24:57'),(12556,16,'如果',152,48,2,'2025-05-12','2025-05-12 14:18:57'),(12557,16,'如果',153,48,2,'2025-05-12','2025-05-12 14:18:07'),(12558,16,'如果',154,48,2,'2025-05-12','2025-05-12 14:17:21'),(12559,16,'如果',155,48,2,'2025-05-12','2025-05-12 14:17:03'),(12560,16,'如果',156,48,2,'2025-05-12','2025-05-12 14:16:52'),(12561,16,'如果',157,48,2,'2025-05-12','2025-05-12 14:16:28'),(12562,16,'如果',158,48,2,'2025-05-12','2025-05-12 14:15:36'),(12563,16,'如果',159,48,2,'2025-05-12','2025-05-12 14:14:40'),(12564,16,'如果',160,48,1,'2025-05-12','2025-05-12 14:12:41'),(12565,16,'如果',61,38,1,'2025-05-12','2025-05-12 14:26:05'),(12566,16,'如果',62,38,1,'2025-05-12','2025-05-12 14:27:03'),(12567,16,'如果',63,38,1,'2025-05-12','2025-05-12 14:28:56'),(12568,16,'如果',64,38,1,'2025-05-12','2025-05-12 14:30:03'),(12569,16,'如果',65,38,1,'2025-05-12','2025-05-12 14:31:03'),(12570,16,'如果',66,38,1,'2025-05-12','2025-05-12 14:31:37'),(12571,16,'如果',67,38,1,'2025-05-12','2025-05-12 14:32:23'),(12572,16,'如果',68,38,1,'2025-05-12','2025-05-12 14:33:39'),(12573,16,'如果',69,38,1,'2025-05-12','2025-05-12 14:35:23'),(12574,16,'如果',70,38,1,'2025-05-12','2025-05-12 14:36:05'),(12575,16,'如果',71,38,1,'2025-05-12','2025-05-12 14:39:33'),(12576,16,'如果',72,38,1,'2025-05-12','2025-05-12 14:41:51'),(12577,16,'如果',74,38,1,'2025-05-12','2025-05-12 14:47:02'),(12578,16,'如果',75,38,1,'2025-05-12','2025-05-12 14:48:46'),(12579,16,'如果',76,38,1,'2025-05-12','2025-05-12 14:50:28'),(12580,16,'如果',77,38,1,'2025-05-12','2025-05-12 14:51:14'),(12581,16,'如果',78,38,1,'2025-05-12','2025-05-12 14:52:29'),(12582,16,'如果',79,38,2,'2025-05-12','2025-05-12 14:53:45'),(12583,16,'如果',80,38,2,'2025-05-12','2025-05-12 14:53:48'),(12584,16,'如果',81,38,1,'2025-05-12','2025-05-12 14:54:36'),(12585,16,'如果',82,38,1,'2025-05-12','2025-05-12 14:55:44'),(12586,16,'如果',83,38,1,'2025-05-12','2025-05-12 14:58:27'),(12587,16,'如果',84,38,1,'2025-05-12','2025-05-12 15:00:04'),(12588,16,'如果',85,38,1,'2025-05-12','2025-05-12 15:01:06'),(12589,16,'如果',86,38,1,'2025-05-12','2025-05-12 15:01:45'),(12590,16,'如果',87,38,1,'2025-05-12','2025-05-12 15:03:30'),(12591,16,'如果',88,38,1,'2025-05-12','2025-05-12 15:04:47'),(12592,16,'如果',89,38,1,'2025-05-12','2025-05-12 15:05:52'),(12593,16,'如果',90,38,1,'2025-05-12','2025-05-12 15:06:53'),(12594,16,'如果',91,38,1,'2025-05-12','2025-05-12 15:08:41'),(12595,16,'如果',92,38,1,'2025-05-12','2025-05-12 15:09:24'),(12596,16,'如果',93,38,1,'2025-05-12','2025-05-12 15:10:20'),(12597,16,'如果',94,38,1,'2025-05-12','2025-05-12 15:13:13'),(12598,16,'如果',161,49,1,'2025-05-12','2025-05-12 15:14:32'),(12599,16,'如果',162,49,1,'2025-05-12','2025-05-12 15:15:23'),(12600,16,'如果',163,49,1,'2025-05-12','2025-05-12 15:16:39'),(12601,16,'如果',164,49,1,'2025-05-12','2025-05-12 15:17:07'),(12602,16,'如果',165,49,1,'2025-05-12','2025-05-12 15:17:46'),(12603,16,'如果',167,49,1,'2025-05-12','2025-05-12 15:19:01'),(12604,16,'如果',168,49,1,'2025-05-12','2025-05-12 15:19:34'),(12605,16,'如果',169,49,1,'2025-05-12','2025-05-12 15:19:58'),(12606,16,'如果',170,49,1,'2025-05-12','2025-05-12 15:20:58'),(12607,16,'如果',171,49,1,'2025-05-12','2025-05-12 15:21:38'),(12608,16,'如果',172,49,1,'2025-05-12','2025-05-12 15:22:33'),(12609,16,'如果',173,49,1,'2025-05-12','2025-05-12 15:23:32'),(12610,16,'如果',174,49,1,'2025-05-12','2025-05-12 15:24:34'),(12611,16,'如果',175,49,1,'2025-05-12','2025-05-12 15:24:46'),(12612,16,'如果',176,49,1,'2025-05-12','2025-05-12 15:25:06'),(12613,16,'如果',177,49,1,'2025-05-12','2025-05-12 15:25:46'),(12614,16,'如果',178,49,1,'2025-05-12','2025-05-12 15:26:40'),(12615,16,'如果',179,49,1,'2025-05-12','2025-05-12 15:27:31'),(12616,16,'如果',95,41,1,'2025-05-12','2025-05-12 15:28:57'),(12617,16,'如果',96,41,1,'2025-05-12','2025-05-12 15:30:19'),(12618,16,'如果',97,41,1,'2025-05-12','2025-05-12 15:33:50'),(12619,16,'如果',95,41,3,'2025-05-13','2025-05-13 02:13:35'),(12620,16,'如果',96,41,2,'2025-05-13','2025-05-13 02:11:42'),(12621,16,'如果',97,41,2,'2025-05-13','2025-05-13 02:10:50'),(12622,16,'如果',98,41,2,'2025-05-13','2025-05-13 02:10:15'),(12623,16,'如果',99,41,2,'2025-05-13','2025-05-13 02:09:53'),(12624,16,'如果',100,41,3,'2025-05-13','2025-05-13 02:08:49'),(12625,16,'如果',101,41,3,'2025-05-13','2025-05-13 02:08:48'),(12626,16,'如果',102,41,2,'2025-05-13','2025-05-13 02:07:33'),(12627,16,'如果',103,41,2,'2025-05-13','2025-05-13 02:07:23'),(12628,16,'如果',104,41,2,'2025-05-13','2025-05-13 02:06:47'),(12629,16,'如果',107,41,1,'2025-05-13','2025-05-13 02:06:06'),(12630,16,'如果',105,42,2,'2025-05-13','2025-05-13 02:25:29'),(12631,16,'如果',106,42,2,'2025-05-13','2025-05-13 02:24:26'),(12632,16,'如果',108,42,2,'2025-05-13','2025-05-13 02:23:30'),(12633,16,'如果',109,42,1,'2025-05-13','2025-05-13 02:21:46'),(12634,16,'如果',110,43,2,'2025-05-13','2025-05-13 02:38:14'),(12635,16,'如果',111,43,2,'2025-05-13','2025-05-13 02:37:46'),(12636,16,'如果',112,43,2,'2025-05-13','2025-05-13 02:36:02'),(12637,16,'如果',113,43,1,'2025-05-13','2025-05-13 02:33:46'),(12638,16,'如果',114,44,2,'2025-05-13','2025-05-13 02:53:39'),(12639,16,'如果',115,44,2,'2025-05-13','2025-05-13 02:53:23'),(12640,16,'如果',116,44,2,'2025-05-13','2025-05-13 02:51:17'),(12641,16,'如果',117,44,1,'2025-05-13','2025-05-13 02:48:01'),(12642,16,'如果',180,50,2,'2025-05-13','2025-05-13 03:06:59'),(12643,16,'如果',181,50,2,'2025-05-13','2025-05-13 03:06:24'),(12644,16,'如果',182,50,2,'2025-05-13','2025-05-13 03:04:09'),(12645,16,'如果',183,50,1,'2025-05-13','2025-05-13 02:59:58'),(12646,16,'如果',61,38,1,'2025-05-13','2025-05-13 03:07:32'),(12647,16,'如果',62,38,1,'2025-05-13','2025-05-13 03:07:53'),(12648,16,'如果',63,38,1,'2025-05-13','2025-05-13 03:09:15'),(12649,16,'如果',64,38,1,'2025-05-13','2025-05-13 03:09:22'),(12650,16,'如果',65,38,1,'2025-05-13','2025-05-13 03:10:10'),(12651,16,'如果',66,38,1,'2025-05-13','2025-05-13 03:10:32'),(12652,16,'如果',67,38,1,'2025-05-13','2025-05-13 03:11:15'),(12653,16,'如果',68,38,1,'2025-05-13','2025-05-13 03:11:41'),(12654,16,'如果',69,38,1,'2025-05-13','2025-05-13 03:12:46'),(12655,16,'如果',70,38,1,'2025-05-13','2025-05-13 03:14:52'),(12656,16,'如果',71,38,1,'2025-05-13','2025-05-13 03:15:45'),(12657,16,'如果',72,38,1,'2025-05-13','2025-05-13 03:16:46'),(12658,16,'如果',73,38,1,'2025-05-13','2025-05-13 03:18:17'),(12659,16,'如果',74,38,1,'2025-05-13','2025-05-13 03:20:06'),(12660,16,'如果',75,38,1,'2025-05-13','2025-05-13 03:22:26'),(12661,16,'如果',76,38,1,'2025-05-13','2025-05-13 03:23:34'),(12662,16,'如果',77,38,1,'2025-05-13','2025-05-13 03:23:52'),(12663,16,'如果',78,38,1,'2025-05-13','2025-05-13 03:24:05'),(12664,16,'如果',79,38,1,'2025-05-13','2025-05-13 03:25:24'),(12665,16,'如果',80,38,1,'2025-05-13','2025-05-13 03:26:04'),(12666,16,'如果',81,38,1,'2025-05-13','2025-05-13 03:26:56'),(12667,16,'如果',82,38,1,'2025-05-13','2025-05-13 03:27:20'),(12668,16,'如果',83,38,1,'2025-05-13','2025-05-13 03:29:26'),(12669,16,'如果',84,38,1,'2025-05-13','2025-05-13 03:29:42'),(12670,16,'如果',85,38,1,'2025-05-13','2025-05-13 03:32:13'),(12671,16,'如果',86,38,1,'2025-05-13','2025-05-13 03:33:55'),(12672,16,'如果',87,38,1,'2025-05-13','2025-05-13 03:37:33'),(12673,16,'如果',88,38,1,'2025-05-13','2025-05-13 03:38:37'),(12674,16,'如果',89,38,1,'2025-05-13','2025-05-13 03:38:49'),(12675,16,'如果',90,38,1,'2025-05-13','2025-05-13 03:39:05'),(12676,16,'如果',91,38,1,'2025-05-13','2025-05-13 03:40:13'),(12677,16,'如果',92,38,1,'2025-05-13','2025-05-13 03:40:59'),(12678,16,'如果',93,38,1,'2025-05-13','2025-05-13 03:41:18'),(12679,16,'如果',94,38,1,'2025-05-13','2025-05-13 03:41:46'),(12680,16,'如果',96,41,3,'2025-05-16','2025-05-16 06:38:07'),(12681,16,'如果',95,41,3,'2025-05-16','2025-05-16 06:40:19'),(12682,16,'如果',97,41,2,'2025-05-16','2025-05-16 06:36:47'),(12683,16,'如果',98,41,2,'2025-05-16','2025-05-16 06:35:44'),(12684,16,'如果',99,41,2,'2025-05-16','2025-05-16 06:34:51'),(12685,16,'如果',100,41,2,'2025-05-16','2025-05-16 06:33:14'),(12686,16,'如果',101,41,2,'2025-05-16','2025-05-16 06:32:36'),(12687,16,'如果',102,41,2,'2025-05-16','2025-05-16 06:31:18'),(12688,16,'如果',103,41,2,'2025-05-16','2025-05-16 06:30:57'),(12689,16,'如果',104,41,2,'2025-05-16','2025-05-16 06:29:02'),(12690,16,'如果',107,41,1,'2025-05-16','2025-05-16 06:28:23'),(12691,16,'如果',105,42,2,'2025-05-16','2025-05-16 06:58:03'),(12692,16,'如果',106,42,2,'2025-05-16','2025-05-16 06:57:15'),(12693,16,'如果',108,42,2,'2025-05-16','2025-05-16 06:50:16'),(12694,16,'如果',109,42,1,'2025-05-16','2025-05-16 06:46:42'),(12695,16,'如果',110,43,2,'2025-05-16','2025-05-16 07:05:59'),(12696,16,'如果',111,43,2,'2025-05-16','2025-05-16 07:05:38'),(12697,16,'如果',112,43,2,'2025-05-16','2025-05-16 07:05:01'),(12698,16,'如果',113,43,1,'2025-05-16','2025-05-16 07:04:51'),(12699,16,'如果',115,44,3,'2025-05-16','2025-05-16 07:23:20'),(12700,16,'如果',114,44,2,'2025-05-16','2025-05-16 07:24:12'),(12701,16,'如果',116,44,2,'2025-05-16','2025-05-16 07:18:26'),(12702,16,'如果',117,44,1,'2025-05-16','2025-05-16 07:16:19'),(12703,16,'如果',180,50,1,'2025-05-16','2025-05-16 07:24:42'),(12704,16,'如果',181,50,1,'2025-05-16','2025-05-16 07:28:00'),(12705,16,'如果',182,50,1,'2025-05-16','2025-05-16 07:28:21'),(12706,16,'如果',183,50,1,'2025-05-16','2025-05-16 07:28:35'),(12707,16,'如果',150,48,3,'2025-05-16','2025-05-16 13:54:40'),(12708,16,'如果',151,48,3,'2025-05-16','2025-05-16 13:56:36'),(12709,16,'如果',152,48,3,'2025-05-16','2025-05-16 13:59:11'),(12710,16,'如果',153,48,3,'2025-05-16','2025-05-16 14:03:13'),(12711,16,'如果',154,48,3,'2025-05-16','2025-05-16 14:03:16'),(12712,16,'如果',155,48,3,'2025-05-16','2025-05-16 14:03:32'),(12713,16,'如果',156,48,3,'2025-05-16','2025-05-16 14:04:12'),(12714,16,'如果',157,48,3,'2025-05-16','2025-05-16 14:04:14'),(12715,16,'如果',158,48,3,'2025-05-16','2025-05-16 14:04:25'),(12716,16,'如果',159,48,4,'2025-05-16','2025-05-16 14:05:25'),(12717,16,'如果',160,48,3,'2025-05-16','2025-05-16 14:08:10'),(12718,16,'如果',145,47,2,'2025-05-16','2025-05-16 07:51:28'),(12719,16,'如果',146,47,2,'2025-05-16','2025-05-16 07:49:58'),(12720,16,'如果',147,47,2,'2025-05-16','2025-05-16 07:49:52'),(12721,16,'如果',148,47,2,'2025-05-16','2025-05-16 07:49:47'),(12722,16,'如果',149,47,1,'2025-05-16','2025-05-16 07:49:31'),(12723,16,'如果',132,46,5,'2025-05-16','2025-05-16 14:20:49'),(12724,16,'如果',133,46,5,'2025-05-16','2025-05-16 14:21:56'),(12725,16,'如果',134,46,4,'2025-05-16','2025-05-16 14:22:38'),(12726,16,'如果',135,46,4,'2025-05-16','2025-05-16 14:23:44'),(12727,16,'如果',136,46,4,'2025-05-16','2025-05-16 14:24:27'),(12728,16,'如果',137,46,4,'2025-05-16','2025-05-16 14:24:59'),(12729,16,'如果',138,46,4,'2025-05-16','2025-05-16 14:25:41'),(12730,16,'如果',139,46,4,'2025-05-16','2025-05-16 14:26:17'),(12731,16,'如果',140,46,4,'2025-05-16','2025-05-16 14:27:07'),(12732,16,'如果',141,46,4,'2025-05-16','2025-05-16 14:27:37'),(12733,16,'如果',142,46,4,'2025-05-16','2025-05-16 14:27:48'),(12734,16,'如果',143,46,4,'2025-05-16','2025-05-16 14:29:12'),(12735,16,'如果',144,46,3,'2025-05-16','2025-05-16 14:29:43'),(12736,16,'如果',130,45,1,'2025-05-16','2025-05-16 08:17:42'),(12737,16,'如果',131,45,1,'2025-05-16','2025-05-16 08:20:11'),(12738,16,'如果',118,39,2,'2025-05-16','2025-05-16 08:44:24'),(12739,16,'如果',119,39,2,'2025-05-16','2025-05-16 08:43:38'),(12740,16,'如果',120,39,2,'2025-05-16','2025-05-16 08:43:12'),(12741,16,'如果',121,39,2,'2025-05-16','2025-05-16 08:43:10'),(12742,16,'如果',122,39,2,'2025-05-16','2025-05-16 08:41:42'),(12743,16,'如果',123,39,2,'2025-05-16','2025-05-16 08:41:28'),(12744,16,'如果',124,39,2,'2025-05-16','2025-05-16 08:40:37'),(12745,16,'如果',125,39,2,'2025-05-16','2025-05-16 08:39:24'),(12746,16,'如果',126,39,2,'2025-05-16','2025-05-16 08:39:19'),(12747,16,'如果',127,39,2,'2025-05-16','2025-05-16 08:39:17'),(12748,16,'如果',128,39,2,'2025-05-16','2025-05-16 08:37:39'),(12749,16,'如果',129,39,1,'2025-05-16','2025-05-16 08:36:14'),(12750,16,'如果',161,49,2,'2025-05-16','2025-05-16 14:30:41'),(12751,16,'如果',162,49,1,'2025-05-16','2025-05-16 14:31:40'),(12752,16,'如果',163,49,1,'2025-05-16','2025-05-16 14:33:01'),(12753,16,'如果',164,49,2,'2025-05-16','2025-05-16 14:34:20'),(12754,16,'如果',165,49,2,'2025-05-16','2025-05-16 14:34:30'),(12755,16,'如果',166,49,1,'2025-05-16','2025-05-16 14:34:53'),(12756,16,'如果',167,49,2,'2025-05-16','2025-05-16 14:36:59'),(12757,16,'如果',168,49,3,'2025-05-16','2025-05-16 14:56:46'),(12758,16,'如果',169,49,2,'2025-05-16','2025-05-16 14:56:20'),(12759,16,'如果',170,49,2,'2025-05-16','2025-05-16 14:55:29'),(12760,16,'如果',171,49,2,'2025-05-16','2025-05-16 14:54:24'),(12761,16,'如果',172,49,2,'2025-05-16','2025-05-16 14:53:31'),(12762,16,'如果',173,49,2,'2025-05-16','2025-05-16 14:52:43'),(12763,16,'如果',174,49,2,'2025-05-16','2025-05-16 14:52:35'),(12764,16,'如果',175,49,2,'2025-05-16','2025-05-16 14:52:04'),(12765,16,'如果',176,49,2,'2025-05-16','2025-05-16 14:51:50'),(12766,16,'如果',177,49,2,'2025-05-16','2025-05-16 14:51:38'),(12767,16,'如果',178,49,2,'2025-05-16','2025-05-16 14:51:07'),(12768,16,'如果',179,49,1,'2025-05-16','2025-05-16 14:49:24'),(12769,16,'如果',129,39,1,'2025-05-20','2025-05-20 14:20:26'),(12770,16,'如果',61,38,2,'2025-05-20','2025-05-20 14:26:46'),(12771,16,'如果',62,38,2,'2025-05-20','2025-05-20 14:26:47'),(12772,16,'如果',174,49,2,'2025-05-20','2025-05-20 14:51:32'),(12773,16,'如果',63,38,1,'2025-05-20','2025-05-20 14:26:49'),(12774,16,'如果',64,38,1,'2025-05-20','2025-05-20 14:27:33'),(12775,16,'如果',65,38,1,'2025-05-20','2025-05-20 14:28:02'),(12776,16,'如果',66,38,1,'2025-05-20','2025-05-20 14:28:36'),(12777,16,'如果',67,38,1,'2025-05-20','2025-05-20 14:28:41'),(12778,16,'如果',68,38,1,'2025-05-20','2025-05-20 14:29:16'),(12779,16,'如果',69,38,1,'2025-05-20','2025-05-20 14:29:45'),(12780,16,'如果',70,38,1,'2025-05-20','2025-05-20 14:29:59'),(12781,16,'如果',71,38,1,'2025-05-20','2025-05-20 14:30:44'),(12782,16,'如果',72,38,1,'2025-05-20','2025-05-20 14:31:21'),(12783,16,'如果',73,38,1,'2025-05-20','2025-05-20 14:31:40'),(12784,16,'如果',74,38,1,'2025-05-20','2025-05-20 14:32:11'),(12785,16,'如果',75,38,1,'2025-05-20','2025-05-20 14:32:31'),(12786,16,'如果',76,38,1,'2025-05-20','2025-05-20 14:32:45'),(12787,16,'如果',77,38,1,'2025-05-20','2025-05-20 14:33:33'),(12788,16,'如果',78,38,1,'2025-05-20','2025-05-20 14:33:38'),(12789,16,'如果',79,38,1,'2025-05-20','2025-05-20 14:33:42'),(12790,16,'如果',80,38,1,'2025-05-20','2025-05-20 14:35:21'),(12791,16,'如果',81,38,2,'2025-05-20','2025-05-20 14:35:47'),(12792,16,'如果',82,38,2,'2025-05-20','2025-05-20 14:35:59'),(12793,16,'如果',83,38,1,'2025-05-20','2025-05-20 14:36:17'),(12794,16,'如果',84,38,1,'2025-05-20','2025-05-20 14:36:25'),(12795,16,'如果',85,38,1,'2025-05-20','2025-05-20 14:36:44'),(12796,16,'如果',86,38,1,'2025-05-20','2025-05-20 14:37:06'),(12797,16,'如果',87,38,1,'2025-05-20','2025-05-20 14:38:13'),(12798,16,'如果',88,38,1,'2025-05-20','2025-05-20 14:38:21'),(12799,16,'如果',89,38,1,'2025-05-20','2025-05-20 14:38:45'),(12800,16,'如果',90,38,1,'2025-05-20','2025-05-20 14:39:18'),(12801,16,'如果',91,38,1,'2025-05-20','2025-05-20 14:40:13'),(12802,16,'如果',92,38,1,'2025-05-20','2025-05-20 14:41:29'),(12803,16,'如果',93,38,1,'2025-05-20','2025-05-20 14:43:12'),(12804,16,'如果',94,38,1,'2025-05-20','2025-05-20 14:44:24'),(12805,16,'如果',161,49,1,'2025-05-20','2025-05-20 14:45:10'),(12806,16,'如果',162,49,1,'2025-05-20','2025-05-20 14:45:12'),(12807,16,'如果',163,49,1,'2025-05-20','2025-05-20 14:46:21'),(12808,16,'如果',164,49,1,'2025-05-20','2025-05-20 14:46:25'),(12809,16,'如果',165,49,1,'2025-05-20','2025-05-20 14:46:29'),(12810,16,'如果',166,49,1,'2025-05-20','2025-05-20 14:47:02'),(12811,16,'如果',167,49,1,'2025-05-20','2025-05-20 14:47:25'),(12812,16,'如果',168,49,1,'2025-05-20','2025-05-20 14:47:55'),(12813,16,'如果',169,49,1,'2025-05-20','2025-05-20 14:48:45'),(12814,16,'如果',170,49,1,'2025-05-20','2025-05-20 14:49:01'),(12815,16,'如果',171,49,1,'2025-05-20','2025-05-20 14:49:07'),(12816,16,'如果',172,49,1,'2025-05-20','2025-05-20 14:49:41'),(12817,16,'如果',173,49,1,'2025-05-20','2025-05-20 14:50:14'),(12818,16,'如果',175,49,1,'2025-05-20','2025-05-20 14:51:36');
/*!40000 ALTER TABLE `topic_record` ENABLE KEYS */;
UNLOCK TABLES;

--
-- Table structure for table `topic_subject`
--

DROP TABLE IF EXISTS `topic_subject`;
/*!40101 SET @saved_cs_client     = @@character_set_client */;
/*!50503 SET character_set_client = utf8mb4 */;
CREATE TABLE `topic_subject` (
  `id` bigint NOT NULL AUTO_INCREMENT COMMENT '题目专题',
  `subject_name` varchar(30) CHARACTER SET utf8 COLLATE utf8_bin DEFAULT NULL COMMENT '专题名称',
  `subject_desc` varchar(100) CHARACTER SET utf8 COLLATE utf8_bin DEFAULT NULL COMMENT '专题概述',
  `image_url` varchar(400) CHARACTER SET utf8 COLLATE utf8_bin DEFAULT NULL COMMENT '图像',
  `topic_count` bigint DEFAULT '0' COMMENT '收录数量',
  `create_by` varchar(30) CHARACTER SET utf8 COLLATE utf8_bin DEFAULT NULL COMMENT '创建人',
  `view_count` bigint DEFAULT '0' COMMENT '浏览数量',
  `status` tinyint DEFAULT '2' COMMENT '0正常 1停用 2待审核 3审核失败',
  `create_time` timestamp NULL DEFAULT CURRENT_TIMESTAMP COMMENT '创建时间',
  `update_time` timestamp NULL DEFAULT CURRENT_TIMESTAMP COMMENT '更新时间',
  `is_deleted` tinyint DEFAULT '0',
  `fail_msg` varchar(100) CHARACTER SET utf8 COLLATE utf8_bin DEFAULT NULL COMMENT '失败原因',
  PRIMARY KEY (`id`),
  UNIQUE KEY `subject_name` (`subject_name`)
) ENGINE=InnoDB AUTO_INCREMENT=51 DEFAULT CHARSET=utf8mb3 COLLATE=utf8_bin COMMENT='题目专题';
/*!40101 SET character_set_client = @saved_cs_client */;

--
-- Dumping data for table `topic_subject`
--

LOCK TABLES `topic_subject` WRITE;
/*!40000 ALTER TABLE `topic_subject` DISABLE KEYS */;
INSERT INTO `topic_subject` VALUES (38,'Mysql','关系性数据库','http://localhost:9000/topic/subject/20250510/7914e76571734b00a117b6b18c9bb2a8',34,'admin',184,0,'2025-05-08 11:18:46','2025-05-20 14:44:24',0,NULL),(39,'Java基础','java入门','http://localhost:9000/topic/subject/20250510/4318cf7e06294e25ba416925833fd0d3',12,'admin',173,0,'2025-05-08 11:24:03','2025-05-20 14:20:27',0,NULL),(40,'前端三件套','网页','http://localhost:9000/topic/subject/20250508/60873266c9874e87b35c347d55d27e64',1,'admin',47,0,'2025-05-08 11:31:17','2025-05-10 13:47:16',1,NULL),(41,'Spring','Spring是开源Java框架，用于构建企业级应用','http://localhost:9000/topic/subject/20250510/5bcc90836375465898c7e6bcdd51e3e4',11,'admin',88,0,'2025-05-10 13:48:58','2025-05-20 14:18:51',0,NULL),(42,'SpringBoot','SpringBoot是一个用于简化新Spring应用初始搭建以及开发过程的框架，旨在快速启动和运行项目','http://localhost:9000/topic/subject/20250510/38cbeedfc3a3423791ae5e4c7e8dc006',4,'admin',45,0,'2025-05-10 14:02:38','2025-05-20 14:18:51',0,NULL),(43,'Mybatis','MyBatis 是一个基于 Java 的持久层框架，主要用于简化数据库操作和数据持久化的开发工作','http://localhost:9000/topic/subject/20250510/77e0f9269eea4285845bf91571f636fc',4,'admin',44,0,'2025-05-10 14:08:32','2025-05-20 14:18:51',0,NULL),(44,'SpringCloud','Spring Cloud，分布式系统的微服务开发工具集，简化配置、服务发现、路由等。','http://localhost:9000/topic/subject/20250510/df96395e9d814d4e83e02070f7098db8',4,'admin',46,0,'2025-05-10 14:12:39','2025-05-20 14:18:51',0,NULL),(45,'Java集合','Java集合框架提供多种数据结构，如List、Set、Map，用于存储和管理对象数据','http://localhost:9000/topic/subject/20250510/ce10c26874b44a248ea118728d508150',2,'admin',43,0,'2025-05-10 14:27:16','2025-05-20 14:18:51',0,NULL),(46,'Java多线程','Java多线程支持并发执行多个任务，提高程序效率和资源利用率','http://localhost:9000/topic/subject/20250510/3ca8d7747e4c4cf49619144a4b3fdab1',14,'admin',117,0,'2025-05-10 14:36:31','2025-05-20 14:18:51',0,NULL),(47,'Java锁机制','Java锁机制用于控制多线程对共享资源的访问','http://localhost:9000/topic/subject/20250511/0d7e3d480e0f4ab79b1b3759c9a3dd9b',5,'admin',53,0,'2025-05-11 13:47:28','2025-05-20 14:18:51',0,NULL),(48,'Java虚拟机','Java虚拟机负责运行Java程序并管理内存','http://localhost:9000/topic/subject/20250511/ec4d1fe5e8a34d0983a4280d1c8f4d6d',11,'admin',98,0,'2025-05-11 13:52:28','2025-05-20 14:18:51',0,NULL),(49,'Redis','Redis是开源的内存键值数据库，支持多种数据类型','http://localhost:9000/topic/subject/20250511/7edb59d1bf804077a0c02e062a57c476',19,'admin',122,0,'2025-05-11 14:01:54','2025-05-20 14:51:36',0,NULL),(50,'RabbitMq','RabbitMQ是一个开源的消息中间件','http://localhost:9000/topic/subject/20250512/117dbdf5a4fd4aa39a871830eee1ecc4',4,'admin',34,0,'2025-05-12 12:46:14','2025-05-20 14:18:51',0,NULL);
/*!40000 ALTER TABLE `topic_subject` ENABLE KEYS */;
UNLOCK TABLES;

--
-- Table structure for table `topic_subject_topic`
--

DROP TABLE IF EXISTS `topic_subject_topic`;
/*!40101 SET @saved_cs_client     = @@character_set_client */;
/*!50503 SET character_set_client = utf8mb4 */;
CREATE TABLE `topic_subject_topic` (
  `id` bigint NOT NULL AUTO_INCREMENT COMMENT 'id',
  `topic_id` bigint NOT NULL COMMENT '题目id',
  `subject_id` bigint NOT NULL COMMENT '专题id',
  `create_time` timestamp NULL DEFAULT CURRENT_TIMESTAMP COMMENT '创建时间',
  `update_time` timestamp NULL DEFAULT CURRENT_TIMESTAMP COMMENT '更新时间',
  `is_deleted` tinyint DEFAULT '0' COMMENT '逻辑删除 1删除',
  PRIMARY KEY (`id`)
) ENGINE=InnoDB AUTO_INCREMENT=220 DEFAULT CHARSET=utf8mb3 COLLATE=utf8_bin COMMENT='题目专题关系表';
/*!40101 SET character_set_client = @saved_cs_client */;

--
-- Dumping data for table `topic_subject_topic`
--

LOCK TABLES `topic_subject_topic` WRITE;
/*!40000 ALTER TABLE `topic_subject_topic` DISABLE KEYS */;
INSERT INTO `topic_subject_topic` VALUES (69,35,38,'2025-05-08 11:19:22','2025-05-09 13:36:56',1),(70,36,38,'2025-05-08 11:21:34','2025-05-09 13:38:29',1),(71,37,38,'2025-05-08 11:22:17','2025-05-09 13:38:29',1),(72,38,39,'2025-05-08 11:24:52','2025-05-09 13:38:29',1),(73,39,39,'2025-05-08 11:27:27','2025-05-09 13:38:29',1),(74,40,39,'2025-05-08 11:27:43','2025-05-09 13:38:24',1),(75,41,39,'2025-05-08 11:28:03','2025-05-09 13:38:24',1),(76,42,39,'2025-05-08 11:28:41','2025-05-09 13:38:24',1),(77,43,39,'2025-05-08 11:28:59','2025-05-09 13:38:24',1),(78,44,39,'2025-05-08 11:29:12','2025-05-09 13:38:24',1),(79,45,39,'2025-05-08 11:29:30','2025-05-09 13:38:20',1),(80,46,39,'2025-05-08 11:29:44','2025-05-09 13:38:20',1),(81,47,39,'2025-05-08 11:29:56','2025-05-09 13:38:20',1),(82,48,40,'2025-05-08 11:31:43','2025-05-08 13:18:49',1),(83,49,40,'2025-05-08 11:32:05','2025-05-09 13:38:20',1),(84,50,38,'2025-05-08 11:32:38','2025-05-09 13:38:13',1),(85,51,40,'2025-05-08 12:55:31','2025-05-09 13:38:13',1),(86,52,40,'2025-05-08 12:56:55','2025-05-09 13:38:13',1),(87,53,40,'2025-05-08 12:57:09','2025-05-09 13:38:13',1),(88,54,39,'2025-05-08 12:57:38','2025-05-09 13:38:13',1),(89,55,38,'2025-05-08 12:59:09','2025-05-09 13:38:07',1),(90,56,38,'2025-05-08 12:59:25','2025-05-09 13:38:07',1),(91,57,38,'2025-05-08 12:59:48','2025-05-09 13:38:07',1),(92,58,38,'2025-05-08 13:00:03','2025-05-09 13:38:07',1),(93,59,38,'2025-05-08 13:00:23','2025-05-09 13:38:07',1),(94,60,38,'2025-05-08 13:00:42','2025-05-09 13:38:43',1),(95,48,40,'2025-05-08 13:18:49','2025-05-09 13:38:20',1),(96,61,38,'2025-05-09 12:07:47','2025-05-09 12:07:46',0),(97,62,38,'2025-05-09 12:08:00','2025-05-09 12:07:59',0),(98,63,38,'2025-05-09 12:08:18','2025-05-09 12:08:17',0),(99,64,38,'2025-05-09 12:08:35','2025-05-09 12:08:35',0),(100,65,38,'2025-05-09 12:08:49','2025-05-09 12:08:48',0),(101,66,38,'2025-05-09 12:09:05','2025-05-09 12:09:04',0),(102,67,38,'2025-05-09 12:09:22','2025-05-09 12:09:22',0),(103,68,38,'2025-05-09 12:09:36','2025-05-09 12:09:36',0),(104,69,38,'2025-05-09 12:09:53','2025-05-09 12:09:52',0),(105,70,38,'2025-05-09 12:10:08','2025-05-09 12:10:08',0),(106,71,38,'2025-05-09 12:10:25','2025-05-09 12:10:24',0),(107,72,38,'2025-05-09 12:10:41','2025-05-09 12:10:40',0),(108,73,38,'2025-05-09 12:10:58','2025-05-09 12:10:57',0),(109,74,38,'2025-05-09 12:11:13','2025-05-09 12:11:12',0),(110,75,38,'2025-05-09 12:11:36','2025-05-09 12:11:36',0),(111,76,38,'2025-05-09 12:11:56','2025-05-09 12:11:55',0),(112,77,38,'2025-05-09 12:15:07','2025-05-09 12:15:07',0),(113,78,38,'2025-05-09 12:15:21','2025-05-09 12:15:21',0),(114,79,38,'2025-05-09 12:15:38','2025-05-09 12:15:37',0),(115,80,38,'2025-05-09 12:15:52','2025-05-09 12:15:52',0),(116,81,38,'2025-05-09 12:32:20','2025-05-09 12:32:20',0),(117,82,38,'2025-05-09 12:32:35','2025-05-09 12:32:34',0),(118,83,38,'2025-05-09 12:32:58','2025-05-09 12:32:57',0),(119,84,38,'2025-05-09 12:33:15','2025-05-09 12:33:14',0),(120,85,38,'2025-05-09 12:33:31','2025-05-09 12:33:31',0),(121,86,38,'2025-05-09 12:43:04','2025-05-09 12:43:03',0),(122,87,38,'2025-05-09 12:43:16','2025-05-09 12:43:15',0),(123,88,38,'2025-05-09 12:43:27','2025-05-09 12:43:27',0),(124,89,38,'2025-05-09 12:44:35','2025-05-09 12:44:34',0),(125,90,38,'2025-05-09 12:44:48','2025-05-09 12:44:47',0),(126,91,38,'2025-05-09 12:45:24','2025-05-09 12:45:23',0),(127,92,38,'2025-05-09 12:45:38','2025-05-09 12:45:37',0),(128,93,38,'2025-05-09 12:46:01','2025-05-09 12:46:00',0),(129,94,38,'2025-05-09 12:46:54','2025-05-09 12:46:53',0),(130,95,41,'2025-05-10 13:50:39','2025-05-10 13:50:38',0),(131,96,41,'2025-05-10 13:51:20','2025-05-10 13:51:20',0),(132,97,41,'2025-05-10 13:51:39','2025-05-10 13:51:38',0),(133,98,41,'2025-05-10 13:54:06','2025-05-10 13:54:05',0),(134,99,41,'2025-05-10 13:55:01','2025-05-10 13:55:01',0),(135,100,41,'2025-05-10 13:55:41','2025-05-10 13:55:41',0),(136,101,41,'2025-05-10 13:56:15','2025-05-10 13:56:14',0),(137,102,41,'2025-05-10 13:58:32','2025-05-10 13:58:31',0),(138,103,41,'2025-05-10 13:59:05','2025-05-10 13:59:05',0),(139,104,41,'2025-05-10 14:01:05','2025-05-10 14:01:04',0),(140,105,42,'2025-05-10 14:03:46','2025-05-10 14:03:45',0),(141,106,42,'2025-05-10 14:04:26','2025-05-10 14:04:25',0),(142,107,41,'2025-05-10 14:05:41','2025-05-10 14:05:41',0),(143,108,42,'2025-05-10 14:06:12','2025-05-10 14:06:11',0),(144,109,42,'2025-05-10 14:07:09','2025-05-10 14:07:08',0),(145,110,43,'2025-05-10 14:09:18','2025-05-10 14:09:17',0),(146,111,43,'2025-05-10 14:10:21','2025-05-10 14:10:21',0),(147,112,43,'2025-05-10 14:11:12','2025-05-10 14:11:11',0),(148,113,43,'2025-05-10 14:11:47','2025-05-10 14:11:46',0),(149,114,44,'2025-05-10 14:13:21','2025-05-10 14:13:21',0),(150,115,44,'2025-05-10 14:14:31','2025-05-10 14:14:30',0),(151,116,44,'2025-05-10 14:15:57','2025-05-10 14:15:56',0),(152,117,44,'2025-05-10 14:16:32','2025-05-10 14:16:32',0),(153,118,39,'2025-05-10 14:17:17','2025-05-10 14:17:16',0),(154,119,39,'2025-05-10 14:18:22','2025-05-10 14:18:21',0),(155,120,39,'2025-05-10 14:19:15','2025-05-10 14:19:15',0),(156,121,39,'2025-05-10 14:19:31','2025-05-10 14:19:30',0),(157,122,39,'2025-05-10 14:19:49','2025-05-10 14:19:49',0),(158,123,39,'2025-05-10 14:20:32','2025-05-10 14:20:31',0),(159,124,39,'2025-05-10 14:21:39','2025-05-10 14:21:38',0),(160,125,39,'2025-05-10 14:22:27','2025-05-10 14:22:26',0),(161,126,39,'2025-05-10 14:23:00','2025-05-10 14:23:00',0),(162,127,39,'2025-05-10 14:24:08','2025-05-10 14:24:07',0),(163,128,39,'2025-05-10 14:24:53','2025-05-10 14:24:53',0),(164,129,39,'2025-05-10 14:25:07','2025-05-10 14:25:07',0),(165,130,45,'2025-05-10 14:28:06','2025-05-10 14:28:06',0),(166,131,45,'2025-05-10 14:29:25','2025-05-10 14:29:25',0),(167,132,46,'2025-05-10 14:37:26','2025-05-10 14:37:25',0),(168,133,46,'2025-05-10 14:37:53','2025-05-10 14:37:52',0),(169,134,46,'2025-05-10 14:39:45','2025-05-10 14:39:45',0),(170,135,46,'2025-05-10 14:41:10','2025-05-10 14:41:15',1),(171,135,46,'2025-05-10 14:41:15','2025-05-10 14:41:14',0),(172,136,46,'2025-05-10 14:42:30','2025-05-10 14:42:30',0),(173,137,46,'2025-05-10 14:43:16','2025-05-10 14:43:15',0),(174,138,46,'2025-05-10 14:43:42','2025-05-10 14:43:42',0),(175,139,46,'2025-05-10 14:44:03','2025-05-10 14:44:03',0),(176,140,46,'2025-05-10 14:46:01','2025-05-10 14:46:00',0),(177,141,46,'2025-05-10 14:46:33','2025-05-10 14:46:33',0),(178,142,46,'2025-05-10 14:47:18','2025-05-10 14:47:18',0),(179,143,46,'2025-05-10 14:47:41','2025-05-10 14:47:40',0),(180,144,46,'2025-05-10 14:48:19','2025-05-10 14:48:18',0),(181,145,47,'2025-05-11 13:49:41','2025-05-11 13:49:40',0),(182,146,47,'2025-05-11 13:50:22','2025-05-11 13:50:22',0),(183,147,47,'2025-05-11 13:50:57','2025-05-11 13:50:57',0),(184,148,47,'2025-05-11 13:51:14','2025-05-11 13:51:14',0),(185,149,47,'2025-05-11 13:51:34','2025-05-11 13:51:33',0),(186,150,48,'2025-05-11 13:53:20','2025-05-11 13:53:19',0),(187,151,48,'2025-05-11 13:53:38','2025-05-11 13:53:38',0),(188,152,48,'2025-05-11 13:54:42','2025-05-11 13:54:41',0),(189,153,48,'2025-05-11 13:55:20','2025-05-11 13:55:19',0),(190,154,48,'2025-05-11 13:55:52','2025-05-11 13:55:51',0),(191,155,48,'2025-05-11 13:56:10','2025-05-11 13:56:10',0),(192,156,48,'2025-05-11 13:56:45','2025-05-11 13:56:44',0),(193,157,48,'2025-05-11 13:57:23','2025-05-11 13:57:22',0),(194,158,48,'2025-05-11 13:58:09','2025-05-11 13:58:08',0),(195,159,48,'2025-05-11 13:58:59','2025-05-11 13:58:59',0),(196,160,48,'2025-05-11 14:00:15','2025-05-11 14:00:14',0),(197,161,49,'2025-05-11 14:02:38','2025-05-11 14:02:38',0),(198,162,49,'2025-05-11 14:03:21','2025-05-11 14:03:21',0),(199,163,49,'2025-05-11 14:03:58','2025-05-11 14:03:57',0),(200,164,49,'2025-05-11 14:04:18','2025-05-11 14:04:18',0),(201,165,49,'2025-05-11 14:04:44','2025-05-11 14:04:43',0),(202,166,49,'2025-05-11 14:05:21','2025-05-11 14:05:21',0),(203,167,49,'2025-05-11 14:06:00','2025-05-11 14:06:00',0),(204,168,49,'2025-05-11 14:06:31','2025-05-11 14:06:31',0),(205,169,49,'2025-05-11 14:06:58','2025-05-11 14:06:58',0),(206,170,49,'2025-05-11 14:07:26','2025-05-11 14:07:26',0),(207,171,49,'2025-05-11 14:08:07','2025-05-11 14:08:07',0),(208,172,49,'2025-05-11 14:08:49','2025-05-11 14:08:49',0),(209,173,49,'2025-05-11 14:09:12','2025-05-11 14:09:12',0),(210,174,49,'2025-05-11 14:09:39','2025-05-11 14:09:39',0),(211,175,49,'2025-05-11 14:10:24','2025-05-11 14:10:24',0),(212,176,49,'2025-05-11 14:10:46','2025-05-11 14:10:46',0),(213,177,49,'2025-05-11 14:11:19','2025-05-11 14:11:19',0),(214,178,49,'2025-05-11 14:11:49','2025-05-11 14:11:48',0),(215,179,49,'2025-05-11 14:13:02','2025-05-11 14:13:02',0),(216,180,50,'2025-05-12 12:47:38','2025-05-12 12:47:38',0),(217,181,50,'2025-05-12 12:48:47','2025-05-12 12:48:47',0),(218,182,50,'2025-05-12 12:50:31','2025-05-12 12:50:30',0),(219,183,50,'2025-05-12 12:52:39','2025-05-12 12:52:39',0);
/*!40000 ALTER TABLE `topic_subject_topic` ENABLE KEYS */;
UNLOCK TABLES;

--
-- Table structure for table `web_config`
--

DROP TABLE IF EXISTS `web_config`;
/*!40101 SET @saved_cs_client     = @@character_set_client */;
/*!50503 SET character_set_client = utf8mb4 */;
CREATE TABLE `web_config` (
  `id` bigint NOT NULL AUTO_INCREMENT COMMENT 'id',
  `content` varchar(50) COLLATE utf8_bin DEFAULT NULL COMMENT '内容',
  `price` decimal(10,0) DEFAULT NULL COMMENT '价格',
  `url` varchar(255) COLLATE utf8_bin DEFAULT NULL COMMENT '图片资源',
  `status` tinyint DEFAULT NULL COMMENT '1.我的支付',
  `remark` varchar(50) COLLATE utf8_bin DEFAULT NULL COMMENT '备注',
  PRIMARY KEY (`id`)
) ENGINE=InnoDB AUTO_INCREMENT=2 DEFAULT CHARSET=utf8mb3 COLLATE=utf8_bin COMMENT='前端配置表';
/*!40101 SET character_set_client = @saved_cs_client */;

--
-- Dumping data for table `web_config`
--

LOCK TABLES `web_config` WRITE;
/*!40000 ALTER TABLE `web_config` DISABLE KEYS */;
INSERT INTO `web_config` VALUES (1,'可后台自定义题目，最大限度AI陪练，所有题目免费刷',58,'http://127.0.0.1:9000/topic/pay58.jpg',1,'支付完成后请联系我们根据交易号申请');
/*!40000 ALTER TABLE `web_config` ENABLE KEYS */;
UNLOCK TABLES;
/*!40103 SET TIME_ZONE=@OLD_TIME_ZONE */;

/*!40101 SET SQL_MODE=@OLD_SQL_MODE */;
/*!40014 SET FOREIGN_KEY_CHECKS=@OLD_FOREIGN_KEY_CHECKS */;
/*!40014 SET UNIQUE_CHECKS=@OLD_UNIQUE_CHECKS */;
/*!40101 SET CHARACTER_SET_CLIENT=@OLD_CHARACTER_SET_CLIENT */;
/*!40101 SET CHARACTER_SET_RESULTS=@OLD_CHARACTER_SET_RESULTS */;
/*!40101 SET COLLATION_CONNECTION=@OLD_COLLATION_CONNECTION */;
/*!40111 SET SQL_NOTES=@OLD_SQL_NOTES */;

-- Dump completed on 2025-06-23 22:25:51
